,ret_gross,ret_net,cost,gross_exposure,turnover,nav_gross,nav_net
2019-01-01,,,0.0,0,0.0,1,1
2019-01-02,,,0.0,0,0.0,1,1
2019-01-03,-0.008396563450786607,-0.008396563450786607,0.0,0.3296703296703296,0.0,0.9916034365492133,0.9916034365492133
2019-01-04,-0.0016221033120652041,-0.0019361024488600614,0.0003139991367948574,0.2325217178265221,0.47427995958476377,0.9899949533305316,0.9896835907074123
2019-01-05,-0.0029584935091830447,-0.003243526218431005,0.00028503270924796033,0.5173065810867278,0.2850327092479603,0.9870660596869791,0.9864735260330019
2019-01-06,-0.0026344621962355957,-0.0026930566238154595,5.859442757986368e-05,0.45871215350686406,0.058594427579863675,0.9844656714675465,0.9838168969695001
2019-01-07,-0.01272789374461591,-0.012728343488502526,4.4974388661708634e-07,0.45791123799515954,0.0014722473900100916,0.9719354970058856,0.9712945375750797
2019-01-08,0.0024729548883478283,0.0021880039983339203,0.0002849508900139081,0.23165352630567096,0.2877770655850975,0.9743390496443649,0.9734197339068539
2019-01-09,0.0009845816834335704,0.0009749834813466174,9.59820208695297e-06,0.18315172074285285,0.06293895607406064,0.9752983660260988,0.9743688020678298
2019-01-10,0.0016411215700786463,0.001631675277444684,9.446292633962373e-06,0.23050138201960854,0.06278080697704477,0.9768989492118467,0.9759586555532774
2019-01-11,-0.00511257388488497,-0.005121999920976748,9.426036091778425e-06,0.18335123608375495,0.0627659487362945,0.9719044811559346,0.970959795396657
2019-01-12,8.866722779691757e-05,-0.0001947893357044459,0.0002834565635013635,0.4086914945139204,0.2834565635013634,0.9719906572319621,0.970770662783116
2019-01-13,0.000462701770721295,0.0004188629088126372,4.3838861908657784e-05,0.4227416956268556,0.04383886190865778,0.9724403990301879,0.9711772826067193
2019-01-14,0.012657523009061327,0.012657508887405149,1.412165617818635e-08,0.4228175074797273,7.581185287176123e-05,0.9847490857558532,0.9834699676925599
2019-01-15,-0.014946002201471657,-0.014946076490237435,7.428876577724338e-08,0.42261584533519625,0.000278252482092099,0.9700310237522489,0.9687709503295756
2019-01-16,0.007944927395465895,0.00794365943063139,1.2679648345051547e-06,0.42439507096462215,0.0017792256294259735,0.97773784980731,0.976466536825283
2019-01-17,-0.0067003979920329144,-0.00670192206368619,1.5240716532754372e-06,0.4222759622984249,0.0021191086661972356,0.9711866170817266,0.9699223341976824
2019-01-18,2.0308321262839908e-05,1.9521757453480897e-05,7.865638093590095e-07,0.42336962097342723,0.0010936586750023036,0.9712063402515525,0.9699412687862393
2019-01-19,0.0017136787864498366,0.0017130439915216315,6.347949282050382e-07,0.42273482604522217,0.0006347949282050382,0.9728706759541071,0.9716028208488624
2019-01-20,-0.0056542911945545345,-0.005749811990138245,9.552079558371057e-05,0.4009723962759838,0.04352133660665369,0.9673697818576196,0.9660162872998935
2019-01-21,0.008427557453318574,0.00842728255508454,2.748982340336823e-07,0.4011154820692922,0.00014308579330847386,0.975522346272829,0.9741571795057835
2019-01-22,-0.0002075438217361284,-0.0006176862279979107,0.00041014240626178225,0.1855919734811164,0.21552350858817587,0.9753198826368945,0.9735554560320975
2019-01-23,-0.001485576933145595,-0.0015080061437927953,2.2429210647200327e-05,0.22817577004635592,0.06931462853487273,0.9738709699168109,0.9720873284230781
2019-01-24,0.0013392599845468407,0.0012091847860431246,0.00013007519850371613,0.6453096469542717,0.41713387690791565,0.9751752363369323,0.9732627616313126
2019-01-25,0.0025139312489541312,0.0024444977859223657,6.943346303176547e-05,0.46627328855225364,0.286329043712042,0.977626759836766,0.9756419002972411
2019-01-26,-6.939786462406031e-05,-7.151668423985454e-05,2.118819615794228e-06,0.46741251636466313,0.0011392278124094525,0.977558914627234,0.9755721256235264
2019-01-27,-0.00013207273647279234,-0.00013788736207377927,5.814625600986939e-06,0.4702612386079133,0.0028487222432501784,0.9774298057463159,0.9754376065566114
2019-01-28,-0.004038514650038447,-0.0040954417071160255,5.6927057077579004e-05,0.6482639606234298,0.27340345268980354,0.9734824411564251,0.9714427587000299
2019-01-29,0.005034379126395399,0.0049311685685855125,0.00010321055780988625,0.6580711997441452,0.45122592847192305,0.9783833208380954,0.9762331066979115
2019-01-30,0.0027766046641890915,0.002748393334698812,2.8211329490279558e-05,0.7384997744099727,0.08042857466582756,0.9810999045300992,0.9789161792614723
2019-01-31,0.005593122983473059,0.005575587319119566,1.753566435349332e-05,0.7109461653080039,0.043266158748383014,0.9865873169552098,0.9843742118970437
2019-02-01,0.003934127159244116,0.003930472801281073,3.654357963043471e-06,0.7059576050815014,0.01048353842379417,0.9904686769138091,0.9882432679631874
2019-02-02,-0.0006823613721456786,-0.0006894621864165192,7.1008142708406355e-06,0.7101074444187583,0.0041498393372568915,0.9897928193483628,0.9875619115989461
2019-02-03,-0.0015994237085997845,-0.0015997267323835198,3.030237837353944e-07,0.7102888644608184,0.00018142004206004626,0.9882097212464952,0.9859820824090776
2019-02-04,-0.0011613858801945251,-0.001184239886986109,2.2854006791583932e-05,0.6791245398772856,0.07133139216595175,0.9870620284295686,0.9848144430992352
2019-02-05,0.002468187089318934,0.0024540355569181876,1.4151532400746425e-05,0.6892769731001464,0.012440121503682273,0.9894982821844953,0.9872312127595674
2019-02-06,0.003532414093177764,0.0033885712588481113,0.0001438428343296528,0.9929233284261194,0.3079628959243215,0.9929935998616591,0.9905765160729623
2019-02-07,-0.002811859724008808,-0.0028386158952137005,2.6756171204892334e-05,0.9932979050473786,0.02131041328252573,0.9902014411520097,0.9877646498290121
2019-02-08,-0.0036877405240095945,-0.0038282027630901056,0.00014046223908051108,0.993647084985869,0.44875586891876257,0.9865498351705407,0.983983286467254
2019-02-09,-0.008009623192619473,-0.008010227076253694,6.038836342207393e-07,0.9933621430905524,0.00032445688320180063,0.9786479427300839,0.9761013569034129
2019-02-10,0.00014270720850938427,7.166104983163901e-06,0.00013554110352622037,0.9309018078655045,0.07431721143454616,0.9787876028461044,0.9761083517482108
2019-02-11,0.0032416374397875964,0.0032368863967144287,4.75104307316776e-06,0.9302165459960988,0.010151096687358505,0.9819604773850904,0.979267903593704
2019-02-12,0.0037144658515870536,0.0036942211982690554,2.0244653317998053e-05,0.9922276331042179,0.06201674548252595,0.9856079360459454,0.9828855358419444
2019-02-13,0.001961426563888926,0.001960485605051276,9.409588376500961e-07,0.9923545384440573,0.003580172734879201,0.9875411336332858,0.9848124687863756
2019-02-14,-0.000990780648402989,-0.001123702568443041,0.00013292192004005207,0.9927765731686169,0.4946674287276254,0.98656269698858,0.9837058324857656
2019-02-15,0.005638015454302393,0.0055060366683297455,0.0001319787859726479,0.9930010265834212,0.4871304550493526,0.9921249527208398,0.989122152870282
2019-02-16,0.00022747138318285616,0.0002272977333550545,1.7364982780165022e-07,0.9930853270967036,8.43005132821345e-05,0.9923506327561255,0.9893469780936407
2019-02-17,-5.326411805018089e-05,-5.92934363185542e-05,6.029318268373309e-06,0.9931018540510629,0.0035741077156000813,0.9922977760748751,0.9892883163115981
2019-02-18,0.00021684587537190982,0.000216797298753857,4.857661805282216e-08,0.9930771350158615,2.4719035201598884e-05,0.9925129517547577,0.9895027913462632
2019-02-19,0.002352963874180678,0.0023497789876116195,3.184886569058434e-06,0.9928989039428882,0.009701321805713235,0.994848298874893,0.9918279042135517
2019-02-20,0.0028849063696334432,0.002882581846918873,2.3245227145701205e-06,0.9935030944140564,0.007530242634761397,0.9977183430691362,0.9946869293255053
2019-02-21,-0.0025136036889853272,-0.002523493476867714,9.889787882386667e-06,0.9938634323146509,0.032342196782309346,0.9952104745614293,0.9921768433478267
2019-02-22,-0.0011996129317149444,-0.0011999338142669104,3.208825519660076e-07,0.9941918605332194,0.0012806553175497455,0.9940166072063672,0.9909862968037612
2019-02-23,0.00010110578554774616,0.00010080818699717442,2.9759855057173935e-07,0.9943317682701902,0.00013990773697053222,0.9941171080362864,0.991086196335681
2019-02-24,0.00038543249078701574,0.00037828665763496886,7.145833152046888e-06,0.9942493156780128,0.0036658824532361687,0.9945002730693708,0.991461111020321
2019-02-25,0.0058041259712811105,0.0057946533865752894,9.472584705820841e-06,0.9938317101738421,0.02985337026945075,1.000272477932739,0.9972062845049526
2019-02-26,-0.0034146503599465985,-0.003416756300615864,2.1059406692657715e-06,0.9937170109766016,0.007947266848040249,0.9968568971559213,0.9937990736493566
2019-02-27,-0.002397571039160139,-0.0024023147935841897,4.743754424050982e-06,0.9944607465415782,0.012697328953788502,0.9944668619291132,0.9914116554328785
2019-02-28,-0.0009527349750167359,-0.0009554474312155639,2.712456198828049e-06,0.9940899089342864,0.009489259096971054,0.9935193985682582,0.990464413713418
2019-03-01,-0.0025887921602011483,-0.0027115806902188884,0.00012278853001774004,0.9938279855284762,0.4823028052973525,0.990947383338237,0.9877786895348437
2019-03-02,0.00021090532112786288,0.00020755098628358988,3.354334844272995e-06,0.9922674089243255,0.0015605766041505362,0.9911563794143408,0.9879837039760866
2019-03-03,-5.6956177563430805e-05,-7.511723265946679e-05,1.8161055096035977e-05,0.9941619690295163,0.008634084708920148,0.9910999269356018,0.9879094893743312
2019-03-04,-0.0006645446355619801,-0.000784860226350565,0.0001203155907885849,0.9955997985265069,0.4881086889685785,0.9904412967958509,0.987134118508887
2019-03-05,-0.006036613453588406,-0.00613167380807184,9.506035448343418e-05,0.9934736560152351,0.3313550163378748,0.9844623855386235,0.9810813340893719
2019-03-06,-0.009858940651315299,-0.010075195392868105,0.00021625474155280644,0.9934433420614255,0.1854849305362747,0.9747566293061459,0.9711967479521258
2019-03-07,-0.005641165602358339,-0.005856577736353131,0.00021541213399479297,0.992926286847776,0.18493756136881553,0.9692578657382332,0.9655088587004508
2019-03-08,-0.007097702658111361,-0.0070994394348519166,1.7367767405547142e-06,0.9920006233017444,0.003078501609000909,0.9623783616081876,0.9586542870342939
2019-03-09,-0.00039792546328189465,-0.00040410233396707306,6.176870685178399e-06,0.9946542036977557,0.0026535803960111588,0.9619954067527922,0.9582668925994359
2019-03-10,0.0005862981262871143,0.0005706415239882936,1.565660229882068e-05,0.9918812770405401,0.006903823530854856,0.9625594228572683,0.9588137194794164
2019-03-11,0.010204737994495098,0.010093496767841409,0.00011124122665368847,0.9883015434564317,0.32269200165503753,0.9723820895716592,0.9684915026579439
2019-03-12,0.01005385825147514,0.009945643837927816,0.00010821441354732437,0.9903562579753925,0.3205183809983865,0.9821582812664857,0.9781237742034393
2019-03-13,0.003767995014280444,0.003756131587361466,1.1863426918977896e-05,0.9916052382990292,0.03446770525078724,0.985859048773532,0.9817977358080742
2019-03-14,0.0012511992432045719,0.0011571219328590818,9.407731034549e-05,0.9924568185980845,0.3100689963506018,0.9870925548692637,0.982933795501809
2019-03-15,0.0030178296252422712,0.003016524613359647,1.3050118826244082e-06,0.9927716868005427,0.005879695989785847,0.9900714320242043,0.9858988394892432
2019-03-16,0.00018764263059618014,0.00018750755649303043,1.3507410314970874e-07,0.9928313445959118,5.965779536895675e-05,0.9902572116321875,0.9860837029715851
2019-03-17,0.00027885013770458404,0.00027130174464228945,7.548393062294588e-06,0.9930568055425261,0.0037319009866714076,0.9905333449920142,0.9863512292005646
2019-03-18,0.0007237069504625763,0.0007200525233595932,3.6544271029831032e-06,0.9936093738386547,0.0094166355093061,0.99125020085845,0.9870614538920692
2019-03-19,0.002653311957348527,0.002652637099343042,6.748580054851314e-07,0.9936739394955239,0.0021879892275400163,0.993880296869112,0.9896797697239947
2019-03-20,0.0030827662796864106,0.003079593265077004,3.1730146094065185e-06,0.9933324094761592,0.008990083595431766,0.9969441975343447,0.9927275808774196
2019-03-21,-0.0008883740928756731,-0.0008970765416141149,8.70244873844179e-06,0.9936038352384845,0.02465941048675409,0.9960585381372125,0.9918370282524012
2019-03-22,0.0077505408691097444,0.007748227565594846,2.3133035148980034e-06,0.9939167829598875,0.007949381094477109,1.0037785305450706,0.9995220072552842
2019-03-23,0.00019277741569645858,0.000192599684028219,1.777316682395893e-07,0.9940013624257026,8.45794658151564e-05,1.0039720363761206,0.9997145148780607
2019-03-24,0.00020238698741680504,0.000179850815786426,2.2536171630379036e-05,0.9941450191486018,0.011396535628178288,1.0041752272520135,0.9998943143491151
2019-03-25,-0.010530037002512925,-0.010533707289000405,3.670286487481176e-06,0.9939268783301092,0.012693642537799265,0.993601224952043,0.9893617203218258
2019-03-26,0.005512568060409761,0.005507091097722399,5.476962687361917e-06,0.9944553048216486,0.019492228981540557,0.9990785193294976,0.9948102254442375
2019-03-27,0.0014056777453334425,0.0013932281151751874,1.2449630158255162e-05,0.9935932437175681,0.03545097369052497,1.00048290176996,0.9961962230195901
2019-03-28,-0.0016089270881190013,-0.0016122828913290753,3.355803210074094e-06,0.9941349576019269,0.01288575818158389,0.9988731977281023,0.994590072892809
2019-03-29,0.004241006201348126,0.004238777790442207,2.22841090591845e-06,0.9942767886141743,0.006980113190492111,1.0031094251540276,0.9988059192043813
2019-03-30,0.00020652771679805843,0.0002064896137668974,3.810303116103591e-08,0.9942560028672462,2.078574692810243e-05,1.0033165950533032,0.9990121622528658
2019-03-31,1.6067005594528845e-05,6.451327719249592e-06,9.615677875279254e-06,0.995739241477391,0.005366844238627371,1.003332715346649,0.99901860720772
2019-04-01,0.004222596170358911,0.004219666493536198,2.929676822712927e-06,0.9958323219910631,0.010494040665741347,1.0075693842280673,1.0032341325509735
2019-04-02,0.00488726892407723,0.004806180164009351,8.108876006787869e-05,0.9947587943480168,0.24495352969796869,1.0124936467684569,1.008055856538697
2019-04-03,0.005924085482221742,0.005914313434180587,9.772048041154651e-06,0.994985659622867,0.03197584573019734,1.0184917456821196,1.0140178148334282
2019-04-04,-0.0018720969785296793,-0.0018740408201334113,1.9438416037320107e-06,0.9953895264063408,0.006256661971052948,1.0165850303623707,1.012117504056088
2019-04-05,0.004360848538947504,0.004358167289334881,2.6812496126228913e-06,0.995884658340534,0.006230808501118924,1.0210182037067423,1.0165284814552284
2019-04-06,0.00045383099175711394,0.00045374997251171545,8.101924539848494e-08,0.9959267418947967,4.208355426265362e-05,1.0214815734107328,1.016989731225746
2019-04-07,2.7436450003534805e-05,2.3002473627206307e-06,2.5136202640814174e-05,0.9957161038202897,0.012824006201926526,1.0215095992388512,1.0169920705536935
2019-04-08,-0.0020552247886567758,-0.0020557266002415695,5.018115847936854e-07,0.9954342604185102,0.0010362695587709247,1.0194101673886447,1.0149014129020215
2019-04-09,-0.0021016434999276486,-0.002112358375015649,1.071487508800072e-05,0.9959659967097461,0.03386632005889863,1.017267730636592,1.0127575774026627
2019-04-10,0.0008533641439368863,0.0008515288456345609,1.835298302325408e-06,0.995959966688227,0.005761036111201013,1.0181358304427015,1.013619969693456
2019-04-11,0.0009393526188411156,0.0009373966596006632,1.955959240452359e-06,0.9957818140781869,0.00481982112467674,1.0190922190013638,1.0145701336671513
2019-04-12,-0.0010493495606822634,-0.0011295304433204994,8.018088263823584e-05,0.9958538424404513,0.2539130580733697,1.01802283502906,1.0134241458142905
2019-04-13,1.1642386102781492e-05,8.361893932521627e-06,3.280492170259865e-06,0.9973183945443622,0.001464552103911024,1.018034687243967,1.0134326199595065
2019-04-14,-3.452596655310831e-05,-4.4507746046219586e-05,9.981779493111276e-06,0.9970896259032205,0.0043086525622359146,1.0179995386124052,1.0133875143578224
2019-04-15,-0.00030074023230515945,-0.000374980884226836,7.424065192167651e-05,0.9957072373136608,0.2526026978460744,1.0176933851946763,1.013007513411624
2019-04-16,0.0009463271160314187,0.0009372057965556839,9.12131947573479e-06,0.9957986177442077,0.03162166720795143,1.018656456040892,1.013956909925148
2019-04-17,0.0064803039971797,0.006477077326530191,3.226670649508074e-06,0.9958005988484628,0.012840095533104407,1.0252576595447267,1.0205243872365026
2019-04-18,-0.0028847527056715763,-0.0032678609690420884,0.0003831082633705121,0.9958770819555519,1.24661298639356,1.0223000447373445,1.0171894554234968
2019-04-19,3.020817900309851e-05,3.0199505070349005e-05,8.673932749505991e-09,0.9958733568941659,3.725061386091952e-06,1.0223309265600908,1.0172201740416136
2019-04-20,-2.1992214483133066e-05,-2.2305367900851423e-05,3.1315341771835755e-07,0.9960081105551938,0.0001347536610275422,1.0223084432390812,1.0171974845713954
2019-04-21,6.7202209922699515e-06,1.945367014105047e-06,4.774853978164904e-06,0.9960125431246013,0.002376624803481849,1.022315313377742,1.0171994633938286
2019-04-22,-0.0025220668663321674,-0.002533094538985428,1.102767265326081e-05,0.9966005652689135,0.03596737447291278,1.0197369657989281,1.0146228009880467
2019-04-23,0.004701444539393087,0.0046988520881318325,2.592451261254572e-06,0.9956379155678833,0.009974309715551986,1.0245312025884008,1.0193903634551356
2019-04-24,0.005161393230923597,0.005153307225278818,8.086005644778756e-06,0.9948562139447967,0.03127709072660471,1.0298192110023106,1.0246435951805084
2019-04-25,-0.00237428039628217,-0.002378717777637295,4.437381355125082e-06,0.9962063833580477,0.01612195494001219,1.027374131437913,1.0222062572449102
2019-04-26,-0.0009912590988161388,-0.0009964779390600922,5.218840243953414e-06,0.9976860048088719,0.018666775126094916,1.0263557374822367,1.0211876512603966
2019-04-27,6.08388112481604e-05,6.061240003905691e-05,2.2641120910349008e-07,0.9978044509524057,0.00011844614353393726,1.026418179745223,1.0212495478948298
2019-04-28,-2.3823786013857153e-05,-2.9391431352560743e-05,5.56764533870359e-06,0.9980751293312217,0.003295541802275334,1.026393726578148,1.021219531908849
2019-04-29,0.003472888169468464,0.0034713559776064526,1.5321918620114488e-06,0.9972555514516729,0.005445899684685546,1.029958277208398,1.0247645484353893
2019-04-30,-0.0018961056818939718,-0.0020204073446608325,0.00012430166276686065,1.0000000000000002,0.12480563998327031,1.0280053674668692,1.0226941066151825
2019-05-01,0.008907367065614827,0.008888229888761085,1.913717685374323e-05,0.997715368704105,0.03198432527919226,1.0371621886203188,1.0317840469406594
2019-05-02,-0.007540181727431374,-0.007552690483869014,1.2508756437640754e-05,0.9971008494261273,0.02550089296094241,1.0293417972373011,1.023991301387923
2019-05-03,0.004694187940473662,0.004682322850253632,1.1865090220030215e-05,0.9997880475584353,0.019695521265618007,1.0341737210885178,1.0287859592568727
2019-05-04,0.0031397209498432387,0.00312406099761823,1.5659952225008815e-05,1.0000000000000004,0.015708685721154858,1.0374207379863967,1.0319999493470844
2019-05-05,-0.0014130582762442994,-0.00141486931127177,1.811035027470683e-06,0.9999999999999997,0.0018412816788722997,1.0359548020266376,1.030539804289519
2019-05-06,-0.00893234390635849,-0.008954878129255625,2.2534222897134897e-05,0.9930965316371365,0.056863640448859984,1.0267012974634921,1.0213114459347594
2019-05-07,0.004109986295624797,0.004059769808207541,5.021648741725551e-05,0.9999999999999998,0.05014566190963193,1.0309210257257673,1.025457735307742
2019-05-08,-0.00822123750769747,-0.00826069168321189,3.9454175514421057e-05,0.9967646668491532,0.07515612562497007,1.0224455791215967,1.0169867451222
2019-05-09,-0.0027069724236602347,-0.0027171164800003566,1.01440563401221e-05,0.9980006058902117,0.013349722635770476,1.0196778471342212,1.0142234736770865
2019-05-10,-5.686672096562825e-05,-6.830845210313135e-05,1.144173113750311e-05,0.9955859218860638,0.03174637659105516,1.0196198613986134,1.014154193641513
2019-05-11,0.002904406465112948,0.002902839993360594,1.5664717523544462e-06,0.9965438607827433,0.0009579388966794288,1.0225812519160171,1.01709812099425
2019-05-12,0.009651279670340166,0.00964507192551712,6.2077448230468565e-06,0.996605762659516,0.003538408705224967,1.0324504695639052,1.0269081055265479
2019-05-13,-0.00484548941983228,-0.005027432759029318,0.00018194333919703803,0.8963958888972474,0.11495523882661594,1.0274477417371324,1.021745394076311
2019-05-14,0.00542597000696731,0.005297377286973937,0.00012859271999337315,0.9650651572409203,0.07622560250597077,1.0330226423675242,1.0271579649199611
2019-05-15,0.001254821119366369,0.0010713116507330088,0.0001835094686333602,0.9969992779471746,0.23123579555804036,1.0343189009959506,1.0282583712149231
2019-05-16,0.009750627770360553,0.009692223441199863,5.840432916069001e-05,0.9985645351276238,0.19779299278909337,1.0444041595954106,1.0382244811040224
2019-05-17,-0.0008064982761465917,-0.0008089203908311274,2.422114684535732e-06,0.9989502355091332,0.008189782462722166,1.0435618494410965,1.0373846401509974
2019-05-18,-0.0041466999046077275,-0.004311492027398381,0.00016479212279065428,0.9999999999999997,0.13169331142101753,1.039234511619567,1.0329119645456408
2019-05-19,-0.0005121842498451277,-0.0005194465162577684,7.26226641264071e-06,0.9999999999999998,0.0033151669614596684,1.03870223207082,1.0323754220240566
2019-05-20,0.004766295174710002,0.004750417824449132,1.5877350260869723e-05,0.9941906124906875,0.050146609479439386,1.0436529935074996,1.037279636630363
2019-05-21,0.001979739432926943,0.001971287051368913,8.452381558029773e-06,0.9935974704798782,0.00580502092120296,1.0457191544930386,1.039324412546701
2019-05-22,-3.954790883086526e-05,-6.306098153401098e-05,2.3513072703145713e-05,0.9997130547511959,0.029967113170527745,1.045677798487254,1.0392588717291136
2019-05-23,-0.004520724066077796,-0.004531697111956349,1.0973045878553123e-05,0.9999999999999998,0.032943865605035504,1.0409505776982695,1.0345492653015238
2019-05-24,0.0025621458427204603,0.0025612844008932743,8.61441827185832e-07,0.9999887209254019,0.002764133457470577,1.0436176448933967,1.0371990401966962
2019-05-25,0.0022184750832436925,0.0022182439968370764,2.3108640661587448e-07,1.0000000000000002,0.00016038527888326466,1.0459328846350262,1.0394998007411376
2019-05-26,-0.0002887276229862693,-0.00029670458305366124,7.976960067391956e-06,0.9995664832044018,0.0036804930189554943,1.0456308949194424,1.0391913763861744
2019-05-27,0.0022550906020548087,0.0022530196798939695,2.070922160839311e-06,0.9986721550181049,0.000894328186296949,1.0479888873237935,1.0415326950083486
2019-05-28,0.0021270954266738883,0.0021173942959909187,9.701130682969441e-06,0.9967711732537592,0.013491170597959555,1.050218059693225,1.0437380303958472
2019-05-29,-0.0074681479748546584,-0.007471871133931586,3.7231590769279885e-06,0.9971916991494593,0.008255912179734978,1.0423748758175713,1.0359393543351458
2019-05-30,-0.0008449389606708549,-0.0008494031422133416,4.464181542486702e-06,0.9999999999999998,0.00948559127134336,1.0414941326733687,1.0350594241924311
2019-05-31,-0.008538120846312705,-0.008562046478864419,2.3925632551713414e-05,0.9978791063048241,0.03317262898472111,1.0326017299078778,1.0261971972941089
2019-06-01,0.0028404696918486487,0.0028398027923631176,6.66899485531104e-07,0.9975860776404752,0.00029302866434881714,1.0355348038254317,1.0291113949604997
2019-06-02,-0.000756978111292162,-0.0007963934286860892,3.9415317393927195e-05,0.9864198632232034,0.01725737359550153,1.0347509266454546,1.0282918174081672
2019-06-03,0.0014599044908614773,0.0014571608550254858,2.7436358359915e-06,0.9856378829339971,0.004744742377166983,1.0362615641701873,1.0297902039920375
2019-06-04,-0.0008591193541442456,-0.0009242677770645693,6.514842292032362e-05,0.9937233116392158,0.21123858768759923,1.0353712918044529,1.0288384020893508
2019-06-05,0.006537003052073889,0.006526939392948165,1.0063659125723814e-05,0.9962574724477775,0.028418143050485144,1.0421395170990082,1.0355535679849257
2019-06-06,0.0034488243847622274,0.003338978798581274,0.00010984558618095346,0.9959770546375004,0.0896891805929828,1.0457336732779035,1.0390112593932226
2019-06-07,0.007072817279995715,0.006961885172647077,0.00011093210734863797,0.9981205533981646,0.10111805671664571,1.0531299564725367,1.0462447364742058
2019-06-08,0.0010033326025078461,0.001002745318632642,5.872838752040811e-07,0.9984104241927367,0.00028987079457195577,1.0541865960925432,1.0472938534858491
2019-06-09,-0.0007082029417567101,-0.0007489380473647635,4.0735105608053365e-05,0.9999999999999998,0.025619177598016435,1.05344001804403,1.0465094952722023
2019-06-10,-6.916891950253676e-05,-7.145693171585935e-05,2.2880122133225854e-06,0.9999999999999999,0.007040315216671827,1.0533671527362212,1.0464347149146587
2019-06-11,0.0017218681198429388,0.0014968701431644102,0.00022499797667852855,0.9468700749050319,0.5340419651138173,1.0551809120550075,1.048001091796185
2019-06-12,-0.002855186576581796,-0.0030629698643313765,0.00020778328774958042,0.9999282668910398,0.5310935324725974,1.0521681736790427,1.0447910960342268
2019-06-13,0.005084628371884805,0.005062958373938497,2.1669997946308606e-05,0.9999999999999999,0.055245409113048594,1.0575180578269254,1.0500808298629098
2019-06-14,0.003090822870835562,0.003088451152573796,2.3717182617661122e-06,0.9990506932256651,0.0043785152687929145,1.0607866588263783,1.0533239532121956
2019-06-15,-0.0002834773946683466,-0.00028379875342221956,3.2135875387296406e-07,0.9990333453391187,0.00013701581046888524,1.0604859497880352,1.0530250211873242
2019-06-16,0.0010948123387135925,0.0010916654889486645,3.146849764927908e-06,0.999805652208537,0.001497795682561764,1.0616469828908954,1.0541745722619538
2019-06-17,0.0007973233618643441,0.0007938622474169108,3.4611144474332232e-06,1.0000000000000002,0.010736782946436063,1.062493458832407,1.0550114416570593
2019-06-18,0.007267854869294946,0.007258451967509421,9.40290178552515e-06,0.9998162199193217,0.03177779826970179,1.0702155070907764,1.0626691915314999
2019-06-19,-0.0009518824913030991,-0.000956237106685702,4.354615382602903e-06,1.0,0.011915886587472415,1.0691967876876556,1.0616530278184257
2019-06-20,0.009005498549111457,0.008994560218833794,1.0938330277662506e-05,0.9999999999999996,0.031082430291522804,1.0788254378078914,1.0712021299086458
2019-06-21,0.0008574828162319785,0.0008519942663341957,5.488549897782822e-06,0.9996827058362322,0.016290909184160846,1.0797505120825257,1.0721147879814128
2019-06-22,0.0023621742368181028,0.0023367183096934924,2.5455927124610156e-05,0.9999999999999998,0.02128251884132691,1.0823010709243581,1.074620018236582
2019-06-23,0.0030060712167570623,0.002999296412636672,6.774804120390369e-06,1.0000000000000002,0.0038496609576019383,1.0855545450215291,1.0778431222022264
2019-06-24,0.0005447395108304907,0.00042944608763434964,0.00011529342319614098,0.9991274036943106,0.4470105978259735,1.086145889473364,1.0783059977141398
2019-06-25,0.002493341188653712,0.0024895169597416705,3.824228912041782e-06,0.99821185170795,0.007766133715227449,1.0888540217564748,1.0809904587832404
2019-06-26,-0.004573898329712005,-0.0045773976045414095,3.4992748294042267e-06,1.0,0.010115889496817508,1.0838737141650627,1.0760423356466737
2019-06-27,-0.0006367406014337175,-0.0006610041243233765,2.4263522889659002e-05,0.9999999999999999,0.05411939220613881,1.083183567764427,1.0753310672248648
2019-06-28,0.003433226922248058,0.0032973522284842557,0.00013587469376380245,0.998688751679639,0.11084348680516094,1.0869023827510127,1.078876812515737
2019-06-29,0.0029331237825169897,0.002813991059129583,0.0001191327233874069,1.0000000000000002,0.10312967405493766,1.090090401979134,1.0819127622200586
2019-06-30,0.0015602917797897203,0.0015516816756512136,8.610104138506596e-06,0.9999999999999999,0.0039022212360955025,1.0917912610725697,1.0835915464278485
2019-07-01,0.0013728741063555913,0.0013669147314319093,5.959374923681901e-06,0.9975545731548535,0.00707383557323989,1.0932901530244417,1.0850727236755158
2019-07-02,-0.001782581566328628,-0.0017842784561879913,1.6968898593632132e-06,0.9988897096942031,0.003116109265229371,1.0913412741510118,1.0831366517912644
2019-07-03,0.006960199804823369,0.006948134143436922,1.2065661386446943e-05,1.0,0.028318066828410607,1.0989372274743534,1.0906624305435833
2019-07-04,0.0018708247640191655,0.0018707977630834686,2.7000935697014883e-08,0.9999967351305428,1.219819127366617e-05,1.100993146453615,1.0927028393789233
2019-07-05,-0.00511333087452344,-0.0051325623661533796,1.9231491629939608e-05,0.9999999999999998,0.017648090438361304,1.095363404205215,1.087094473908138
2019-07-06,-0.0003257746864752118,-0.000325900115868906,1.2542939369423662e-07,0.9999999999999998,0.00010071213186163536,1.0950065625356336,1.086740189693131
2019-07-07,0.0003828529138474692,0.00036484002634248793,1.8012887504981252e-05,0.9971427712299411,0.012990916655025796,1.0954257889887824,1.087136676012566
2019-07-08,0.0010513646945212252,0.0010405524394822663,1.0812255038958859e-05,0.9917891711532022,0.03557656453025251,1.0965774809887932,1.0882678987328416
2019-07-09,-0.00048412551775658437,-0.0005808030037126927,9.667748595610838e-05,0.998024472888512,0.3836738338825909,1.0960465998480493,1.0876358294684134
2019-07-10,0.00438244698444755,0.004375556873209472,6.890111238078669e-06,0.998880566683937,0.02270979811485952,1.1008499659643673,1.0923948418975928
2019-07-11,-0.0023824344085292427,-0.002383722675559403,1.2882670301604107e-06,0.9987193982374301,0.004272958756066552,1.0982272631268255,1.0897908755422974
2019-07-12,-0.004584100988580039,-0.004587451967075942,3.3509784959036654e-06,1.0,0.008674002778845103,1.0931928784442402,1.0847915122465894
2019-07-13,0.003048296430572946,0.0030451670285316277,3.129402041318182e-06,0.9999999999999998,0.0026177793880795474,1.0965252543935295,1.0880948835925137
2019-07-14,-0.0015258932162418644,-0.001531922123324264,6.028907082399553e-06,0.9986079983221472,0.00400978106593225,1.0948520739464125,1.0864280069680623
2019-07-15,-0.003836118866765541,-0.003838513474073485,2.3946073079434916e-06,0.996658282517505,0.008189569977677436,1.0906520912492292,1.0822577384247045
2019-07-16,3.5527860192884526e-05,-7.820346307705421e-05,0.00011373132326993873,0.9480216652000529,0.0728105874067607,1.0906908397842463,1.0821731021216177
2019-07-17,-0.0014936271283602534,-0.0015122112509207276,1.858412256047429e-05,0.9968891690010464,0.06010286893181644,1.0890617543572905,1.0805366277811457
2019-07-18,-0.00354888281024649,-0.0035497447724085417,8.619621620520092e-07,0.9968979775886836,0.003582211609670062,1.085196801817955,1.0767009985352836
2019-07-19,0.006514842652689571,0.006513112136533533,1.7305161560375057e-06,0.9964195786299396,0.005016493746420057,1.0922666882290009,1.0837136728762615
2019-07-20,-6.871730437911137e-05,-7.033257328335249e-05,1.6152689042411241e-06,0.997055130343393,0.0006355517134534214,1.0921916306065227,1.0836374525049457
2019-07-21,0.00018486717541450385,0.00017676124801233823,8.105927402165628e-06,0.997033475419032,0.003413778489314235,1.0923935409882843,1.0838289976134434
2019-07-22,-0.005553126182269886,-0.005743449006705462,0.00019032282443557632,0.9999999999999998,0.39089939332289964,1.0863273418144799,1.077604081033662
2019-07-23,0.0026992537093213868,0.002572338430720387,0.0001269152786009998,0.9972982264115461,0.10072211863230038,1.0892596149214098,1.080376043424406
2019-07-24,-0.0001923665007939507,-0.0002917012362056751,9.933473541172438e-05,0.99572996723471,0.39713075399052344,1.0890500778608312,1.0800608963969722
2019-07-25,0.001709635568049374,0.0017090935383009649,5.42029748409034e-07,0.9964842775721194,0.0016333798553525999,1.090911956609329,1.081906821495976
2019-07-26,0.0017414234613899824,0.0017412273567772776,1.9610461270486698e-07,0.9964224607579378,0.0006964863842057105,1.0928116962848793,1.0837906672510487
2019-07-27,1.1685746280153703e-05,1.1655972529707575e-05,2.9773750446127514e-08,0.9964356568193784,1.3196061440381253e-05,1.0928244666050941,1.083803299885294
2019-07-28,-0.00015758925376187225,-0.000170898764584237,1.3309510822364736e-05,0.9964813325863161,0.005977388178463336,1.0926522492129092,1.0836180792402914
2019-07-29,0.003150633505930251,0.003150072989599945,5.605163303064293e-07,0.9970268742912914,0.0018952739862663054,1.0960947959996092,1.0870315552827483
2019-07-30,-0.0022293172677993398,-0.0022351925063647,5.87523856536027e-06,0.9972284982758669,0.014151642256623447,1.0936512529437423,1.0846018304961984
2019-07-31,-0.0005178090638841664,-0.0005276780016215416,9.868937737375133e-06,0.9984928170224807,0.03716678913045881,1.0930849504122397,1.084029509969727
2019-08-01,-0.005690698768425903,-0.00569917694023776,8.478171811857187e-06,0.9977806724475285,0.023349856491537504,1.086864533231144,1.0778514339839702
2019-08-02,-0.005007124349318019,-0.00500781126532961,6.869160115907028e-07,0.9976141981472617,0.002687276530785176,1.081422467362392,1.0724537574305137
2019-08-03,0.00020100614631086156,8.431757719058654e-05,0.00011668856912027501,0.9999999999999997,0.09727065225458373,1.0816398399250906,1.0725441841329892
2019-08-04,0.0002327190172436397,0.00021116953213384186,2.154948510979783e-05,0.9999999999999998,0.012177821371518268,1.0818915580856494,1.0727706727865456
2019-08-05,-0.008730565343987695,-0.008747372998725236,1.6807654737540108e-05,1.0,0.027741326558059692,1.072446033142674,1.0633867475695884
2019-08-06,-0.0020435213629533527,-0.0020500623866925565,6.541023739203826e-06,0.9941736696136232,0.009993590413375142,1.0702544667633322,1.0612067383958885
2019-08-07,-0.0003226894304551712,-0.0007437508460074073,0.00042106141555223604,0.9915052965192973,0.9466653908937362,1.0699091069590103,1.0604174649864178
2019-08-08,0.008982337978220583,0.008579140868862429,0.00040319710935815436,0.9908375515091858,0.9129611166984174,1.0795193921636923,1.0695149357983382
2019-08-09,0.006444291969092838,0.006426715108868826,1.7576860224011512e-05,0.9907847304229035,0.04692950662867931,1.0864761303130928,1.0763884035953943
2019-08-10,-0.0027610432788792326,-0.0027674865929170063,6.443314037773918e-06,0.9946955253710981,0.003910794948194492,1.083476322695829,1.0734095131196728
2019-08-11,0.000473798101752374,0.0004623441015271818,1.1454000225192212e-05,0.9956077117559657,0.00701358421911161,1.083989671720816,1.073905797676587
2019-08-12,-0.0015503974263550745,-0.0015591445180200498,8.747091664975292e-06,0.9931578743644287,0.02025292628493487,1.0823090569235845,1.0722314233392694
2019-08-13,-0.003541493654308863,-0.003544982638893715,3.48898458485244e-06,0.9935763072601002,0.00699218088236841,1.0784760662664885,1.0684303815586553
2019-08-14,0.0008060349522823967,0.0008004845638050677,5.550388477329025e-06,0.9944283468407147,0.012955503735535199,1.0793453556710995,1.0692856435865934
2019-08-15,-0.006963327619114879,-0.00709893150835843,0.00013560388924355063,0.9933021621142907,0.12873222222821182,1.0718295203453916,1.0616948580399013
2019-08-16,0.0027524884254927313,0.00238857030326832,0.00036391812222441106,0.993557684408264,0.981516560376898,1.0747797186942438,1.064230790848948
2019-08-17,-0.00026193675986939727,-0.0002623521680485205,4.1540817912323514e-07,0.993372476693529,0.00018520771473498187,1.0744981943771557,1.0639515875936647
2019-08-18,9.315506828835617e-05,7.085181141766853e-05,2.2303256870687637e-05,0.9867775708829384,0.01062340476797047,1.0745982893298285,1.0640269704909064
2019-08-19,0.003207479845120878,0.0032027227224686932,4.757122652184404e-06,0.9847853694834775,0.011721564957782975,1.0780450416844554,1.0674347538466171
2019-08-20,0.0012253859631256735,0.0008750946781486787,0.0003502912849769948,0.9917500373301035,0.9697002492843846,1.0793660629461528,1.0683688603189792
2019-08-21,-8.28786619866469e-05,-0.0002358709027826811,0.0001529922407960342,0.9923305155639618,0.17072972818032053,1.079276606531062,1.0681168631913909
2019-08-22,-0.0018384964459898492,-0.0018409212166001633,2.4247706103140256e-06,0.9926927192566983,0.00573297921251591,1.0772923603257145,1.0661505441961334
2019-08-23,-0.002983391179222429,-0.0031218396878481994,0.00013844850862577024,0.9926656925938293,0.1328577197619204,1.074078375800475,1.062822193114041
2019-08-24,6.952622943100929e-05,6.950572253392232e-05,2.0506897086966312e-08,0.992655139247677,1.0553346152214482e-05,1.0741530524200578,1.0628960653384985
2019-08-25,-0.0004069856583961465,-0.00043519514908448026,2.8209490688333783e-05,0.9993072303189849,0.014487815561194765,1.0737158875328003,1.0624334981268821
2019-08-26,-0.006273721499710945,-0.006274528204095955,8.067043850106866e-07,0.998449800755244,0.001109544696771134,1.0669796930846045,1.0557672291779088
2019-08-27,0.0029408852948537593,0.002614984228785642,0.0003259010660681173,0.9908933070706974,0.9835417245411984,1.0701175579739046,1.0585280438314777
2019-08-28,-0.00347507983591332,-0.003786536884770204,0.00031145704885688356,0.9892155156016617,0.9452455584193742,1.0663988140261327,1.0545198883499463
2019-08-29,0.010766180604257158,0.010764979743248387,1.2008610087713872e-06,0.9896285431144946,0.0036597060486365292,1.0778798562541037,1.065871773586886
2019-08-30,0.004713975137034574,0.004707868111239981,6.107025794593303e-06,0.9886090996886227,0.015683937753524994,1.082960955097196,1.0708897573204263
2019-08-31,0.00025022323282420213,0.00024953101265789724,6.922201663048866e-07,0.9889692548975652,0.0003601552089425057,1.083231937088403,1.0711569775260155
2019-09-01,-2.3139505773600613e-05,-3.529663820784702e-05,1.2157132434246411e-05,0.9889942219213449,0.007191814133671455,1.0832068716367405,1.0711191692857158
2019-09-02,-4.9772048691631006e-05,-4.985108966261734e-05,7.904097098633413e-08,0.988953948781183,4.0273140161687336e-05,1.0831529582115822,1.0710657728279684
2019-09-03,-0.004008841132520422,-0.0040181630516402415,9.321919119819688e-06,0.9916242064109937,0.030647844660260347,1.0788107700798923,1.0667620559137145
2019-09-04,0.005752212381457553,0.005607097731041279,0.00014511465041627388,1.0,0.14370227244457343,1.0850163187487956,1.0727434950169892
2019-09-05,0.0029528917838613994,0.002925500384552854,2.7391399308545138e-05,0.9920187780821177,0.053986854602405675,1.0882202545217845,1.0758818065241877
2019-09-06,0.0012564107844123045,0.00125084516668971,5.565617722594596e-06,0.9938560287079286,0.011919280549175328,1.0895875061853817,1.077227568081808
2019-09-07,-0.001921903285608162,-0.0019336195231780826,1.1716237569920399e-05,0.996331622839304,0.006026058151903683,1.0874934243772865,1.0751446198252594
2019-09-08,0.000210099509447642,7.364030635550077e-05,0.0001364592030921412,0.910102152017327,0.08622947082197717,1.0877219062122756,1.0752237938044398
2019-09-09,0.0010294614478972995,0.0008897197859530625,0.0001397416619442371,0.9963432755783306,0.09926819358598522,1.0888416739807547,1.076180441688115
2019-09-10,-0.006867742129092791,-0.006883829631931955,1.608750283916449e-05,0.9999999999999998,0.01952797827195631,1.081363790144445,1.0687721988743168
2019-09-11,0.0009191381182081965,0.0007701565473696843,0.00014898157083851214,0.9949898741080009,0.15591650888547517,1.0823577128236168,1.0695953207809266
2019-09-12,0.008153838666056361,0.008142376803807161,1.1461862249200524e-05,0.9927732372476712,0.01893560292460091,1.0911830829929425,1.0783043689103138
2019-09-13,-0.0020926562589290132,-0.0020939934059514883,1.3371470224752596e-06,0.9930418735621138,0.003391079541320965,1.0888996118846799,1.0760464066722069
2019-09-14,-0.0005227105079217648,-0.0007033419609761752,0.00018063145305441037,1.0,0.19065431838356955,1.088330432615476,1.0752895780824365
2019-09-15,0.0020882406537623723,0.001999837010351708,8.840364341066413e-05,0.9999999999999999,0.08865431010696462,1.0906031284695903,1.0774399819775313
2019-09-16,-0.001680494601292082,-0.0017084920495254708,2.799744823338886e-05,0.9999999999999997,0.030053442569703593,1.0887703758000449,1.0755991843344819
2019-09-17,-0.0006843422002665927,-0.0009320241908706989,0.00024768199060410615,0.8333447897378172,0.18672015559835808,1.0880252842854847,1.0745966998750014
2019-09-18,0.002360369905710949,0.002307102694478889,5.326721123206027e-05,0.9948177936061232,0.16147300386830638,1.0905934264231647,1.0770759048167613
2019-09-19,0.0022609690636158043,0.002255833579007952,5.135484607852237e-06,0.9945972512227652,0.008780092678547055,1.0930592244212902,1.0795056088099872
2019-09-20,0.001443178670367241,0.0014425239804790237,6.546898882172867e-07,0.9952382997708998,0.002097110760943177,1.0946367041794232,1.0810628215377571
2019-09-21,0.00010431825733041113,0.0001039169554876409,4.0130184277022896e-07,0.9954487468589994,0.00021044708809952323,1.094750894772813,1.0811751622948622
2019-09-22,-0.00021671783000243866,-0.0002285386645222179,1.182083451977924e-05,0.9953926186646391,0.0081196276330272,1.0945136427345046,1.0809280719671568
2019-09-23,-0.005352340440719821,-0.005352924502111128,5.840613913078426e-07,0.9957191144874789,0.0015071307804565286,1.088655433101577,1.075141945605704
2019-09-24,0.004162526150644208,0.0041607076451043844,1.8185055398229329e-06,0.9962890311815467,0.004891444733660598,1.0931869898109032,1.0796152969183581
2019-09-25,-0.008778067739365318,-0.008779711451077386,1.6437117120680127e-06,0.9947562497963167,0.005313886348536026,1.0835909203625502,1.0701365861332457
2019-09-26,0.003511455138942876,0.003509034439509332,2.420699433543958e-06,0.9958857879385291,0.005878244916213568,1.0873959012683692,1.073891732268966
2019-09-27,0.0005302071868012459,0.0005213380851118097,8.869101689436214e-06,0.9934946133901605,0.011790477344071789,1.0879724463901197,1.0744515929282847
2019-09-28,0.00030452007911351464,0.0003044300404450507,9.003866846396136e-08,0.9935323988614131,3.778547125238415e-05,1.0883037558455677,1.0747786882701762
2019-09-29,-4.534257118338546e-05,-6.151013720084007e-05,1.616756601745461e-05,0.9935064633608389,0.00639325051479936,1.0882544093550492,1.0747125784856002
2019-09-30,-0.003306122020028343,-0.0033067765017481174,6.544817197743485e-07,0.9943178060082672,0.001459453190407752,1.0846565074888876,1.0711587441849308
2019-10-01,0.0034035346598126357,0.0034030336473991783,5.010124134575293e-07,0.9944952173943717,0.001701590370110816,1.0883481735061176,1.0748039334330979
2019-10-02,-0.01117518473495463,-0.01117665356226782,1.468827313191423e-06,0.9937621150343369,0.005240166253767493,1.0761856816112363,1.0627912222217535
2019-10-03,-0.007222530897387631,-0.007225315384615036,2.784487227405522e-06,0.9946783943199944,0.003263456725677555,1.0684128972744729,1.0551122204532009
2019-10-04,0.004135749167832506,0.0038110841278888074,0.00032466503994369914,0.9916486115754637,0.9493562433201811,1.0728315850252772,1.0591333418897118
2019-10-05,-1.890824073599719e-07,-2.1079021513670825e-05,2.0889939106310852e-05,0.9831220187367689,0.008526592838694886,1.0728313821716984,1.0591110163952122
2019-10-06,2.065792006983897e-05,-4.703874499824586e-06,2.5361794569663554e-05,0.9828302051214164,0.012055145321994462,1.0728535446366398,1.0591060344699097
2019-10-07,0.00500219730001844,0.004717902426993865,0.0002842948730245744,0.9895525243926028,0.9013811338947236,1.0782201697409366,1.064102793400379
2019-10-08,-0.0023602851231611212,-0.002365467611975924,5.1824888148025775e-06,0.990208328373193,0.015742629475219205,1.0756752627148047,1.0615856927067775
2019-10-09,-0.00036386426158655893,-0.00037359320904054553,9.728947453986617e-06,0.9915885542101801,0.030594421889004735,1.0752838629296302,1.0611890915011677
2019-10-10,-0.0012315532233700421,-0.0015250308118899428,0.0002934775885199007,0.990957214623463,0.9007096455555083,1.0739595936222013,1.059570745439387
2019-10-11,0.005906988127203129,0.005602909280683722,0.000304078846519408,0.9908611643943904,0.8987078555928769,1.0803034601908235,1.0655074242025504
2019-10-12,1.4732924439790655e-05,1.242551419938809e-05,2.307410240402566e-06,0.9920046936339528,0.001143529239562571,1.0803193762200745,1.0655206636801793
2019-10-13,-0.00010252976590547841,-0.00012332824027009963,2.079847436462121e-05,0.992375346077486,0.009270973054941458,1.0802086113273275,1.0653892548917563
2019-10-14,-0.0001753295273292687,-0.00023604051833298712,6.071099100371842e-05,0.9909187969653968,0.1832760776536255,1.0800192188620865,1.0651377798598052
2019-10-15,0.003107752611173354,0.0031039343865423715,3.818224630982702e-06,0.9920133406994045,0.013546727761642332,1.0833756514096227,1.0684438976411175
2019-10-16,0.001000312434803665,0.0009260794393129797,7.42329954906853e-05,0.9921367250896931,0.23322477178894244,1.0844593655452912,1.0694333615667821
2019-10-17,0.0036595874098641883,0.0036589606197206036,6.267901435849831e-07,0.9928055366177516,0.0017414083758646433,1.08842803938595,1.0733463761221704
2019-10-18,-0.002834186377774465,-0.0028344599819611726,2.736041867075523e-07,0.9929917684786115,0.00040017928175406465,1.0853432314635345,1.070304018772269
2019-10-19,-0.0003020223152974425,-0.00030213901638123875,1.1670108379624834e-07,0.9930499943943026,5.82259156912731e-05,1.0850154335878754,1.0699806381688084
2019-10-20,-4.449345220824e-05,-5.957438879909104e-05,1.5080936590851043e-05,0.9951608249067337,0.007600965095859962,1.084967157505536,1.0699168947262625
2019-10-21,-0.0001620179096407823,-0.00016247041734248062,4.5250770169832566e-07,0.995619168709069,0.0007862762251308287,1.084791373394648,1.0697430648818544
2019-10-22,0.0038698800854103767,0.003780060302541498,8.981978286887872e-05,0.9928197844990424,0.32986367837091635,1.088989385927373,1.0737867581753335
2019-10-23,-0.005372162490238662,-0.0053886698548790005,1.650736464033848e-05,0.9930366528451741,0.048910489962819395,1.083139157996026,1.068000475840986
2019-10-24,0.007292125381636693,0.007291698936549522,4.2644508717077717e-07,0.9936288876734853,0.00078243166144465,1.0910375445418934,1.07578801377491
2019-10-25,0.0002492119158365268,0.0002487793344209923,4.3258141553448035e-07,0.9928869886442114,0.0008786571611717534,1.0913094440986184,1.076055647600955
2019-10-26,0.0006269263940146944,0.0006196792274797343,7.247166534960151e-06,0.9891368316391033,0.0037501570051083604,1.0919936147931613,1.0767224569333855
2019-10-27,-0.00141503619777177,-0.002015512544724336,0.0006004763469525661,0.9999999999999999,0.5328608681247301,1.0904484043004934,1.07455230931425
2019-10-28,0.010088121328190735,0.009956518689582385,0.00013160263860835045,1.0000000000000002,0.433447710107706,1.1014489801052088,1.0852511094648714
2019-10-29,-0.0029529056696989842,-0.003149819103233853,0.00019691343353486917,0.9871847463140426,0.20419744121860636,1.098196505166972,1.0818327647884731
2019-10-30,0.008876906417599379,0.00877687432279671,0.00010003209480266942,0.9968541821448602,0.09966230018852072,1.1079450927714738,1.0913278750033053
2019-10-31,-0.007034453759407145,-0.007047885856100553,1.3432096693407466e-05,0.9960593815526053,0.01234889437959461,1.1001513042484108,1.0836363207087012
2019-11-01,0.002799393057005883,0.0027119549541758316,8.743810283005126e-05,0.9984189985953316,0.23076945676104751,1.1032310601711797,1.086575093597172
2019-11-02,0.0011990347107363574,0.0011483650807124768,5.066963002388073e-05,0.9698863547791039,0.02869693091277818,1.1045538725062876,1.087822878492231
2019-11-03,0.0012149998467306342,0.0012029611126766133,1.203873405402089e-05,0.9702780197635167,0.005730253916829405,1.1058959052920883,1.0891314871125373
2019-11-04,0.0015683266269014098,0.001545722259390484,2.2604367510925815e-05,0.9898093879318433,0.0337632667719152,1.107630311286939,1.0908149818955701
2019-11-05,0.005450268202094724,0.005446313553065316,3.95464902940832e-06,0.987868091256348,0.0024592813567096885,1.1136671935522224,1.0967559023153548
2019-11-06,0.0015916970190206973,0.0015758682897985272,1.5828729222170033e-05,0.9981104151161984,0.010604910243905002,1.1154398143043807,1.098484245163463
2019-11-07,0.00822288191395937,0.00818911253765945,3.376937629992015e-05,0.9993447404150979,0.03323809157146843,1.1246119441795344,1.1074798562679526
2019-11-08,-0.006030509048127079,-0.006142733721743757,0.00011222467361667831,0.9997079912881388,0.25918652957648947,1.117829961674528,1.1006769024087035
2019-11-09,-0.007158908485121835,-0.007164896722780126,5.9882376582910606e-06,0.9963745500525334,0.003472286125802382,1.1098275192769729,1.0927906660777957
2019-11-10,8.149762797158183e-05,-0.0003797286200337948,0.0004612262480053766,0.7447327069714524,0.2653199181025362,1.1099179675872515,1.0923757021861802
2019-11-11,-0.0008769502092489828,-0.0008788103332596835,1.8601240107006918e-06,0.7480529311085097,0.003930675757876423,1.1089446247933268,1.0914157111312972
2019-11-12,-0.0009387736204356245,-0.0012770465570819192,0.0003382729366462946,1.0,0.25837485745227023,1.107903576833047,1.0900219224550518
2019-11-13,-0.00015374202583868626,-0.0005219824478501788,0.00036824042201149247,0.9963273635267913,0.3651516914659927,1.1077332454927107,1.0894529501437584
2019-11-14,0.003882746487940525,0.003865493988707605,1.7252499232919985e-05,0.9958347193269178,0.06145764649057621,1.1120342928612224,1.0936642239735188
2019-11-15,0.004100957651628529,0.004100424048402898,5.336032256309091e-07,0.9958040875874569,0.00037481101563384325,1.1165946984034048,1.0981487110583776
2019-11-16,-0.00044464210003118367,-0.00044468484834792293,4.27483167392728e-08,0.9957861893415819,1.7898245875036176e-05,1.116098213391823,1.0976603809653371
2019-11-17,-0.0001406576892001854,-0.00015641659050991529,1.575890130972988e-05,0.9944302186531243,0.007964827305280153,1.1159412255962067,1.0974886886710087
2019-11-18,0.000765248075620836,0.0007647305490388782,5.17526581957796e-07,0.9950880977518106,0.001398195094744562,1.1167951974716002,1.09832797179846
2019-11-19,0.002110442004867381,0.002026930672556116,8.351133231126486e-05,0.9972169608404957,0.27598984856386244,1.1191521289671784,1.1005542064530247
2019-11-20,-0.00030061306545895686,-0.0004347212841515557,0.00013410821869259883,0.9973906993038814,0.5282296131366404,1.1188156972149748,1.100075772115117
2019-11-21,-0.0015490497756636865,-0.0016856096141016487,0.00013655983843796222,0.9978867279051945,0.5345359583582966,1.1170825960101949,1.0982214738173994
2019-11-22,0.00010672288995467319,-3.1103759921409026e-05,0.00013782664987608222,0.9978278491765737,0.5349731082309886,1.1172018142931592,1.0981873150003372
2019-11-23,-0.0007078378169007313,-0.0007111671665936435,3.329349692912155e-06,0.9963842245828203,0.001443624593753419,1.1164110165998924,1.0974063202391393
2019-11-24,0.0005488558047682155,0.0005466655948653076,2.1902099029079257e-06,0.997318437718294,0.0009342131354736233,1.1170237652668604,1.098006234518002
2019-11-25,0.014240177394114328,0.013811152715685643,0.0004290246784286842,0.9999999999999999,0.7703920814869775,1.1329303818377021,1.113170966305705
2019-11-26,-0.001226327608891113,-0.0012968871952748944,7.055958638378135e-05,0.9999999999999994,0.22332655983992813,1.131541038031503,1.1117273091333513
2019-11-27,0.001836764101167489,0.0017880641129888095,4.869998817867933e-05,0.9999999999999999,0.05009826607711114,1.133619411989157,1.1137151488382422
2019-11-28,-0.003993407662685025,-0.003997100487248005,3.692824562980004e-06,0.9977674404309943,0.0022325595690053527,1.1290924075427509,1.1092635174741654
2019-11-29,0.0019758999816627135,0.001926480990402382,4.941899126033147e-05,0.9999999999999999,0.0491691434917677,1.1313233812101102,1.1114004925539265
2019-11-30,-0.005723667294823218,-0.005733982200770154,1.031490594693633e-05,1.0000000000000002,0.010460006269864184,1.1248480625732091,1.1050277419116952
2019-12-01,0.003900064230893833,0.0038832825203667493,1.6781710527083666e-05,0.9999999999999999,0.014720068952849856,1.129235042267241,1.109318876826381
2019-12-02,0.0013187064181831786,0.0012255315224740742,9.317489570910445e-05,0.9761647464432651,0.3455810572006042,1.1307241717651162,1.1106783820784074
2019-12-03,-0.012321161107031414,-0.01237264083690926,5.1479729877844943e-05,0.9681658416620359,0.04117734929605787,1.1167923370771835,1.0969363573716318
2019-12-04,0.007388116924294418,0.007355399011179773,3.2717913114645025e-05,0.9993290975953423,0.053855383137510905,1.1250433294436657,1.1050047619699703
2019-12-05,0.005463262826402859,0.005421198199446971,4.206462695588773e-05,0.9969198619106759,0.05571150195170374,1.1311897368435078,1.1109952117959423
2019-12-06,0.0024953639626837743,0.0024907937672052818,4.570195478492614e-06,0.9984655497342669,0.003571902937132418,1.1340124669477847,1.1137624717448784
2019-12-07,-0.001779902196981575,-0.0017802589512304866,3.5675424891161224e-07,0.9982908443509446,0.00020919415761969096,1.13199403566646,1.11177968613501
2019-12-08,0.0005982357675641169,0.0005763815300565155,2.1854237507601352e-05,0.9935612565404088,0.011601596921309089,1.1326712349872647,1.1124204954115904
2019-12-09,0.00010248322771602838,9.552757237988406e-05,6.955655336144317e-06,0.9908453803171184,0.005271672405630942,1.1327873147913674,1.1125267622409827
2019-12-10,0.00038896987907004584,0.00038721181409054914,1.758064979496691e-06,0.9959754142825106,0.005257649669766138,1.1332279349362138,1.1129575457468144
2019-12-11,0.0002165107592802246,0.00021472374744258742,1.7870118376371884e-06,0.999789350221356,0.004391417084916731,1.1334732909768443,1.1131965241617816
2019-12-12,0.00348058054719568,0.00345992283657566,2.0657710620019767e-05,0.9998611915017913,0.02153572643854928,1.1374184360641841,1.1170480982373256
2019-12-13,0.007959164527195244,0.00795909355592894,7.09712663022778e-08,0.9999022637706108,9.929109559387878e-05,1.146471336533084,1.1259387885576688
2019-12-14,-0.0007294710264419259,-0.000729659051163949,1.8802472202308497e-07,0.9999999999999998,0.0001200313823160808,1.145635018910437,1.125117237129541
2019-12-15,0.0031955566584094186,0.0031807674840326184,1.4789174376800216e-05,0.9999999999999999,0.014780228395987798,1.1492959605232231,1.1286959734531272
2019-12-16,0.004599693388187661,0.004598855390563138,8.379976245227154e-07,1.0000000000000004,0.000842065314157721,1.1545823695539126,1.133886683014949
2019-12-17,0.009123968086457816,0.009122345632027297,1.6224544305190908e-06,0.9978194031691925,0.0021805968308075147,1.1651167422469093,1.1442303892449643
2019-12-18,0.008533687332496678,0.008532633223353446,1.0541091432311521e-06,1.0,0.0025118806656584183,1.1750594842311015,1.1539936874794066
2019-12-19,-0.008539420213780957,-0.008555879105952291,1.645889217133325e-05,1.0,0.01621669018379584,1.1650251575190633,1.1441202570003006
2019-12-20,0.013728191495003294,0.0137051039774252,2.3087517578095252e-05,0.9999999999999999,0.023051538339758714,1.1810188459779816,1.1598005440851682
2019-12-21,-0.0010298891506177426,-0.0010959379884285631,6.604883781082059e-05,0.96109709467986,0.03890290532014006,1.1798025274818338,1.158529474609905
2019-12-22,0.0005439334825681078,0.0005410629256014071,2.8705569667006856e-06,0.9627622181985893,0.0016651235187295395,1.1804442615793496,1.1591563119568329
2019-12-23,-0.0011260739520955513,-0.0012677440905194584,0.00014167013842390707,0.9999999999999998,0.5777329785066927,1.1791149940444845,1.1576867983923613
2019-12-24,-0.0017595230595178438,-0.0018704879505573224,0.00011096489103947849,0.9393230662202523,0.09277390405080121,1.17704031402264,1.1555213591854492
2019-12-25,0.0002266921712852718,0.00012889624773884147,9.779592354643034e-05,0.9973926537095812,0.0586379560149407,1.177307139847116,1.1556703015528302
2019-12-26,0.0008635153097833191,0.0008506200596856697,1.289525009764949e-05,1.0,0.04810762209175092,1.1783237625866911,1.156653337893714
2019-12-27,0.0018154051773460146,0.001804081355532086,1.132382181392847e-05,0.999375589832261,0.01429083364695457,1.1804628976458809,1.158740034615422
2019-12-28,-0.00020197375710726806,-0.00022662601132054827,2.46522542132802e-05,0.9847867171363947,0.014588872695866437,1.1802244751193176,1.1584774339832198
2019-12-29,-0.0014984770325851692,-0.0015696995698479467,7.12225372627775e-05,0.9999999999999999,0.06154901305277112,1.1784559358500564,1.1566589724534178
2019-12-30,-0.0029219612858402706,-0.0030032049102843425,8.124362444407186e-05,1.0000000000000004,0.3010797507738246,1.1750125332284338,1.153185288547821
2019-12-31,-0.007148432851876911,-0.007509833271830473,0.00036140041995356157,0.9172407357069507,0.9661065593722163,1.1666130350345365,1.1445250592992993
2020-01-01,0.0009851769423877175,0.0008441685194490976,0.00014100842293861992,1.0000000000000002,0.08537586338964451,1.1677623552973413,1.1454912313240804
2020-01-02,0.006963777677131236,0.006958024409883347,5.753267247888195e-06,0.9999999999999999,0.005798465954282222,1.175894392719355,1.1534615872729406
2020-01-03,-0.003011026847164947,-0.0030118077370460457,7.808898810986598e-07,0.9978023304956511,0.002298136840393561,1.1723537431334463,1.1499875827400066
2020-01-04,-0.0032122922326345794,-0.00321613799368822,3.845761053640224e-06,0.9999999999999994,0.002245048530814167,1.1685878003104788,1.1462890639828867
2020-01-05,8.350351932957315e-05,-7.749434614303147e-05,0.00016099786547260462,0.9094087573583205,0.09367790634260281,1.1686853815044504,1.1462002330613825
2020-01-06,-0.0008772143422123484,-0.000877601832323416,3.874901110675894e-07,0.908416047883303,0.0009927094750180675,1.1676601939262607,1.1451943256366384
2020-01-07,0.002420357880920043,0.002258138728533033,0.00016221915238700974,0.9985960152456528,0.5817240103790867,1.1704863494788669,1.1477803332950547
2020-01-08,0.0009119766145329185,0.0009098505503167356,2.126064216182927e-06,0.9981006466374802,0.007377127895358671,1.1715538056572217,1.1488246418629458
2020-01-09,0.001335348828461563,0.0013321361530238024,3.2126754377604847e-06,0.9985625468481968,0.010526404775472148,1.1731182386590857,1.1503550327018561
2020-01-10,0.0025993895586760105,0.002592296613155933,7.092945520077554e-06,0.9987378025818263,0.023229632311406342,1.1761676299597486,1.153337094157056
2020-01-11,0.00031469083703086884,0.0003137043152821403,9.865217487285728e-07,0.9992625026851133,0.0005247001032871183,1.1765377591357091,1.153698900980468
2020-01-12,-6.818701935864175e-06,-1.3088888219358961e-05,6.2701862834947875e-06,0.9992574260102185,0.0034378477787391252,1.1765297366754133,1.1536838003445142
2020-01-13,-0.001524708063849867,-0.0015611006432092115,3.639257935934457e-05,0.9989283571089228,0.10231415719362907,1.174735872298545,1.1518827838217363
2020-01-14,0.0019927977389011735,0.0019924641709078614,3.3356799331220514e-07,0.9995243724999558,0.0006193060648127138,1.1770768832886676,1.1541778689975868
2020-01-15,0.002947615513837459,0.002947311327515928,3.041863215304923e-07,0.9992523707709607,0.000855162717997951,1.1805464533708288,1.1575795905048516
2020-01-16,0.006872237369060601,0.006868775643262219,3.4617257983817785e-06,0.999664761575554,0.01116448856015934,1.1886594488235958,1.1655307450012486
2020-01-17,0.0018884259473362416,0.0017815294695453063,0.00010689647779093537,1.0,0.3295888515556907,1.1909041441693005,1.1676071723711294
2020-01-18,0.0001507996074532586,0.00015005402847708603,7.455789761725793e-07,0.9997494765925901,0.00025052340740999083,1.1910837320467556,1.1677823765310225
2020-01-19,-0.0003257779189065936,-0.00033138665962844223,5.608740721848663e-06,0.9992655547233374,0.001851911069485275,1.1906957032672858,1.167395389030091
2020-01-20,5.158174836707235e-05,5.1564904592202335e-05,1.6843774870015654e-08,0.9992599955305576,5.559192780011605e-06,1.1907571214334334,1.1674555856619477
2020-01-21,-8.072355315985346e-05,-8.42008159432658e-05,3.4772627834123436e-06,0.999280313468552,0.009317700633130512,1.190660999287641,1.1673572849490574
2020-01-22,0.004302120669133646,0.004155123051948467,0.000146997617185178,0.9997980840059078,0.596837628551877,1.1957833665826076,1.1722077981136094
2020-01-23,-0.0002936176132757708,-0.000310741562014908,1.7123948739137204e-05,0.9998959839729935,0.06076982959596082,1.195432263524517,1.1718435444314175
2020-01-24,0.0043731473358873335,0.004160688253144173,0.0002124590827431603,0.9999999999999998,0.7957101064202872,1.2006600649429828,1.1767192201012562
2020-01-25,-2.7661979712969437e-05,-3.155102801044089e-05,3.88904829747145e-06,0.9987164602331193,0.0012835397668805614,1.2006268523086243,1.1766820934001823
2020-01-26,-3.0721612599765355e-05,-3.074614403058146e-05,2.4531430816107643e-08,0.998708380162453,8.0800706659819e-06,1.2005899671155909,1.1766459149630604
2020-01-27,-0.00879816480690366,-0.008999712952105124,0.00020154814520146445,0.9999067467275295,0.7508618444713684,1.190026978719393,1.1660564394821258
2020-01-28,0.0036754908580871127,0.0036682061399615487,7.284718125564023e-06,1.0,0.024628934090613428,1.1944009120005532,1.1703337748729759
2020-01-29,0.001861156314923652,0.0017144268643752186,0.0001467294505484334,0.49859067956538317,0.5014093204346171,1.1966238788004735,1.1723402265369036
2020-01-30,-0.0025549918540551803,-0.002570205792410155,1.5213938354974782e-05,0.5490851747487779,0.05049449518339477,1.1935665145377703,1.169327070895983
2020-01-31,0.0020189050235662792,0.0020031818889254633,1.5723134640815978e-05,0.5996860019709619,0.05060082722218383,1.1959762119699313,1.1716694457066321
2020-02-01,-9.881464705231801e-05,-0.00010109635731688471,2.2817102645666863e-06,0.6004380608795575,0.0007520589085955069,1.1958580320026626,1.1715509941936917
2020-02-02,0.0008857691593665893,0.0007722824375163516,0.00011348672185023768,0.6619936429689957,0.06301538457912645,1.1969172861663915,1.1724557624511622
2020-02-03,-0.0033106151808976235,-0.0034195323548442493,0.0001089171739466259,0.7123664629388589,0.41571899896218817,1.1929547536285303,1.1684465120368368
2020-02-04,0.003351915109502932,0.003339292365811049,1.2622743691882879e-05,0.7052183157050537,0.02250479778766892,1.1969534366921712,1.17234829655434
2020-02-05,0.0030021968179414554,0.002940884652399187,6.131216554226808e-05,0.8483145836907916,0.14309626798573782,1.2005469264910327,1.175796037666943
2020-02-06,0.0069903775757723064,0.00695497112584236,3.540644992994654e-05,0.8994207453604505,0.05110616166965906,1.208939202804638,1.1839736651587964
2020-02-07,0.001859734545158614,0.0017322232779400418,0.00012751126721857213,0.9500000000000001,0.47638619133133436,1.2111875088030901,1.1860245719020523
2020-02-08,0.0034451265669398264,0.003443040354173945,2.086212765881475e-06,0.95122225838917,0.0012222583891698744,1.2153602030672133,1.1901081023641529
2020-02-09,0.002361570594338964,0.002343928281606447,1.7642312732517046e-05,0.9504509295282166,0.009374684240223061,1.2182303619843067,1.1928976304034533
2020-02-10,0.0026433139586767005,0.002622502175474211,2.08117832024892e-05,0.99744294698208,0.05056346576779608,1.2214505273050236,1.1960260070343045
2020-02-11,0.0053112719724433795,0.005309336981751469,1.9349906919105044e-06,0.9974196610302604,0.002487135020546313,1.2279379832564248,1.2023761121445882
2020-02-12,0.003504672777868339,0.003420192635740182,8.448014212815712e-05,1.0,0.18528909197794374,1.232241504079254,1.206488470068735
2020-02-13,0.0043367696485538156,0.004255856788342954,8.091286021086182e-05,1.0,0.17855772423922872,1.2375854516338334,1.2116231122141348
2020-02-14,0.0046128845973755625,0.004605204174332148,7.680423043414792e-06,0.9999999999999999,0.012169617696576807,1.2432942905016113,1.2172028840282205
2020-02-15,0.0033411731814434035,0.003317660253488963,2.3512927954440456e-05,0.9864642027883961,0.013535797211604172,1.247448352041677,1.221241149656993
2020-02-16,-0.004848430898331904,-0.004865141075269444,1.6710176937540307e-05,0.9868468717210138,0.008167849278924375,1.241400184907565,1.2152996391769875
2020-02-17,-0.0016593572950123934,-0.0016606956883252158,1.3383933128224748e-06,0.987549898767596,0.0007030270465822452,1.2393402584547089,1.213281396306183
2020-02-18,-3.0011836685094777e-05,-8.664228827401195e-05,5.663045158891717e-05,1.0,0.17174336003733998,1.2393030635772748,1.2131762748296868
2020-02-19,0.006948749005761277,0.006933490590791155,1.5258414970121249e-05,0.9999999999999999,0.014252952532293096,1.2479146695081444,1.2215878211161895
2020-02-20,-0.005392420803129129,-0.00540487659124251,1.2455788113381146e-05,0.9978014488892685,0.03326955414540996,1.2411853884837587,1.2149852896976916
2020-02-21,-0.0010652905529775292,-0.0010702601909566584,4.969637979129175e-06,0.9999999999999998,0.007307080980123882,1.2398631654149133,1.2136849393095301
2020-02-22,0.0009356235314483371,0.0009240150414648513,1.1608489983485709e-05,0.9939052139162344,0.006094786083765539,1.2410232105682515,1.2148064024490515
2020-02-23,-0.0009970354886916397,-0.0010042471556075592,7.211666915919516e-06,0.9976537999806521,0.003748586064417788,1.2397858663850247,1.2135864365747782
2020-02-24,-0.010593354064226573,-0.010597199427346864,3.845363120290663e-06,1.0,0.009632049151061596,1.2266523757385843,1.200725819084072
2020-02-25,-0.004327917658138585,-0.004334666452977448,6.748794838863181e-06,0.9973611327646399,0.022796968737649935,1.2213435252612277,1.1955210731568644
2020-02-26,-0.022175566733065567,-0.02221422344228692,3.865670922135421e-05,0.9943176199192726,0.05934018661065979,1.1942595404127998,1.1689635009077952
2020-02-27,-0.014123543607011683,-0.014334686901949391,0.0002111432949377087,0.9928957571790649,0.18056724465101753,1.1773923637156898,1.1522067751224754
2020-02-28,-0.014523160997467111,-0.014740134812743277,0.00021697381527616713,0.4928099939073519,0.5000857632717128,1.1602929048602586,1.135223091925014
2020-02-29,0.0003181557259646089,0.00031189874807116297,6.25697789344589e-06,0.4953980011806265,0.0025880072732745933,1.160662058691736,1.135577166586167
2020-03-01,-0.00011102114499844724,-0.0001239078695089559,1.2886724510508633e-05,0.49409941776554855,0.005570071550354077,1.1605332006610238,1.1354364596387923
2020-03-02,0.0016756996723525258,0.0014902091634607273,0.00018549050889179848,0.50538732097223,0.4277634505292014,1.1624779057651258,1.1371284974554734
2020-03-03,0.0018530443122355051,0.0018020440475255786,5.100026470992657e-05,0.38216278256827807,0.12410932134949898,1.1646320288365033,1.1391776530955846
2020-03-04,0.0018272423245765444,0.0017863556144568516,4.088671011969293e-05,0.4965894210882,0.11442663851992194,1.166760093772151,1.1412126294920557
2020-03-05,-0.0007197389546160239,-0.0007332486389776047,1.3509684361580806e-05,0.5367025210815095,0.04011309999330956,1.1659203310819717,1.1403758368846966
2020-03-06,-0.010423610694775197,-0.010631787034113226,0.00020817633933802883,0.7311180353666885,0.36196906103708837,1.1537672314496499,1.1282516038480899
2020-03-07,0.000264146998240085,0.00025997842380993047,4.168574430154488e-06,0.7331499893499062,0.0020319539832176423,1.154071995600505,1.1285449249217194
2020-03-08,-0.0005904302355844712,-0.0006081418532735161,1.7711617689044885e-05,0.7340500947356492,0.008485305555104738,1.153390596600261,1.127858609519575
2020-03-09,-0.003201668815108087,-0.003457099786129768,0.0002554309710216812,0.6165384335599798,0.4331397536085329,1.1496978218954872,1.1239594897618204
2020-03-10,-0.0075625560572658256,-0.00772273940029624,0.00016018334303041424,0.46688200074675273,0.48568533536749303,1.1410031676684862,1.1152794435259
2020-03-11,-0.006632249605494884,-0.006677286176777229,4.503657128234507e-05,0.5379005277692724,0.07101852702251968,1.1334357498598484,1.1078324035144007
2020-03-12,-0.021366096984632155,-0.021418712371090626,5.261538645847346e-05,0.5128672211575594,0.06782421900204913,1.1092186517024938,1.0841040599081517
2020-03-13,-0.012621414557305328,-0.012631047826425724,9.633269120397143e-06,0.5078909738718306,0.01332900997310503,1.0952187432646614,1.0704106896786296
2020-03-14,0.0025600829819146364,0.0025598738166826484,2.0916523198814114e-07,0.5078339215176644,5.705235416620345e-05,1.098022594130767,1.0731508059762351
2020-03-15,-0.0006491457165917611,-0.0007188340084226492,6.968829183088811e-05,0.5050256514426766,0.020515145187652628,1.0973098174670661,1.0723793886807331
2020-03-16,-0.016491106033628865,-0.016680066105706704,0.00018896007207783955,0.6440530538513212,0.4730480246203118,1.0792139649154748,1.0544920295871412
2020-03-17,0.022242216901512138,0.02145014084678289,0.0007920760547292495,0.6609225940526889,0.4303824788398125,1.1032180760062658,1.0771110321435953
2020-03-18,-0.017525898378486202,-0.017539248163557095,1.3349785070894699e-05,0.6424006722551219,0.018521921797566936,1.083883188116871,1.0582193144511236
2020-03-19,0.005548969454400559,0.005468865026521442,8.01044278791171e-05,0.6082021207436334,0.03419855151148857,1.0898976228198698,1.064006573050315
2020-03-20,-0.018475359102275966,-0.01849236449854131,1.700539626534333e-05,0.6038223918820586,0.009825518311700586,1.0697613728535558,1.0443305756726247
2020-03-21,0.003080454382988887,0.0029132349916670152,0.00016721939132187172,0.6540833735434368,0.05026098166137826,1.0730567239633149,1.0473729560485419
2020-03-22,-0.0009091437871894116,-0.0010612801509407887,0.00015213636375137706,0.6210980567547182,0.044529559493681786,1.0720811611094219,1.0462613999196555
2020-03-23,0.004631647501799944,0.004552134387540048,7.95131142598957e-05,0.7061677153064809,0.08807435569149064,1.0770466631410012,1.0510241224165855
2020-03-24,-0.008347208419604027,-0.008367094290706542,1.988587110251602e-05,0.6897774167893045,0.018163703545113517,1.0680563301661241,1.0422301044825188
2020-03-25,0.007380630735969869,0.007355520277099955,2.511045886991437e-05,0.6849392072940464,0.01076516148763204,1.0759392595442954,1.049896249149444
2020-03-26,0.00022555598683862897,7.785721183384897e-05,0.00014769877500478,0.8518995916450598,0.18226492411964107,1.0761819440857603,1.0499779911441174
2020-03-27,-0.0034824460885583297,-0.003507127504230986,2.46814156726562e-05,0.8340285995651975,0.017870992079862254,1.0724341984840018,1.0462955844525386
2020-03-28,0.009121645094111471,0.009097337945258865,2.430714885260641e-05,0.8412185276499967,0.007189928084799216,1.0822165626293607,1.0558140889749354
2020-03-29,-0.0012006587060721704,-0.0012366742778012123,3.601557172904182e-05,0.8332151830478965,0.010882458669474656,1.0809171898915841,1.05450839084896
2020-03-30,0.007322088795030652,0.007276081268235014,4.600752679563728e-05,0.8507243236823494,0.03317614041132645,1.0888317615360454,1.062181079598813
2020-03-31,-0.007758731953803134,-0.007764873377839358,6.141424036223587e-06,0.8506603351795817,0.00460873054900694,1.0803838077555,1.0539333780113913
2020-04-01,-0.012336950236725847,-0.012370986814893641,3.403657816779518e-05,0.8200033651114866,0.030656970068094827,1.067055166482656,1.040895182088236
2020-04-02,-0.0023393723006180206,-0.0023534455657710177,1.4073265152997219e-05,0.8152225352696657,0.01133534828477846,1.0645589271829552,1.038445491937518
2020-04-03,0.0063157380562893,0.006264775974392151,5.096208189714839e-05,0.8656901381115771,0.05046760284191202,1.0712824025125272,1.044951120306124
2020-04-04,-1.4336875335797726e-05,-0.00037731844710310814,0.00036298157176731043,0.7098075702054656,0.17264667638672068,1.071267043670273,1.0445568409721113
2020-04-05,-0.0022360131171883456,-0.002643586471210657,0.00040757335402231157,0.8868763768845876,0.19356320359819537,1.0688716765086146,1.041795464638907
2020-04-06,0.005392938853119604,0.0050272049382038605,0.0003657339149157439,0.724293966413096,0.1919724335172971,1.074636036101857,1.047032783943338
2020-04-07,0.013600450954005602,0.013595000254491793,5.450699513807919e-06,0.7196101637484846,0.006213563220719128,1.0892515708042672,1.061267194907509
2020-04-08,-0.0039006268863807634,-0.004020037787940251,0.00011941090155948744,0.9164324958387428,0.19682233209025812,1.0850028068411557,1.0570008606808794
2020-04-09,0.010151903431579552,0.010130415387810765,2.1488043768786787e-05,0.9576853866874033,0.04125289084866069,1.0960176505591999,1.0677087184648502
2020-04-10,0.00043993805311524665,0.0004399117637407962,2.628937445040837e-08,0.9576978202540969,1.243356669367382e-05,1.0964998304305669,1.0681784160903516
2020-04-11,-0.0015976552168679538,-0.0015976719391442907,1.672227633690994e-08,0.957690261631077,7.558623019997962e-06,1.0947480017561846,1.0664718174089645
2020-04-12,-0.0007489054429793738,-0.001154405575934631,0.00040550013295525725,1.0,0.289822013464033,1.0939281390189786,1.0652406763963704
2020-04-13,-0.0022946983384489073,-0.0022954863863204043,7.880478714970845e-07,1.0,0.0008809430835035286,1.0914179039359893,1.0627954309255478
2020-04-14,0.009721229169655546,0.009335388083296203,0.0003858410863593427,0.9582386831293668,0.29059742099432667,1.1020278275000162,1.072717038726392
2020-04-15,0.00015824083784303047,-0.00030642826160914697,0.0004646690994521774,0.9578259767073695,0.386674577702197,1.1022022133067662,1.0723883279090167
2020-04-16,0.010411861965907423,0.01041036339957543,1.4985663319920766e-06,0.9590551769551501,0.0017804722966107906,1.113678190610234,1.0835522801080126
2020-04-17,-0.012306081701330096,-0.012314762754706577,8.681053376480889e-06,0.959079701764624,0.008306230464393572,1.099973175807595,1.0702085908461612
2020-04-18,-0.00014282774327526124,-0.0005446206272309874,0.0004017928839557262,0.7779926277943798,0.21366249074946778,1.099816069121231,1.0696257331721464
2020-04-19,0.0013701953452869861,0.00132424983868938,4.5945506597606104e-05,0.7777585635974532,0.02163892312050688,1.1013230319798128,1.0710421848767575
2020-04-20,-0.006272392165126537,-0.006351709735998684,7.931757087214717e-05,0.9604249540634006,0.18272886620505346,1.0944151020227493,1.0642392358034105
2020-04-21,-0.0006682703160844346,-0.0006697938157427346,1.5234996583000349e-06,0.9586522637273669,0.0036144735215920937,1.093683736896593,1.0635264149447987
2020-04-22,-0.00095703254075971,-0.0014484515186544793,0.0004914189778947692,0.9581501344890339,0.41279008777748977,1.0926370459710832,1.0619859484939427
2020-04-23,-0.0015453739351069145,-0.001546427447049807,1.0535119428925458e-06,0.9580667804604567,0.001604234198537901,1.0909485131597074,1.0603436642748105
2020-04-24,0.00043500415835993867,-4.664046200411711e-05,0.0004816446203640558,0.9579175322310013,0.4051843395472634,1.0914230802994884,1.0602942093564256
2020-04-25,-2.029537314707892e-06,-2.12568734221095e-06,9.615002750305826e-08,0.9579609738090055,4.3441578004170534e-05,1.0914208652156208,1.0602919555024457
2020-04-26,0.00013392474944898903,9.976516011038126e-05,3.415958933860778e-05,0.9575826407346509,0.015491519884892557,1.0915670334815382,1.0603977356991503
2020-04-27,0.000518568306360772,0.0005174711262631079,1.097180097664137e-06,0.9573004331684156,0.0024264838724338163,1.09213308554937,1.0609464609097294
2020-04-28,0.0036648769081638333,0.0036578313215995238,7.045586564309547e-06,0.9577025699043706,0.014995669122811646,1.0961356188752416,1.0648272241049852
2020-04-29,-0.0005325375710148687,-0.0005494088906227336,1.6871319607864972e-05,0.9578113768224386,0.03649337501133444,1.0955518854752628,1.0642421985610848
2020-04-30,0.002035789821001437,0.001977320233300626,5.846958770081116e-05,0.9582610813245627,0.12222962057595668,1.0977821988520924,1.066346546193432
2020-05-01,-0.017608000509319034,-0.017636091812743036,2.8091303424000836e-05,0.9581978226556569,0.014609603136981498,1.0784524493355834,1.0475403606005633
2020-05-02,0.0006706686118292581,0.0006705903493862414,7.82624430167171e-08,0.9581581463006117,3.967635504534446e-05,1.079175733542703,1.0482428310569747
2020-05-03,0.000255511658522512,0.00022732129681575562,2.819036170675638e-05,0.9580625705727501,0.014131374159560457,1.0794514755242177,1.0484811189767085
2020-05-04,-0.0049331390730458086,-0.004933909807771655,7.707347258464606e-07,0.9583577851912237,0.0024158138103460977,1.0741263912728523,1.043308007700526
2020-05-05,0.011752700733543417,0.011749198685400149,3.5020481432681295e-06,0.9564442253241965,0.007915767856189488,1.086750277299483,1.0555660407730683
2020-05-06,-0.0025775056230859373,-0.002581082018498514,3.5763954125769e-06,0.9560854156377536,0.011334310331882747,1.0839491723488535,1.0528415382458913
2020-05-07,0.0016644152504698597,0.001614226161258378,5.018908921148162e-05,0.9573398806372256,0.10543046650702623,1.0857533138820452,1.0545410626005873
2020-05-08,0.007576870488732049,0.007576304240305526,5.66248426522476e-07,0.9570639078878671,0.0014082649460371408,1.093979926124041,1.0625305865247443
2020-05-09,0.000142225479956723,0.00014205879753056934,1.6668242615366643e-07,0.95714800765897,8.409977110281422e-05,1.094135517944097,1.0626815283422053
2020-05-10,-0.00020014178981616736,-0.00020477514099344018,4.633351177272825e-06,0.9595065411453871,0.0023585334864172428,1.0939165357032343,1.0624639175824078
2020-05-11,-0.0007429056484576837,-0.0007454140659419981,2.508417484314444e-06,0.9587414008245696,0.0028819606866256424,1.0931038589299191,1.061671942033686
2020-05-12,0.007127784990273312,0.007032578166199742,9.52068240735705e-05,0.9570196534692159,0.22206262799894472,1.1008952682084097,1.069138232952899
2020-05-13,-0.011562139502713432,-0.011577881989110042,1.5742486396609105e-05,0.9579275819550974,0.03181595765530926,1.0881665635395068,1.0567598766617246
2020-05-14,-0.008092909527402183,-0.008217418123164927,0.00012450859576274405,0.958497049831709,0.2687096372642672,1.0793601299900375,1.048076038899411
2020-05-15,0.008365757728844769,0.008055911753420224,0.0003098459754245445,0.95754779765747,0.2796644882289676,1.0883897953397086,1.056519246979659
2020-05-16,-0.005044476585464215,-0.005048502023875394,4.025438411178007e-06,0.9597216974961807,0.0021738998387107267,1.0828994385012591,1.0511854074230187
2020-05-17,0.002635593682497517,0.0025493044655792636,8.628921691825365e-05,0.9813094011380236,0.04558509179220201,1.0857535214201532,1.053865199076314
2020-05-18,0.013915041873545255,0.013894937476316664,2.0104397228590027e-05,0.9889286269982666,0.013693301061957524,1.1008618271350639,1.0685085901259452
2020-05-19,0.006227067836960798,0.006063849531205031,0.0001632183057557672,0.9654673344185516,0.49912374055087383,1.1077169684117545,1.074987865439269
2020-05-20,0.004657739332010027,0.004428653093597311,0.00022908623841271677,0.9590388464710079,0.6987864156071752,1.1128764253042607,1.0797486137751262
2020-05-21,0.0016316160193933613,0.0014209575273318256,0.0002106584920615358,0.959670943905974,0.6939006335794166,1.1146922123073923,1.081282890695496
2020-05-22,-0.01403461938229314,-0.01403523283287876,6.134505856213855e-07,0.9601711150047797,0.0006696540511859552,1.0990479313792518,1.0661068335663766
2020-05-23,0.00671447607338291,0.006714341396130855,1.3467725205424253e-07,0.9601867675062583,7.75383110362543e-05,1.1064274624179986,1.0732650388116893
2020-05-24,-0.0016432043192552094,-0.0016777457566263384,3.454143737112903e-05,0.9516566658659306,0.019496293398015778,1.1046093760328108,1.0714643729470876
2020-05-25,-0.007667164969398372,-0.0076882069864138685,2.104201701549652e-05,0.9638830514069827,0.01222638554105213,1.096140153720023,1.0632267330693024
2020-05-26,0.00694790757819479,0.0066134545066892534,0.00033445307150553686,0.7715608520500299,0.19599981287736312,1.1037560342008181,1.070258334698752
2020-05-27,-0.0036857024066173976,-0.0036954274794910942,9.725072873696472e-06,0.7785748213417181,0.019957057869829167,1.0996879179292458,1.0663032726385517
2020-05-28,0.005073804300497802,0.00493814471619003,0.00013565958430777181,0.9593208654261932,0.18074604408447478,1.1052675192164407,1.071568832510188
2020-05-29,0.004058008858862258,0.0036247638201226443,0.00043324503873961445,0.9589340685582471,0.3948687856218177,1.1097527046008338,1.0754530164450418
2020-05-30,-0.001719126151798766,-0.001818419268449819,9.929311665105309e-05,1.0000000000000002,0.06299338928998627,1.107844899704325,1.0734973919576256
2020-05-31,0.017952141128495854,0.01789270904361086,5.9432084884992986e-05,1.0000000000000002,0.026759377229076266,1.1277330876923013,1.0927051684509985
2020-06-01,-0.004193190561511511,-0.004371119227154193,0.00017792866564268165,0.9779217900566014,0.3949655137482532,1.1230042879530857,1.0879288238795717
2020-06-02,0.023839494944347884,0.023793155815080395,4.633912926748698e-05,0.9471466706822762,0.030775119374325175,1.1497761429982243,1.1138140839018555
2020-06-03,-0.005123240147404379,-0.005148155644192791,2.491549678841189e-05,0.9608074954376288,0.02960038335344263,1.143885563701888,1.1080799956392349
2020-06-04,0.00892945632231822,0.00885671002973509,7.274629258313074e-05,0.9627771571595735,0.04469278291744219,1.1540998398806943,1.1178939388503615
2020-06-05,0.016190514691439978,0.01618277517904098,7.739512398996725e-06,0.9623548251879852,0.01348061646050001,1.1727853102936714,1.1359845651367892
2020-06-06,-0.0035896994476919235,-0.0035918400877384847,2.140640046561001e-06,0.9612737990923563,0.0010810260956287537,1.168575363513049,1.1319042902366787
2020-06-07,0.0014010937824843436,0.0013583859657287287,4.270781675561485e-05,0.9641516418872675,0.018964558964356212,1.1702126471892316,1.1334418531390844
2020-06-08,0.003935021072036152,0.003900352338354631,3.4668733681520445e-05,0.9463016670158181,0.021453495372793563,1.1748174586146845,1.1378626757213646
2020-06-09,0.0026883711085238056,0.0026828075670326424,5.563541491163225e-06,0.9419947265059976,0.004306940509820463,1.1779758039282133,1.1409153423180338
2020-06-10,0.006930451527386743,0.006887056010424059,4.3395516962683355e-05,0.9645199612986269,0.07431232784066427,1.1861397081377723,1.1487728901837304
2020-06-11,-0.016397198154517664,-0.01716478976564425,0.0007675916111265848,0.9647325641986808,1.1945786831199652,1.1666903403044955,1.129054445035255
2020-06-12,-0.016666089305308236,-0.016674342135549643,8.252830241407492e-06,0.9652667177701785,0.003329409019782136,1.1472461749013403,1.1102282049290741
2020-06-13,0.0002357507720671487,0.00012835713952658533,0.00010739363254056336,0.9037007322061392,0.061565985564039215,1.1475166390728244,1.1103707106456806
2020-06-14,-4.3666977456953e-05,-0.00010890525781196709,6.52382803550141e-05,0.9439586632452689,0.04025793103912962,1.1474665304896146,1.110249785437171
2020-06-15,-0.01466261458610075,-0.014878747501976545,0.00021613291587579435,0.5240855590846693,0.4264588157582933,1.130641671002595,1.0937306592155276
2020-06-16,0.02341211005381403,0.023332806129077288,7.930392473674037e-05,0.4870856851351263,0.056674640375411256,1.157112378235536,1.1192504646444312
2020-06-17,-0.0008444369253660532,-0.0008630563552846912,1.8619429918637975e-05,0.4752339050853238,0.03788315769095837,1.1561352698165557,1.1182844884177645
2020-06-18,-0.0031429036700794657,-0.0033258767686180626,0.00018297309853859686,0.3656614063876394,0.23609093054630725,1.152501648033941,1.11456521201703
2020-06-19,0.0050634559946389004,0.0050015689155548035,6.18870790840971e-05,0.4837134965118482,0.11805209012420874,1.1583372894125097,1.120139786735813
2020-06-20,-0.00033015447211765724,-0.0004436927281541397,0.00011353825603648248,0.41178604891565845,0.07281267771363557,1.1579548591761895,1.1196427888579221
2020-06-21,1.6151314458849762e-05,1.5042695116323908e-05,1.108619342525855e-06,0.41226221393451046,0.00047616501885204424,1.157973561669249,1.1196596313030343
2020-06-22,-0.005275687987997922,-0.005292099140489754,1.641115249183237e-05,0.4418125803130862,0.02955036637857594,1.1518644544595313,1.1137342815305744
2020-06-23,0.00642292918076142,0.00640952262155338,1.3406559208039868e-05,0.4669538634749696,0.025141283161883358,1.1592627982763613,1.1208727866024442
2020-06-24,-0.005173860327718507,-0.0053760937331478065,0.00020223340542930036,0.6681115543856887,0.2011576909107191,1.1532649344749593,1.1148468694387348
2020-06-25,-0.010430727466246466,-0.0104505099866978,1.978252045133346e-05,0.6957732422444449,0.027661687858756112,1.1412355422470724,1.1031961510960264
2020-06-26,0.003087393701211992,0.0029111773942426112,0.0001762163069693809,0.6106681443211625,0.13790938108694667,1.1447589856718052,1.1064077507925125
2020-06-27,-0.00019386687487725973,-0.00019481106360335826,9.441887260985389e-07,0.6111197737274989,0.0004516294063361924,1.1445370548247655,1.1061922103218016
2020-06-28,-0.00047384921462818787,-0.0005002031835606416,2.635396893245374e-05,0.6110437143887907,0.013064846426751072,1.1439947168402238,1.1056388894565687
2020-06-29,-0.004622300955303893,-0.0046307192276825535,8.418272378661241e-06,0.6286214786548294,0.017760303235130767,1.1387068289677107,1.1005189861922886
2020-06-30,0.004356841644000055,0.004353118554875063,3.7230891249914837e-06,0.624250356257293,0.006873180336706605,1.1436679943004644,1.1053096758110745
2020-07-01,0.002980085020835934,0.0027708856382930936,0.0002091993825428404,0.2398656280525096,0.3872756168019631,1.1470762221590887,1.1083723625176458
2020-07-02,0.0012168290815054398,0.0012128375620251315,3.9915194803082075e-06,0.24267808998325213,0.009188287109725867,1.148472017864915,1.1097166381516177
2020-07-03,0.00016968438889672108,0.00016891311581735871,7.712730793623706e-07,0.2431225100309204,0.0004444200476682904,1.1486668956374315,1.1099040838466423
2020-07-04,0.0002899979774583566,0.0002893398370682708,6.581403900857895e-07,0.24349500194908447,0.000372491918164063,1.1490000067139399,1.1102252233134238
2020-07-05,0.0009699930656837194,0.000956390444142412,1.3602621541307442e-05,0.24333061876990233,0.00703758660253459,1.1501145287529229,1.1112870321078465
2020-07-06,0.002511592994507972,0.002508758710859649,2.834283648322895e-06,0.2510787744264839,0.007856185175768764,1.1530031483462204,1.1140749831299124
2020-07-07,0.0012539837294946077,0.0012479912262317386,5.9925032628690685e-06,0.2629093216157554,0.011830547189271625,1.1544489955343027,1.1154653389342228
2020-07-08,0.01714103393854121,0.016554930886559942,0.0005861030519812667,0.8855483301625278,0.6226390085467722,1.174237444947071,1.1339317905266322
2020-07-09,0.004577294741457605,0.004076115064428823,0.000501179677028782,0.6038411101363855,0.2829600832098402,1.1796122758290497,1.1385538269800326
2020-07-10,-0.00242644866638716,-0.002885192827000033,0.00045874416061287285,0.9612341989705735,0.6002596658556886,1.1767500071955104,1.1352688796452763
2020-07-11,-0.0006299204486593328,-0.0009642989198418863,0.0003343784711825535,0.7536379106669282,0.20994956158516898,1.176008748303018,1.1341741410909043
2020-07-12,0.0020627508538800516,0.0017264632434268617,0.00033628761045319017,0.9624632558868674,0.2113926420784627,1.1784345613527503,1.136132251057143
2020-07-13,0.00482143099655032,0.004417236284017589,0.00040419471253273195,0.9622931653789842,0.41933203910416506,1.1841163022742627,1.1411508156599552
2020-07-14,-0.005898266831112069,-0.006280758564876855,0.00038249173376478596,0.9516739551706221,0.41305382267279916,1.1771320683643793,1.1339835229006827
2020-07-15,0.01181425883863656,0.011317492330204142,0.0004967665084324179,0.7619081011262087,0.7386843629984357,1.1910390113072957,1.1468173727236892
2020-07-16,0.0013943735433630065,0.0012138049422570681,0.00018056860110593823,0.961317296998156,0.48962405014077043,1.1926997645937758,1.1482093853185673
2020-07-17,0.001059515968791429,0.0010588991272013088,6.16841590120153e-07,0.9623806968814915,0.0015306730649031815,1.1939634490403366,1.1494252232345255
2020-07-18,-0.00021106444351683213,-0.00021143864226673463,3.741987499025059e-07,0.9625354722992031,0.00015477541771171353,1.1937114458093854,1.1491821903259376
2020-07-19,-0.0003537588392505958,-0.0003838714951752919,3.0112655924696108e-05,0.9620307959316778,0.012713571391423126,1.1932891598339157,1.1487410520403083
2020-07-20,0.0013028573028595993,0.0012984832034829098,4.374099376689511e-06,0.9613422125173476,0.00835795604990065,1.1948438453302284,1.1502326730015338
2020-07-21,0.006133170197536801,0.006123556677043487,9.613520493313718e-06,0.9618860601983982,0.03068980665183485,1.2021720259931181,1.157276187966446
2020-07-22,0.005640853921937474,0.0056306169709266695,1.0236951010804647e-05,0.9627521147289104,0.028757190004579193,1.2089533027807848,1.163792366910459
2020-07-23,0.01031554913626631,0.009775080767944797,0.0005404683683215125,0.9634640676430046,0.9720570276668142,1.2214243199790715,1.1751685312941265
2020-07-24,-0.0013062682061318227,-0.001316476294845961,1.0208088714138215e-05,0.9641316039289977,0.014194284299419897,1.2198288122236867,1.1736214497802289
2020-07-25,-0.000758936340781233,-0.0007598995124183206,9.631716370876127e-07,0.964690757737124,0.000559153808126169,1.218903039808558,1.1727296154127773
2020-07-26,0.009521301516093539,0.009500607643148116,2.069387294542317e-05,0.9705461246988684,0.011687405070469177,1.2305085831694582,1.183871259360314
2020-07-27,0.005757465775200238,0.005751895526095104,5.57024910513372e-06,0.9716324904914306,0.010840423787531356,1.2375931942231464,1.1906807631605012
2020-07-28,0.008966892663531725,0.00894414556254636,2.2747100985364298e-05,0.9528865396815501,0.018745950809880545,1.2486905595568627,1.2013303852247323
2020-07-29,0.005492084691302333,0.005441064151075616,5.1020540226716215e-05,0.9699987636795799,0.04314697556086181,1.2555484738631786,1.2078669009173764
2020-07-30,0.000593348561264433,0.0005450124287422069,4.8336132522226116e-05,0.972250440922766,0.03676610236817783,1.256293451743743,1.2085252033906428
2020-07-31,0.00610691993295219,0.006102943185479046,3.9767474731443074e-06,0.9736318375560709,0.0071024748466288565,1.263965535265834,1.2159007640451556
2020-08-01,0.004883929400525011,0.00486712122098907,1.680817953594073e-05,0.9835440895971582,0.009912252041087638,1.2701386537047692,1.2218187004564565
2020-08-02,0.012989742085258615,0.012953234783404053,3.650730185456266e-05,0.9862632426403816,0.019446266748707003,1.2866374272289118,1.2376452049462225
2020-08-03,0.0008723743708298051,0.0005865996069099602,0.0002857747639198449,0.8269806450717273,0.16630290300464257,1.2877598567449768,1.238371207136938
2020-08-04,0.008663340442118356,0.008416815689001714,0.00024652475311664085,0.9602322619365915,0.13973465748697841,1.2989161587916522,1.248794349341976
2020-08-05,0.012664841643249049,0.012651001562139627,1.3840081109421642e-05,0.9802570747823077,0.03681833960667012,1.315366726250606,1.2645928486062925
2020-08-06,0.005653601144518204,0.0056384257948361785,1.5175349682025343e-05,0.9825148024591929,0.019432469910263494,1.3228032850795977,1.2717231615438396
2020-08-07,0.0005433222727948055,0.0005213967324908624,2.19255403039431e-05,0.9858272497687328,0.03619370920310733,1.3235219935669076,1.2723862338449015
2020-08-08,-0.003624029454115171,-0.0036262146125135065,2.1851583983351116e-06,0.987031883681929,0.0012046339131959278,1.3187255108790519,1.2677722882909719
2020-08-09,0.006541611620395084,0.006529485572454522,1.2126047940562534e-05,0.9877394953135596,0.006569700578813608,1.3273521010051297,1.2760501891565255
2020-08-10,-0.0022231906535253084,-0.0022318931110241243,8.702457498815865e-06,0.9854658913265644,0.013335414342995828,1.324401144220238,1.273202181530026
2020-08-11,-0.006471492464009177,-0.006483399495607622,1.190703159844473e-05,0.9806834269103671,0.015169561662187636,1.3158302921960916,1.2649475031484878
2020-08-12,-0.011258098285484226,-0.01127708716540688,1.8988879922655245e-05,0.9876346073646065,0.03800937164502289,1.3010165454395306,1.2506825798958185
2020-08-13,0.007118734543580105,0.007016481365692044,0.00010225317788806115,0.9859205069845848,0.1475103337724043,1.3102781368633203,1.2594579709120532
2020-08-14,0.00506854158777352,0.005051297329649003,1.7244258124516637e-05,0.9829082152351897,0.0156969456326348,1.3169193360915625,1.2658198675973265
2020-08-15,0.003178016548302455,0.003133716757897116,4.4299790405339036e-05,0.9999999999999999,0.027969911399075256,1.3211045275344409,1.2697865885288953
2020-08-16,0.004164894389911842,0.004097126558445193,6.776783146664868e-05,0.9957876807178435,0.0353009926978984,1.326606788369656,1.2749890648843147
2020-08-17,0.005043374529248337,0.00486399187088407,0.0001793826583642661,0.9335101294364316,0.34949131745135154,1.3332973632564475,1.2811906013313783
2020-08-18,0.007682630031627793,0.007672305414126544,1.0324617501248542e-05,0.9453216454559191,0.022577053696690122,1.3435405936204916,1.291020286918501
2020-08-19,-0.0034872402980806465,-0.003600313154020162,0.00011307285593951536,0.9892558660558304,0.25673773106357156,1.338855344720311,1.2863722095974013
2020-08-20,-0.013096774123239964,-0.013125486661400917,2.8712538160953316e-05,0.9911210769689811,0.03700027558675855,1.3213206586868167,1.2694879483187338
2020-08-21,0.00792451108948856,0.007825962985245422,9.854810424313793e-05,0.9901061840044986,0.24152362371028263,1.3317914788993508,1.2794229140124915
2020-08-22,-0.008030049503465884,-0.008030635475107817,5.859716419326438e-07,0.9902973995569548,0.0001912155524562125,1.321097127395495,1.2691483349715569
2020-08-23,0.003492477654645076,0.0034426737638943426,4.980389075073339e-05,0.9884288559598536,0.020535649860412182,1.3257110295925394,1.2735175986468537
2020-08-24,0.00713442902288484,0.007100612794383591,3.3816228501248673e-05,0.9658613024899777,0.02256755346987605,1.3351692208380228,1.2825603540016781
2020-08-25,0.004237056354440003,0.004221729482682778,1.5326871757224674e-05,0.9648786547541414,0.02054763352574544,1.3408264080694272,1.287974976861487
2020-08-26,-0.004075572872541086,-0.004112927463332488,3.7354590791402814e-05,0.9890300504230009,0.062328655499792704,1.3353617723339126,1.2826776292070683
2020-08-27,0.011804183843447415,0.011593328775359032,0.0002108550680883828,0.990173994876492,0.19928077977746447,1.351124628192054,1.297548132675264
2020-08-28,0.00018891399059094504,2.865815798395786e-05,0.0001602558326069872,0.9890395897100056,0.1602355123813904,1.3513798745373513,1.2975853180146422
2020-08-29,0.0003626235647103765,0.00023571666211282552,0.00012690690259755096,0.9101488151641884,0.08021033266908653,1.3518699167247339,1.2978911804946112
2020-08-30,0.00031450982489089315,0.0001772977876914042,0.00013721203719948896,0.984175531704907,0.08112380507002692,1.3522950930955182,1.2981212937295772
2020-08-31,0.00442493118300261,0.00440477369364991,2.01574893527001e-05,1.0,0.028843111412929695,1.358278905821578,1.303839224255364
2020-09-01,-0.00065355125905378,-0.0006723942223110358,1.8842963257255793e-05,0.9900080870666819,0.035260678999493617,1.3573912009325322,1.3029625302941523
2020-09-02,0.00875984680643331,0.008755831573261642,4.015233171669601e-06,0.9935400006949616,0.008138586281127876,1.3692817399091017,1.3143710507556787
2020-09-03,0.004397099309242503,0.0043967404760175315,3.5883322497118255e-07,0.9933533975876634,0.0003973497681373107,1.3753026077018145,1.3201499991550418
2020-09-04,-0.02388584034729908,-0.024077957958552977,0.00019211761125389706,0.9958467763661635,0.15235663645644457,1.3424523491850247,1.288363482976403
2020-09-05,0.0010195000021956996,0.0010178812006022332,1.6188015934664306e-06,0.9955345209246454,0.0003122554415180487,1.3438209793579665,1.2896748839452672
2020-09-06,-0.0008416505002137415,-0.0008599948778748217,1.8344377661080098e-05,0.9966127013020936,0.005097380399927085,1.342689951758492,1.2885657701509505
2020-09-07,0.00027311109628692774,0.0002718146870092374,1.2964092776903108e-06,0.9962712933854903,0.0003414079166032197,1.3430566552831904,1.288916021252455
2020-09-08,-0.02048554325890121,-0.020565586459695834,8.004320079462216e-05,0.9978274094900866,0.21541375664188633,1.3155434100722314,1.2624087073781005
2020-09-09,0.0057686885138482896,0.005702116469643162,6.657204420512721e-05,0.9905638801371766,0.1927591086323283,1.323132370231384,1.2696071088598622
2020-09-10,0.010796781189176395,0.010778629487335585,1.8151701840810766e-05,0.9850909604365797,0.0395623273042741,1.3374179409170888,1.2832917334807499
2020-09-11,-0.010868444573943172,-0.010869901368316203,1.4567943730304493e-06,0.986532257403585,0.0030900918533725234,1.322882288154034,1.2693424789110386
2020-09-12,4.818201735799578e-05,4.7733183567269395e-05,4.4883379072637995e-07,0.986693628908662,0.0001613715050768445,1.3229460272914044,1.2694030686685942
2020-09-13,0.00029863780796819504,0.00027737439657953564,2.12634113886594e-05,0.986884095952549,0.007174044387463861,1.323341108993055,1.2697551685787825
2020-09-14,0.005933936519985381,0.005932896729379369,1.0397906060117934e-06,0.9892753636899658,0.0024970863186648596,1.3311937311281066,1.2772884948655563
2020-09-15,0.010497205197075464,0.010493569097963243,3.636099112221956e-06,0.9864543022090637,0.008384822645447985,1.345167544880819,1.2906918099444615
2020-09-16,0.003472987287439172,0.0034561419754204543,1.684531201871788e-05,0.9879991835484286,0.033475251388643226,1.349839294663666,1.295152624086142
2020-09-17,-0.017982818619637898,-0.01798407881451378,1.2601948758818424e-06,0.9905164971238997,0.002689757065214656,1.3255653794620692,1.2718604972177525
2020-09-18,0.00595746219126164,0.005696292594674617,0.00026116959658702274,0.991363307594272,0.20816026398426912,1.33346238509226,1.2791053867495132
2020-09-19,-0.0012754344764998574,-0.0012863940667414214,1.0959590241564073e-05,0.9966785793947333,0.0053152718004612475,1.3317616411931976,1.2774599531692616
2020-09-20,-0.0004290746857443689,-0.0004470620969241116,1.7987411179742702e-05,0.9968324172565971,0.006947333206841566,1.3311902159855162,1.2768888492438613
2020-09-21,-0.019055454972784564,-0.019064187443516407,8.732470731842302e-06,0.9866879883604212,0.017035213061912583,1.3058237807645927,1.2525460008773404
2020-09-22,-0.0078119712973330376,-0.007813006702590301,1.0354052572637802e-06,0.9879534764567225,0.0016332791342728607,1.295622722869885,1.242759850577183
2020-09-23,0.005011369239989715,0.004745996705037571,0.0002653725349521441,0.9830356907004857,0.21256234434994742,1.302115566729907,1.2486579847331754
2020-09-24,-0.025397210914259106,-0.025398601159258984,1.390244999878796e-06,0.9809847452062843,0.002050945494201236,1.2690454630469274,1.2169438185946133
2020-09-25,0.0015339584291189068,0.0014513464129967692,8.261201612213762e-05,0.930482658442807,0.21078051647601875,1.2709921260319035,1.2187100256405492
2020-09-26,4.9165036480999436e-05,3.624126775523447e-05,1.2923768725764964e-05,0.9310890469462945,0.005467744498491199,1.2710546144061468,1.2187541932369044
2020-09-27,0.00014796311784629601,0.0001375779506212279,1.038516722506811e-05,0.9309214617748478,0.006129994725794172,1.2712426836098472,1.2189218669411208
2020-09-28,0.02448876242158826,0.024462139675807005,2.6622745781256023e-05,0.879300222746376,0.05164544334137988,1.3023738436689511,1.24873930390413
2020-09-29,0.0008679544973947475,0.000643899353370112,0.00022405514402463542,0.9999999999999998,0.1417637006117563,1.303504244903853,1.2495433663344417
2020-09-30,-0.0003866806509060346,-0.0006322947446046827,0.0002456140936986482,0.8232632057952637,0.19223244429247535,1.3030002050339746,1.248753286630753
2020-10-01,0.009001315633131106,0.008787267331550027,0.0002140483015810786,0.9615826780501016,0.13831947225483765,1.31472892114952,1.259726415591529
2020-10-02,-0.01693696659107708,-0.01695185348312198,1.4886892044898196e-05,0.9818084463452829,0.020225768295181825,1.2924614013356877,1.238371717965603
2020-10-03,-0.00014801278352317537,-0.00036368363800041623,0.00021567085447724084,0.847859337749377,0.13434153179129282,1.2922701005260797,1.2379213424340165
2020-10-04,0.00013797589526731547,0.0001250525543729984,1.2923340894317076e-05,0.8476286496255993,0.006344768013840081,1.292448402650127,1.2380761476600008
2020-10-05,0.011759632582765953,0.011759092588553184,5.399942127690588e-07,0.8466913785956809,0.0009372710299182425,1.3076471209974754,1.252634799712014
2020-10-06,0.008201749095405263,0.008177117973552287,2.4631121852976075e-05,0.796588457674936,0.050102920920745586,1.3183721145892255,1.2628777422470363
2020-10-07,-0.00833276138260102,-0.008602700163975971,0.0002699387813749509,0.9375845304973034,0.17795587435146254,1.3073864343448784,1.252013583686726
2020-10-08,0.01023562457321978,0.00997114975527175,0.00026447481794802984,0.767112479125994,0.17047205137130908,1.3207683510589532,1.2644975986253009
2020-10-09,0.0067014284699989,0.006682824073132085,1.860439686681465e-05,0.804862875959822,0.0377503968338278,1.329619385689013,1.2729480136178117
2020-10-10,0.0037452566138029956,0.0034630574261586477,0.0002821991876443477,0.976739010030648,0.17187613407082608,1.3345991514871054,1.2773563056894848
2020-10-11,0.002470339142229409,0.002430358197533091,3.9980944696317965e-05,0.9752442050364241,0.021041594485704293,1.3378960640102102,1.280460739058188
2020-10-12,0.007514859580838038,0.0074776865488344925,3.7173032003545455e-05,0.9395512514700785,0.03569295356634521,1.347950165065003,1.290035623102954
2020-10-13,0.005816086078899065,0.005777288248109198,3.879783078986716e-05,0.9518165431108487,0.03234392228274166,1.3557899592550873,1.297488530747949
2020-10-14,-0.0036374992800632935,-0.003650660310825274,1.3161030761980553e-05,0.9644270220194863,0.012610478908637623,1.3508582742543798,1.2927518408649963
2020-10-15,-0.015578889542551658,-0.015585516707085214,6.627164533554749e-06,0.9667212202436255,0.00597835347126101,1.3298134024121289,1.2726036354510797
2020-10-16,0.008495117343637964,0.00847936576046852,1.5751583169443344e-05,0.9896060475177144,0.02288482727408888,1.3411103233107624,1.2833945071441712
2020-10-17,-0.005079455868278051,-0.0051036006068784084,2.4144738600357163e-05,0.9956717197775666,0.01487646807688399,1.3342982126090133,1.2768445741586458
2020-10-18,0.00015093923577872863,0.0001243571170819324,2.6582118696796228e-05,0.998567039696248,0.016995944408783922,1.3344996105615254,1.2770033588688499
2020-10-19,0.004970802309546824,0.004965474060461168,5.328249085655773e-06,0.9886333860255243,0.010191536489615271,1.3411331443077938,1.2833442859224349
2020-10-20,-0.008475859685371628,-0.008479207517985506,3.347832613877805e-06,0.9893118787039054,0.0033717535226064094,1.3297658879572396,1.2724625434050776
2020-10-21,-0.006757040986782833,-0.006758589696926407,1.5487101435735355e-06,0.9882009286183577,0.0022148804261850987,1.3207806053494868,1.2638624911694951
2020-10-22,0.011041667013998188,0.011036076070346262,5.590943651925813e-06,0.9866614517210036,0.006883411789064887,1.3353642249923028,1.2778105737644991
2020-10-23,0.01225650700100441,0.012210552211645662,4.59547893587478e-05,0.9855198803483928,0.05557140472947793,1.3517311259648117,1.2934133464920434
2020-10-24,-0.00048452188043489254,-0.0004968158067031349,1.2293926268242374e-05,0.977285011126483,0.008536186511800735,1.3510761826578168,1.2927707582969055
2020-10-25,0.003477776271244378,0.00344925116439932,2.852510684505779e-05,0.974849117145802,0.01698020204241095,1.3557749233465075,1.2972298493402625
2020-10-26,-0.010425026879621567,-0.010458017825194689,3.2990945573121065e-05,0.9753394534302032,0.027663099560612473,1.3416409333279034,1.2836633964524873
2020-10-27,-0.006192897088012843,-0.0062278573534560585,3.496026544321569e-05,0.9801545349046167,0.028425920495129448,1.3333322890987382,1.2756689239295282
2020-10-28,-0.014263602178452439,-0.014267465285358948,3.863106906508793e-06,0.9882066521478208,0.008052117243204739,1.3143141677553485,1.2574683618417526
2020-10-29,-0.01889446757350025,-0.018899000628266913,4.533054766665707e-06,0.9871457797226229,0.005395622293900384,1.289480901331303,1.2337034664812796
2020-10-30,0.0012978118642532222,0.0012714931799065942,2.6318684346627938e-05,0.9849454545943152,0.021597083496445603,1.2911544049437789,1.2352721120249375
2020-10-31,-0.0017506969707689862,-0.0017545169034478773,3.81993267889113e-06,0.982471225315463,0.002642917362660698,1.2888939848382488,1.233104806224032
2020-11-01,0.0015431497390063812,0.001507579426694966,3.5570312311415146e-05,0.9880288544264668,0.021642177015838458,1.2908829412545588,1.234963809660854
2020-11-02,0.01026781161585884,0.010267417169449239,3.9444640960119713e-07,0.9877035579770229,0.0005513400898548488,1.3041374841134863,1.2476436982838142
2020-11-03,0.0024455588182720556,0.002434541004458134,1.1017813813921457e-05,0.9881967208197322,0.011350789652246906,1.3073268290379993,1.25068113802624
2020-11-04,0.0123398773609474,0.012283105645434056,5.677171551334354e-05,0.9837389030682548,0.055951453107474285,1.3234590817790044,1.2660433865733678
2020-11-05,0.01883822956726964,0.018821293341220627,1.6936226049012494e-05,0.9841592419111785,0.017043206667465116,1.348390707784445,1.2898719605347775
2020-11-06,0.012456056600949594,0.012442026802765316,1.4029798184278586e-05,0.9859296506767932,0.012485897718918405,1.3651863387608025,1.3059205820398867
2020-11-07,0.010824509447524566,0.010710566699504877,0.0001139427480196888,0.9142224839096134,0.07170716676717963,1.3799638111823502,1.3199077315380812
2020-11-08,-0.0084189628880648,-0.008460678782519073,4.171589445427186e-05,0.8956964870852326,0.027295702492907713,1.3683459470691337,1.308740416198974
2020-11-09,0.015400750700315168,0.015144692660613478,0.00025605803970169043,0.9558566077332074,0.52919407093822,1.389419501871732,1.328560887574831
2020-11-10,-0.014145600363053193,-0.014174211929382188,2.8611566328995097e-05,0.9652009028012036,0.031310653546519414,1.3697653288616218,1.3097295839932572
2020-11-11,0.009511038353431386,0.009088088053327985,0.00042295030010340107,0.994089337161805,0.6332855501397664,1.3827932194396253,1.3216325217786364
2020-11-12,0.00016699375605629403,0.0001563205009536947,1.0673255102599327e-05,0.9912395492530732,0.010898509479668406,1.3830241372731886,1.3218391200365174
2020-11-13,0.001554733776827695,0.0015536016541421174,1.1321226855776127e-06,0.9926975352675782,0.0016138610628132813,1.3851743716135754,1.323892731479916
2020-11-14,0.007941551611409992,0.007941146154971733,4.054564382593855e-07,0.9928727948039956,0.0002380103247390762,1.396174805376547,1.3344059571541027
2020-11-15,-0.0048565584697950245,-0.004857079161836563,5.20692041537826e-07,0.9925602181404001,0.0003125766635953438,1.3893942008001812,1.327924641786179
2020-11-16,0.007832895305429657,0.007826254534197457,6.640771232199779e-06,0.988424459583443,0.00413575855695718,1.40027718011302,1.3383173180350305
2020-11-17,0.012563081186806569,0.012560265003718393,2.816183088175468e-06,0.9882016459094708,0.0020131955204930056,1.4178689760108123,1.3551269382086162
2020-11-18,0.012977529330264137,0.012941697608758754,3.583172150538248e-05,0.994622263340387,0.02840362658852163,1.436269412233464,1.3726645812643954
2020-11-19,-0.01360260378526375,-0.013619618394572475,1.7014609308725968e-05,0.9965282831947975,0.016065600864578172,1.4167324084899586,1.3539694134838287
2020-11-20,0.006688675893946497,0.006677836015168458,1.0839878778039074e-05,0.9984770247509346,0.010614930724373299,1.426208472398798,1.3630109991966275
2020-11-21,0.013123859846661468,0.013122098298615773,1.7615480456954366e-06,0.9994745360635385,0.0009975113126039162,1.4449258325026808,1.3808965635101802
2020-11-22,0.03448815605056105,0.034418040293913175,7.011575664787268e-05,0.9971943438195309,0.03204441753256667,1.49475866009552,1.4284243170747999
2020-11-23,-0.005019976701042428,-0.005130054826641502,0.0001100781255990742,0.9806652784427172,0.053101554366262044,1.4872550064481593,1.4210964220124982
2020-11-24,0.023410024683964387,0.023271753838922948,0.0001382708450414388,0.9173124133997294,0.0698810321948851,1.5220716828604604,1.4541678281269472
2020-11-25,0.013017534999947601,0.012964539859114084,5.299514083351697e-05,0.8556086734144542,0.06170373998527478,1.5418853042645253,1.4730204448965403
2020-11-26,-0.010762663471417164,-0.010789530600462024,2.6867129044859307e-05,0.8437687643505959,0.011839909063858407,1.5252905116232025,1.4571272457312228
2020-11-27,-0.013510498796787552,-0.013523709274034582,1.3210477247030327e-05,0.8198663365194163,0.02410475607792531,1.5046830760011658,1.437421480484679
2020-11-28,0.00048767386132378453,0.0004365991684237325,5.1074692900052004e-05,0.8173479252714143,0.021746559429817663,1.5054168706069078,1.438049057507733
2020-11-29,0.005350755026869047,0.005278530751288767,7.22242755802798e-05,0.7999969687583923,0.02812600027958097,1.513471987494841,1.4456398436796494
2020-11-30,0.00144113859706047,0.001426400828869863,1.4737768190607266e-05,0.81591405130361,0.015917082545217502,1.5156531103915898,1.4477019055509213
2020-12-01,0.011854463446262406,0.011833873761850298,2.05896844121084e-05,0.7952778743271074,0.02977204899155196,1.533620364785941,1.4648338271460009
2020-12-02,-0.009912319055361368,-0.009992432540109586,8.01134847482191e-05,0.9379653142948255,0.14268743996771854,1.518418630420383,1.4501965739457738
2020-12-03,0.007074831312990455,0.007062177588541985,1.2653724448469598e-05,0.9460692448368156,0.015149789040153332,1.5291611860931094,1.4604381196892742
2020-12-04,0.002505640860188262,0.0024774371503210025,2.8203709867259634e-05,0.9119299631922172,0.03413928164459852,1.5329927148427982,1.4640562633427372
2020-12-05,-0.01054933330773501,-0.01054960015412872,2.668463937088287e-07,0.9118742653575918,0.00010361592248210594,1.5168206637355919,1.4486110551613234
2020-12-06,0.005808425660589894,0.005807629575432921,7.960851569733829e-07,0.9115466042901981,0.0003276610673936106,1.5256310038013468,1.4570240515685775
2020-12-07,0.005420710316346684,0.005399946949354628,2.0763366992055968e-05,0.9051595225660027,0.01041756737359855,1.533901007522591,1.4648919041509816
2020-12-08,-0.005066101955370385,-0.005069244614028221,3.1426586578360552e-06,0.9123050937097542,0.007164503457600366,1.5261301086290362,1.4574660087557307
2020-12-09,0.0003213273574177686,0.00031601644985230164,5.310907565466983e-06,0.9198997333036942,0.00759463959393904,1.5266204959839178,1.4579265919895983
2020-12-10,-0.004944318173669929,-0.004946072137341699,1.7539636717702148e-06,0.9231294999363799,0.0036041200500305922,1.5190723985213275,1.450715581894669
2020-12-11,-0.005856587449992479,-0.005880290333681425,2.3702883688946004e-05,0.9655109019772116,0.04238140204083158,1.5101758181765175,1.442184953081533
2020-12-12,-0.0033019586894248855,-0.0033050960697392382,3.137380314352978e-06,0.9642023505532812,0.0013085514239302041,1.5051892800111302,1.437418393261266
2020-12-13,0.003677467883453693,0.003677411319582613,5.6563871079660614e-08,0.9641982868300648,2.0757452156715435e-05,1.51072456524689,1.4427043719316213
2020-12-14,0.012587128912455042,0.012567494120560536,1.9634791894505226e-05,0.9546101307839416,0.02215962866733214,1.5297402501008652,1.4608355506435788
2020-12-15,-0.0034504022123688443,-0.0034573220683059044,6.9198559370602395e-06,0.9525921629213333,0.014999394232831722,1.5244620309575676,1.4557849716561728
2020-12-16,0.0039001648238380683,0.0038717549142869797,2.8409909551088524e-05,0.9989180629022467,0.055230204376026396,1.5304076841459853,1.4614214142743278
2020-12-17,0.014579016842427878,0.014577063409442242,1.9534329856363703e-06,0.9984384626572604,0.0013012761206641554,1.5527195235489306,1.4827246468981214
2020-12-18,0.003448855545218283,0.003447478717303825,1.3768279144577986e-06,0.9989655328879646,0.0008240753115184746,1.558074628887891,1.4878363085619244
2020-12-19,0.002995581332363191,0.0029902172478813265,5.364084481864439e-06,0.9963707511218227,0.002594781766141741,1.5627419681606163,1.4922852623538103
2020-12-20,0.0034354503807746558,0.0033868207654390854,4.862961533557053e-05,0.99633845720098,0.021383095342855565,1.5681106906501863,1.497339365068309
2020-12-21,-0.01193565175731599,-0.011940679948515696,5.028191199705486e-06,0.9981158200188808,0.005481134938452459,1.5493942675296613,1.4794601149357145
2020-12-22,-0.0021731490023839993,-0.002173521925462054,3.7292307805477167e-07,0.9979626730024398,0.00021773485812754236,1.5460272029228797,1.476244475938055
2020-12-23,0.00345200166080255,0.0034450660965318,6.935564270749755e-06,0.9983780992075402,0.005666212755054292,1.5513640913950155,1.4813302357323015
2020-12-24,-0.01556574376206547,-0.015570088384317319,4.344622251848611e-06,0.9980766011597729,0.0032948767524346744,1.5272159554666913,1.458265793035588
2020-12-25,0.011497275129637547,0.011497079257064365,1.9587257318149244e-07,0.9980531896392704,9.285699311755748e-05,1.5447747774890643,1.4750315904359839
2020-12-26,0.003526753385053079,0.003511307084858521,1.5446300194557987e-05,0.9908270206714875,0.007226168967782612,1.5502228171647185,1.4802108793098718
2020-12-27,0.0014944049873399589,0.001466446076170454,2.7958911169504877e-05,0.986262175847957,0.011471826821125172,1.5525394778741777,1.4823815287457405
2020-12-28,0.00895564347324237,0.008953512447114812,2.1310261275570466e-06,0.9858784821924079,0.0013652759675956646,1.5664434679161525,1.4956540502147384
2020-12-29,0.010393716058294443,0.010378465531019235,1.525052727520676e-05,0.9849870847376231,0.011117951506538451,1.5827246365430432,1.5111766442212216
2020-12-30,0.000675237381112269,0.0006553284332096249,1.9908947902644062e-05,0.9998764797233057,0.018596740011529275,1.5837933513816445,1.512166961243782
2020-12-31,-0.0010911837331473466,-0.0010941847237551248,3.000990607778211e-06,0.9999999999999998,0.0024514720873164446,1.5820651418399498,1.510512371255022
2021-01-01,0.0026827931015098875,0.002682468653794116,3.2444771577128045e-07,1.0,0.00025165657416609775,1.5863094952886172,1.5145642733420817
2021-01-02,0.005985933083628315,0.005985686695328686,2.4638829962906823e-07,0.9999999999999998,0.00018582696936385616,1.595805037777339,1.5236299805622455
2021-01-03,0.01219009177820785,0.012173741338252895,1.6350439954955833e-05,0.9991999589558749,0.0067893098019432725,1.6152580476479712,1.5421782578408176
2021-01-04,0.010563578336351203,0.010310348683771287,0.00025322965257991664,0.9031564281212503,0.09754485948778126,1.6323209525677222,1.5580786534116873
2021-01-05,-0.014258664528050241,-0.014261337035274128,2.6725072238861683e-06,0.9023425764959326,0.0008138516253176455,1.6090462357029516,1.5358583686079172
2021-01-06,0.009854795666811147,0.009664835989670127,0.00018995967714102063,1.0,0.09972149064561645,1.6249030575742558,1.550702187843875
2021-01-07,0.022389891579772742,0.022379823689037525,1.0067890735215542e-05,0.997954970869444,0.008704325352068578,1.6612844608609845,1.5854066294020257
2021-01-08,0.01119318529387235,0.010962204415772451,0.0002309808780998985,0.9994274330798936,0.17041904289559096,1.679879525657232,1.6027861809556514
2021-01-09,-0.00022527846663738008,-0.00022597944272319509,7.009760858150046e-07,0.9996585536705304,0.0002311205906369903,1.6795010849735565,1.6024239842276746
2021-01-10,5.5534722140345156e-05,6.562584488829795e-06,4.897213765151536e-05,0.986458161986825,0.015230048890306207,1.6795943555996449,1.6024345002704579
2021-01-11,-0.00236144959750945,-0.0023866865099808135,2.5236912471363266e-05,0.995390597082156,0.008932435095330543,1.6756280781846349,1.5986099914655345
2021-01-12,-0.006713544199016799,-0.007192324514945376,0.00047878031592857724,0.20073284510908226,0.9136430432017315,1.6643786750206286,1.5871122696340805
2021-01-13,-0.0010205020544574617,-0.0013406204182084371,0.0003201183637509754,0.9996259463102231,0.7991040195965946,1.662680173163375,1.5849845545194199
2021-01-14,0.01017419705604161,0.010166381403028963,7.81565301264678e-06,0.9974284672480541,0.0038505877035886382,1.6795966088863126,1.6010981120185743
2021-01-15,-0.003613203246532927,-0.003613486742391387,2.8349585846007693e-07,0.9971100082167293,0.00041646436850802657,1.673527884966219,1.5953125652175273
2021-01-16,-0.0018924404348932015,-0.001895195915734374,2.7554808411724987e-06,0.9960140755810009,0.001095932635728515,1.6703608331277875,1.5922891353596074
2021-01-17,0.006591632362053792,0.00654870566465029,4.2926697403502476e-05,0.9942233486708109,0.01324208460763356,1.6813712376517398,1.602716568240098
2021-01-18,0.0014856117906111776,0.0014851192861589947,4.925044521827683e-07,0.9940329335906085,0.00019041508020235407,1.6838691025867898,1.6050967935258378
2021-01-19,0.006466403685030114,0.006458804457288569,7.599227741545268e-06,0.9961859485016914,0.005818833926915042,1.6947576799568653,1.6154637998502421
2021-01-20,0.0027034851102064406,0.0026953679906421865,8.11711956425428e-06,0.9939272687437131,0.003556464834444796,1.6993394321100366,1.6198180692664
2021-01-21,0.004499692583808044,0.004494865652033196,4.8269317748472605e-06,0.9999999999999998,0.013247411864834652,1.7069859371500749,1.6270989338684883
2021-01-22,-0.013181496606776196,-0.013182134057210537,6.374504343410188e-07,0.9999999999999999,0.0004004102111623962,1.6844853078117166,1.6056502975978895
2021-01-23,0.0004180374270054331,0.0002800293943538469,0.00013800803265158625,0.9492773156237779,0.051286422172546406,1.6851894857156229,1.6060999268782699
2021-01-24,0.00024585937994271007,0.00022328780916848747,2.2571570774222568e-05,0.9491693441419412,0.0053095643241305186,1.6856038053576672,1.6064585494122483
2021-01-25,-4.438079877291517e-06,-2.4932119527857858e-05,2.0494039650566343e-05,0.9999568806339528,0.05089593746065617,1.6855963245133376,1.6064184969956778
2021-01-26,0.006507362058023163,0.006496364952011136,1.0997106012027102e-05,0.995822406947181,0.015446539647007686,1.696565110080619,1.616854377817823
2021-01-27,-0.015426770410409374,-0.015427104381417093,3.339710077180897e-07,0.9959830283869868,0.00016062143980574738,1.6703925896410943,1.5919109965616762
2021-01-28,-0.00937455899961034,-0.009383246162467529,8.687162857187947e-06,0.9979405963568829,0.021040218282922993,1.6547333957569919,1.576973703812199
2021-01-29,-0.0004039452172077748,-0.00040781978532399406,3.874568116219261e-06,0.993272087099039,0.005863833724458926,1.6540649741160218,1.5763305827348486
2021-01-30,0.0014198448143389122,0.0012722081683035269,0.00014763664603538535,0.9999999999999999,0.10098625650652818,1.6564134896921001,1.5783360033781504
2021-01-31,0.0073136158950172616,0.00724921397338105,6.440192163621093e-05,1.0,0.015299531064405802,1.6685278617190333,1.5897776987885297
2021-02-01,-0.002084430197808042,-0.002124434931977041,4.0004734168998794e-05,0.9869287580176273,0.019559525583484078,1.6650499318581822,1.5864003195111454
2021-02-02,0.011972697098145151,0.0119633080681992,9.389029945951261e-06,0.9800065987957886,0.00692215922183849,1.6849850703456073,1.6053789152529467
2021-02-03,0.01074240033091697,0.01073636352991397,6.036801002999492e-06,0.9926009515622765,0.012751286780138683,1.703085854522878,1.6226148468903614
2021-02-04,0.005043656078931591,0.005026500216763911,1.7155862167679935e-05,0.996327983329532,0.006537559149641586,1.7116756338459846,1.6307709207699803
2021-02-05,0.014948524635054066,0.014940540799607473,7.983835446593068e-06,0.9997161173921729,0.0033881340626412126,1.737262659225753,1.6551355202465576
2021-02-06,0.0064000676476800265,0.006397654708694167,2.4129389858594527e-06,0.9990145107207045,0.0007016066714685709,1.7483812577665865,1.66572450580119
2021-02-07,0.0022846389356798416,0.0022439574933024323,4.0681442377409416e-05,0.9999999999999998,0.010067395965823005,1.752375677662493,1.6694623207877601
2021-02-08,0.004716609868898001,0.004712131731696541,4.478137201460795e-06,1.0,0.002926343848198997,1.7606409500777727,1.6773290471644158
2021-02-09,0.00908826898838573,0.009084599477619543,3.669510766185389e-06,0.9982009884234845,0.001828180631367951,1.7766421286240466,1.692566909750082
2021-02-10,0.009097297648791252,0.00908807595968696,9.221689104292451e-06,1.0,0.005601539672554586,1.7928047708835217,1.7079490863927433
2021-02-11,0.005304593530665326,0.005283371762363938,2.1221768301387506e-05,0.9999999999999996,0.012412740323814241,1.8023148714728963,1.716972816367346
2021-02-12,-0.0017967371129513905,-0.0017976713352078138,9.342222564233697e-07,0.9999999999999998,0.0004341270809155363,1.7990765854540967,1.7138862635520316
2021-02-13,0.003068961741383676,0.003054693996336485,1.426774504719121e-05,0.9999999999999994,0.0076689349830688005,1.8045978826646745,1.7191216616317075
2021-02-14,0.0008273380512752211,0.0008094488091927276,1.788924208249346e-05,1.0,0.006321899246059572,1.806090895160254,1.7205132026135728
2021-02-15,-0.0016276661656619762,-0.0016285448295613343,8.786638993582538e-07,0.9999999999999997,0.0005372828711421558,1.8031511821180914,1.7177112697332644
2021-02-16,0.007793250063153582,0.007792786474661958,4.6358849162459496e-07,0.998871599991936,0.0011414916014788287,1.817203590182009,1.731097026883416
2021-02-17,-0.007742337939138597,-0.007744756742222022,2.418803083424608e-06,0.9994352800755012,0.0005636800835657705,1.803134185882604,1.7176901015130204
2021-02-18,0.004141752432503485,0.004125146924971942,1.6605507531543435e-05,0.9999999999999999,0.019079420991650848,1.8106023212831137,1.7247758255533314
2021-02-19,0.007417699577647036,0.007414332319578875,3.367258068160931e-06,0.9975328513199798,0.004012642953421612,1.824032825356982,1.7375638867007597
2021-02-20,0.009000546777889439,0.00899988991344915,6.568644402883127e-07,0.9972976587671566,0.0002351925528230425,1.8404501181260136,1.7532017703986513
2021-02-21,-0.0028364881783682918,-0.0028631373901622376,2.6649211793945976e-05,0.9945708445948678,0.006890336042088191,1.8352297031230724,1.7481821128573245
2021-02-22,-0.00915158794903172,-0.009156657195477428,5.069246445707877e-06,0.9947287316133174,0.0029185517028916114,1.8184344370882664,1.7321746085346246
2021-02-23,-0.002715259149282648,-0.0027212210931202895,5.961943837641279e-06,0.9972669344890175,0.005243669213222785,1.8134969163455918,1.7274609784529127
2021-02-24,-0.007797547450637413,-0.007822075821709823,2.4528371072410832e-05,0.9962062269547359,0.03076721443941719,1.7993560880888024,1.7139486477004091
2021-02-25,0.01194132870468452,0.011940549296072168,7.79408612351773e-07,0.9953461525710591,0.001008484825151613,1.8208427905934461,1.7344141360192122
2021-02-26,-0.017638607198355357,-0.01764979434247405,1.1187144118691553e-05,0.9928802094002721,0.0048159097684286134,1.7887256598402113,1.7038020832137932
2021-02-27,-0.00047688618104212404,-0.0004920686939960889,1.5182512953964823e-05,0.9974326080565387,0.004552398656266632,1.787872641291358,1.7029636955478784
2021-02-28,0.0002418800054062939,7.004525951989822e-05,0.0001718347458863957,0.9399073268382134,0.05793315539771091,1.7883050919354992,1.703082980081886
2021-03-01,0.00028746312200088624,0.0002870393339590467,4.2378804183951225e-07,0.9390821097232384,0.0008259676284266172,1.788819163700317,1.703571831886166
2021-03-02,0.008318374205252747,0.008297357898899039,2.101630635370869e-05,0.9909661135951282,0.05189933499666035,1.8036992308895037,1.7177069770818083
2021-03-03,-0.008859399803991697,-0.008985265485758263,0.00012586568176656658,0.9910144415438401,0.09319785601657105,1.7877195382769013,1.7022729238659888
2021-03-04,-0.00648306066091394,-0.00649820803586078,1.5147374946839945e-05,0.9934862500900753,0.008671033002698298,1.776129644065551,1.6912112002728947
2021-03-05,-0.006007624318193057,-0.0060111228664088455,3.4985482157890647e-06,0.990702003153794,0.004473322446557875,1.7654593244235992,1.6810451219550075
2021-03-06,-0.0006551525541784013,-0.0006605236589878071,5.371104809405808e-06,0.9930583896387204,0.0023563864849264057,1.764302679237905,1.6799347518801302
2021-03-07,0.0010899069758215426,0.0010860372255134896,3.8697503080530034e-06,0.9914017144964723,0.0016566751422479862,1.766225605035467,1.6817592235571057
2021-03-08,0.013101739662876808,0.013092038236313995,9.701426562813213e-06,0.983686131319387,0.007715583177085128,1.7893662330985487,1.7037768796161892
2021-03-09,0.006811361807037957,0.006810815115556633,5.466914813233948e-07,0.9836476466679722,0.00040160699700209307,1.8015542539174796,1.7153809889414149
2021-03-10,0.013186943937718819,0.013182784036501702,4.159901217117472e-06,0.990999713023573,0.007388102993476332,1.8253112488646481,1.7379944860589505
2021-03-11,0.003864327927319544,0.0038605843965264543,3.7435307930894852e-06,0.9931411851320792,0.0041058615584555315,1.8323648500996865,1.7447041604530786
2021-03-12,-0.0007130825703423825,-0.000717275850576302,4.1932802339194965e-06,0.9973036376328938,0.0041624525008145865,1.8310582226625725,1.7434527262923856
2021-03-13,-0.0016474021024861132,-0.0016477624977844323,3.603952983190635e-07,0.9974585874230252,0.00015494979013133204,1.8280417334967836,1.740579930273341
2021-03-14,0.003984184504021043,0.003972210738019522,1.1973766001521197e-05,0.9974454547156234,0.004241200020182797,1.835324989044085,1.747493880562754
2021-03-15,0.0024903070563351004,0.002474729758750528,1.557729758457255e-05,0.9999999999999996,0.008098535902997974,1.8398955118149698,1.7518184556722172
2021-03-16,0.004044666959172284,0.004030011887722269,1.4655071450015197e-05,0.9999999999999997,0.008509709331077578,1.8473372763999372,1.7588783048737076
2021-03-17,-0.000791779108108222,-0.0008044917614016575,1.2712653293435475e-05,0.9998468300028247,0.010978996990763995,1.845874593338854,1.7574633017681287
2021-03-18,0.00035810169346709965,0.00035573404339646597,2.3676500706336778e-06,1.0,0.001954239143981271,1.8465356041566565,1.7580884912945876
2021-03-19,-0.008423285408979178,-0.008424829807538291,1.5443985591139068e-06,0.999744325408152,0.0013787974943749329,1.8309817077450032,1.7432768949688389
2021-03-20,0.002062369181721331,0.002059416947867602,2.9522338537291185e-06,1.0,0.002014482303486727,1.834757867991352,1.7468670289511636
2021-03-21,0.00018810207838797934,0.0001741105686445285,1.3991509743450843e-05,1.0000000000000002,0.005306067387138094,1.83510298975966,1.7471711769629208
2021-03-22,-0.0018028977269441478,-0.001804070882695018,1.1731557508702694e-06,0.9996374187875657,0.0006960293177903029,1.8317944867507139,1.744019156315478
2021-03-23,0.004607580303173422,0.004606242331281571,1.3379718918517864e-06,0.9964996725859678,0.0031397307774158143,1.840234626947328,1.7520525311798645
2021-03-24,-0.0015717628352047456,-0.0015729974402927086,1.2346050879629267e-06,0.9972825493841505,0.001523377881257329,1.8373422145526352,1.74929655703306
2021-03-25,-0.01372430554714445,-0.01373491066258959,1.060511544513918e-05,0.9987616826512817,0.007454263909818244,1.8121259686054478,1.7252701250998355
2021-03-26,0.011433622290069624,0.011248063345827378,0.0001855589442422454,0.9982547447665661,0.1469606613414932,1.8328451324725092,1.7446760727556219
2021-03-27,0.0005316489881747291,0.0005314253417940525,2.2364638067662444e-07,0.998332992389171,7.824762260499104e-05,1.8338195627326694,1.745603237833906
2021-03-28,0.0005395913587083352,0.00037497944787645375,0.0001646119108318815,0.9999999999999998,0.12562188267996888,1.8348090759221503,1.7462578031722402
2021-03-29,0.012255832584431197,0.01225528969448435,5.428899468477547e-07,0.9999999999999993,0.00044149594444241563,1.8572961887810473,1.7676586984313698
2021-03-30,0.004826383177540572,0.004823086960222608,3.2962173179639132e-06,0.9929738884941264,0.007362491231258586,1.8662602118622904,1.7761842700498982
2021-03-31,0.0008761577558825924,0.0008716654213693628,4.492334513229628e-06,1.0,0.007026111505874323,1.8678953502214088,1.777732508460081
2021-04-01,0.007812709712369716,0.007800273758402392,1.2435953967324611e-05,1.0,0.008105676614119126,1.8824886743657738,1.791599308695281
2021-04-02,0.001566121175781952,0.0015660861650642652,3.5010717686923644e-08,1.0000000000000002,2.8122368876724087e-05,1.885436879741868,1.7944051075859677
2021-04-03,0.0029711396592694804,0.0029630387184797304,8.100940789749957e-06,1.0000000000000002,0.006701716432754138,1.8910387760303184,1.7997219993963829
2021-04-04,-0.0022372060294441215,-0.0022488823249647402,1.1676295520618801e-05,1.0000000000000007,0.0049624916260497445,1.8868081326786708,1.7956746364020901
2021-04-05,0.014271317449136109,0.01426837085800191,2.9465911341997546e-06,1.0000000000000002,0.0024039767587674104,1.9137353705057396,1.8212959880545827
2021-04-06,0.00807735790952983,0.008074266840110172,3.091069419658535e-06,0.9972385505833135,0.002761449416686801,1.9291932960374414,1.8360016178569574
2021-04-07,0.004786629597161072,0.0047819507683405,4.67882882057197e-06,0.9999999999999996,0.0027614494166866136,1.9384276297668988,1.8447812872041427
2021-04-08,-0.0029806397915775606,-0.00299074613408326,1.010634250569939e-05,0.9999999999999996,0.007923721240694877,1.9326498752405221,1.8392640147012078
2021-04-09,0.0010817822511571533,0.0009167499964159033,0.00016503225474125003,0.9999999999999998,0.1300921289077556,1.9347405815732583,1.8409501599800933
2021-04-10,-7.226782016981412e-05,-0.00021047414163152882,0.0001382063214617147,1.0000000000000002,0.11598233184942879,1.9346007620888341,1.8405626875753849
2021-04-11,0.0028404426498780853,0.002825889554773646,1.4553095104438926e-05,1.0000000000000004,0.004425226004954114,1.9400958846039578,1.8457639144491105
2021-04-12,0.0053686081972945925,0.0053520050192173325,1.6603178077260383e-05,1.0000000000000002,0.01387440149370616,1.95051149927358,1.8556424521835322
2021-04-13,0.0018443550456449507,0.0018411475859587665,3.207459686184179e-06,0.9999999999999997,0.002226176914373743,1.9541089349988534,1.8590589638047725
2021-04-14,0.007441015831812853,0.007433529850433437,7.485981379415896e-06,1.0,0.006182676513280689,1.9686494905212666,1.872878334105931
2021-04-15,0.007278224928332886,0.007277699617615818,5.253107170674599e-07,0.9999999999999997,0.0004138313150709429,1.9829777643183284,1.8865085800418946
2021-04-16,0.01439891776744884,0.014397125658937813,1.7921085110278539e-06,1.0,0.0013434302664341968,2.0115304980814277,1.9136688811254223
2021-04-17,0.003894411699247922,0.0038925622690486827,1.8494301992393927e-06,0.9992427088260435,0.0007940436562833006,2.01936422598655,1.9211179564075438
2021-04-18,-0.0021552990350364918,-0.002193124662724922,3.782562768843052e-05,0.9959977074694009,0.008933742329093153,2.0150118922188938,1.9169047052373427
2021-04-19,-0.0030263266929168,-0.00303044044134321,4.113748426409697e-06,0.9950231411760225,0.002489148641291168,2.008913807942927,1.9110956396963903
2021-04-20,-0.006665038645764813,-0.006793986847986849,0.00012894820222203647,0.9375785396379983,0.06432058561983972,1.9955243197769768,1.898111681055048
2021-04-21,-0.0023036460760918354,-0.0023243598460398465,2.0713769948010872e-05,0.9983599778477322,0.06078143820973471,1.9909273380079768,1.8936997864803045
2021-04-22,0.006342628311546887,0.0063408057386468404,1.8225729000463031e-06,0.9962533376480608,0.0025238516335327928,2.003555050108259,1.9057073689536932
2021-04-23,-0.008529739707157955,-0.008532998899777993,3.2591926200389203e-06,0.9955730251123175,0.0017974895674075406,1.9864652470418735,1.8894459700711126
2021-04-24,4.792299562376943e-06,2.6495394023225135e-06,2.14276016005443e-06,0.9960199645912543,0.00044693947893686796,1.9864747667784075,1.8894509762326588
2021-04-25,-0.00014050439236774543,-0.00014158599694008618,1.0816045723407448e-06,0.9958081571380377,0.0002118074532165867,1.9861956583483473,1.8891834564325194
2021-04-26,0.008414973040671998,0.008414080576574506,8.924640974913851e-07,0.9973125066845999,0.0015043495465621364,2.0029094412668482,1.905079198258874
2021-04-27,-0.0010389676669878838,-0.001041253236552023,2.285569564139239e-06,0.9952750663393575,0.0025575843619168245,2.000828483117467,1.903095528377799
2021-04-28,-0.00018845827682217292,-0.00018952221092003504,1.0639340978621087e-06,0.9973400416991247,0.0020649753597675458,2.000451410429322,1.9027348495056688
2021-04-29,0.003987867278736237,0.003985453418833401,2.413859902835889e-06,0.9970301030364908,0.0006972347578508741,2.008428945151675,1.9103181106167648
2021-04-30,-0.0036219790439863983,-0.00362215524903067,1.76205044271749e-07,0.9969754697482133,0.00011635654441969061,2.001154457601,1.903398641845076
2021-05-01,0.0007031871580563668,0.0007031180221395398,6.913591682692218e-08,0.996989386932152,1.3917183938793893e-05,2.002561643716872,1.904736955733473
2021-05-02,0.0026468658373196238,0.002462470239195429,0.0001843955981241946,1.0,0.13646148620861853,2.0078621557187524,1.9094273138004623
2021-05-03,0.0028635223026404933,0.002861133322756735,2.3889798837582985e-06,0.9999999999999997,0.0017085642178378442,2.013611713782281,1.9148904399153588
2021-05-04,0.0022700994937575113,0.0022592419537167487,1.0857540040762539e-05,0.9940312943289369,0.01209277847605034,2.018182812714362,1.9192166407339868
2021-05-05,-5.590646682533587e-05,-7.744689703335639e-05,2.154043020802051e-05,0.9990298513445192,0.010491558485307743,2.0180699832438957,1.919068003360427
2021-05-06,-0.0005152008455013261,-0.000733813572905481,0.00021861272740415484,0.9997475675604242,0.16513498052142286,2.017030271882248,1.9176597652122325
2021-05-07,0.010534316751853788,0.010338053785780772,0.0001962629660730155,0.9997297862970508,0.14090295253692578,2.038278307664333,1.937484635007824
2021-05-08,0.00022407605450630537,0.00022268513338881185,1.3909211174935281e-06,0.9997948390993184,0.0004818143030654357,2.0387350370255004,1.9379160840322096
2021-05-09,0.0015621602120258378,0.0015519101676388823,1.0250044386955647e-05,0.9994257231161232,0.003177123599262744,2.041919867783205,1.94092355570705
2021-05-10,0.007887934802078542,0.007887214733731213,7.200683473294854e-07,0.9994702696335276,0.0004897035900645157,2.058026398571348,1.9562320365726686
2021-05-11,-0.020125134636614122,-0.02012731000954993,2.175372935807726e-06,0.9994902444151932,0.0015597999223085429,2.0166083402143933,1.9168583479219574
2021-05-12,-0.005633288783797907,-0.005822689271033569,0.00018940048723566202,0.9999999999999997,0.14048926915620638,2.0052482030701504,1.9056970773854212
2021-05-13,-0.008488900481484134,-0.00879854872178402,0.00030964824029988425,0.4968263041998835,0.5758135771420494,1.988225850633613,1.8889297088010841
2021-05-14,0.008774854223377983,0.008649476672989678,0.00012537755038830533,0.5456184232596796,0.12143200040172865,2.005672242636075,1.9052679622542763
2021-05-15,0.000575356682289984,0.0005747627344525832,5.939478374007676e-07,0.5457633266157784,0.00014490335609878766,2.006826219563359,1.9063630392781263
2021-05-16,-0.00036597243101443676,-0.00037353200697999095,7.559575965554173e-06,0.5462700113504826,0.0016525839597675588,2.006091776493162,1.9056509516660323
2021-05-17,0.0016095248462279787,0.0015901172373002184,1.940760892776026e-05,0.592845228503362,0.04657521715287955,2.0093206310512413,1.9086811600925542
2021-05-18,-0.001326879308064841,-0.0013489112757198425,2.203196765500149e-05,0.6448592683818551,0.05201403987849328,2.0066545050826314,1.9061065185539514
2021-05-19,-0.01442054855899748,-0.014483424979352679,6.287642035519805e-05,0.793735604702869,0.14887633632101385,1.9777174463509564,1.87849956778982
2021-05-20,0.0063500871398629154,0.0063286056001126455,2.1481539750270137e-05,0.8428631138767101,0.049127509173840865,1.9902761244733123,1.8903878506743437
2021-05-21,0.01377979822809511,0.0137568874828423,2.2910745252810726e-05,0.8878286343637012,0.044965520486990915,2.0177017278867497,1.9163937036350025
2021-05-22,-0.0007509674227165699,-0.0007517759961605751,8.085734440052265e-07,0.8877889106723046,0.00016741143198668656,2.016186499620348,1.9149530048494163
2021-05-23,-0.00037726868662421283,-0.0003925176686150034,1.5248981990790568e-05,0.8882523882022031,0.0034514017581618503,2.0154258555876465,1.9142013519604455
2021-05-24,-7.168997524689718e-05,-9.349507794967448e-05,2.18051027027773e-05,0.9395219598254162,0.05143891150820194,2.0152813697579477,1.9140223835558325
2021-05-25,0.0064037478565854905,0.006381639606726366,2.210824985912473e-05,0.9927666106654153,0.053265498467055195,2.0281867235099518,1.9262369846068934
2021-05-26,-0.003252190568494735,-0.003252770069586775,5.795010920398703e-07,0.9925237694633264,0.00024284120208863634,2.0215906737766067,1.919971378596433
2021-05-27,0.0030120010412513346,0.0030044796403093823,7.521400941952514e-06,0.9943141838923014,0.01830161957569214,2.0276797069910057,1.925739893513403
2021-05-28,0.001419168738569922,0.001418627538384637,5.412001852848863e-07,0.9934020773985097,0.0009892603010037996,2.0305573266429997,1.928471801158107
2021-05-29,-0.0004628012681721035,-0.00046281787322891173,1.660505680822003e-08,0.9934063090786411,4.231680131500538e-06,2.029617582137133,1.9275792699405132
2021-05-30,-0.0003095630172512022,-0.0003303599501101312,2.0796932858929022e-05,0.9931975792091673,0.005576095736813573,2.028989287594541,1.9269424749490625
2021-05-31,0.0003395218648491109,0.0003393712875805105,1.505772686004184e-07,0.9931890046623462,4.2067657000809024e-05,2.0296781738212237,1.9275964238978796
2021-06-01,0.0045545118937337465,0.004554144251662591,3.676420711547971e-07,0.9940219127271845,0.0008636444223359702,2.038922367204344,1.9363749760712994
2021-06-02,-0.006220005540535358,-0.006220424993896532,4.1945336117460883e-07,0.9946684338751578,0.0006669009702168108,2.0262402587836115,1.9243299007725896
2021-06-03,-0.002469815132148107,-0.0024702912921945918,4.7616004648469407e-07,0.9958268262605775,0.0011726015483543442,2.0212358199311002,1.9195762453754015
2021-06-04,0.008138387507956884,0.00812068950747878,1.7698000478103687e-05,0.9940473517807249,0.055259044716480916,2.0376854202786623,1.9351645280500271
2021-06-05,-0.00038794515844724973,-0.0003886016146375646,6.564561903148566e-07,0.9942430563039423,0.00019570452321733631,2.036894910085427,1.9344125199898374
2021-06-06,-4.1342395141337516e-05,-5.921846576227149e-05,1.7876070620933973e-05,0.9897889987329213,0.005516920098970516,2.0368106999711926,1.9342979670482523
2021-06-07,0.003832055760846353,0.0038161436059792092,1.5912154867143675e-05,0.9889110653103581,0.052606681583605534,2.0446158721477707,1.941679525867262
2021-06-08,0.0008445654222721435,0.0004365783349547899,0.00040798708731735355,0.8927971912757334,1.3810818118748556,2.0463426840152157,1.9425272210816806
2021-06-09,-1.63181693420991e-05,-1.6661256501422382e-05,3.4308715932328384e-07,0.8937121725876744,0.0009149813119410859,2.046309291448766,1.9424948561373891
2021-06-10,0.000844552663839083,0.0006470362410590273,0.0001975164227800558,0.35681910651074966,0.7495814717348858,2.0480375074118973,1.943751720707381
2021-06-11,0.0011938462110081128,0.001188148934566489,5.6972764416237526e-06,0.373613896463617,0.01679478995286708,2.0504825492301237,1.946061187243401
2021-06-12,-0.0001545475769907262,-0.0001574507234580385,2.9031464673123124e-06,0.3746851239849907,0.0010712275213737715,2.0501656521204783,1.9457547785015759
2021-06-13,-5.450854208748143e-05,-6.400638732594281e-05,9.497845238461383e-06,0.374717014650368,0.0031695228431742376,2.0500539005797433,1.9456302377675818
2021-06-14,-0.00030716002239157016,-0.00035617628839951335,4.9016266007943205e-05,0.5285712952453441,0.15385428059497597,2.0494242059777372,1.9449372504108957
2021-06-15,0.0017308486328839682,0.0017296580809560674,1.1905519279009136e-06,0.5315725914561635,0.0030012962108194458,2.052971449062853,1.9483013268430214
2021-06-16,-0.00175262210333291,-0.0017692493856754827,1.6627282342572647e-05,0.5810951402974047,0.04952254884124149,2.049373365923714,1.9448542959173936
2021-06-17,-0.005567556183800623,-0.005581018492036278,1.3462308235655696e-05,0.6211298032355261,0.0400346629381214,2.037963364567349,1.9340000281275624
2021-06-18,-0.0035656720223300746,-0.0035688159981564008,3.1439758263262717e-06,0.629230601922887,0.008100798687360635,2.030696655615778,1.9270979378867459
2021-06-19,-0.0002330155088775916,-0.0002330389270886195,2.3418211027884056e-08,0.6292409945900347,1.0392667147720983e-05,2.0302234718011936,1.9266488490509062
2021-06-20,-0.0001167319520517561,-0.00012546888584960886,8.736933797852776e-06,0.629265651430686,0.00376456686744026,2.029986479852229,1.9264071145663924
2021-06-21,-0.0013706499296591995,-0.001375990528271038,5.340598611838358e-06,0.6139136649866542,0.015351986444031582,2.0272040790264105,1.923756396623155
2021-06-22,0.0041944202805352555,0.0041923668268454145,2.0534536898408563e-06,0.6079846138163603,0.005929051170293735,2.035707024928263,1.9318214891232894
2021-06-23,0.0025683368402700892,0.002548250913694434,2.008592657565529e-05,0.6645089940080948,0.056524380191734176,2.0409354062763825,1.9367442549980425
2021-06-24,0.0024902265534783863,0.0024694486224303364,2.0777931048049893e-05,0.7227409387355479,0.05823194472745345,2.046017797819026,1.9415269454305473
2021-06-25,-0.001762080571404122,-0.0020171171530032265,0.0002550365815991045,0.817221389393355,0.10786213960817252,2.0424125496087417,1.9376106581259014
2021-06-26,0.009366365964580167,0.00936623826091947,1.2770366069600377e-07,0.8172339805450037,5.153969693390617e-05,2.0615425329990287,1.9557587812068056
2021-06-27,-0.0011529045100416011,-0.0011722836437576265,1.9379133716025477e-05,0.8142456748379164,0.008292381187876157,2.0591657713150915,1.9534660771764614
2021-06-28,-0.0025635180721043185,-0.0025948716658024456,3.135359369812695e-05,0.8010250275024625,0.013220647335453858,2.053887062646867,1.94839708340269
2021-06-29,-0.000762024611797548,-0.0007660527259096914,4.028114112143502e-06,0.8113474524977815,0.010650234188568052,2.052321950155277,1.946904508505795
2021-06-30,-0.004622162876079318,-0.004633581793715903,1.141891763658535e-05,0.8101653248527083,0.007399882610802843,2.0428357838275066,1.9378833672210791
2021-07-01,0.0026938729423286478,0.0026922804724021612,1.5924699264866206e-06,0.812536526503499,0.0029401570883463603,2.04833892387118,1.9431006927684413
2021-07-02,0.008835067133574048,0.008830920621753974,4.146511820073544e-06,0.8102072198596605,0.0023293066438383023,2.066436135775895,1.9602600607463547
2021-07-03,-0.0008626756781693318,-0.0008653484688514185,2.672790682086671e-06,0.811317374918292,0.0011101550586318128,2.064653471581071,1.9585637527042372
2021-07-04,-0.00180532518322567,-0.0018248012004970318,1.9476017271361697e-05,0.8081514148044078,0.008930414967599627,2.0609261006741915,1.9549897632170525
2021-07-05,-0.002574234308819196,-0.0025843007385502417,1.006642973104607e-05,0.8124372297381742,0.004285814933766513,2.0556207939978948,1.9499374817281125
2021-07-06,0.006299875869619627,0.006295182552928703,4.693316690924095e-06,0.8113498051918974,0.004299078072194709,2.0685709498350904,1.9622126941423892
2021-07-07,-0.0049058425551424915,-0.004908579956376327,2.737401233835122e-06,0.8091459324610277,0.0022038727308695376,2.0584228664410578,1.9525810162417747
2021-07-08,-0.006537205055506604,-0.0065498196558500645,1.261460034346078e-05,0.8271568200945709,0.023018862088883714,2.0449665340721888,1.9397919627219546
2021-07-09,0.01185952184146682,0.01185565303539947,3.868806067348526e-06,0.8247300612370255,0.0024267588575457807,2.0692188593480867,1.9627894631928426
2021-07-10,-0.0018673208222215322,-0.001869248872128896,1.9280499073638573e-06,0.8255408348182143,0.0008107735811888729,2.0653549638862927,1.9591205212025429
2021-07-11,0.0014903637628169394,0.001476962211247074,1.3401551569865483e-05,0.8224817138681735,0.005820323757767129,2.068433094081823,1.9620140681796379
2021-07-12,0.002505357418722122,0.0024957605497378794,9.596868984242495e-06,0.8097941547806453,0.017397385561027278,2.073615258279211,1.966910785489031
2021-07-13,0.004182392259165169,0.004179420765483314,2.971493681854583e-06,0.8037897793044648,0.006004375476180585,2.082287930683925,1.9751313332697569
2021-07-14,0.004398378100677964,0.004348603725054599,4.977437562336458e-05,0.8894483104406011,0.08565853113613599,2.0914466203175515,1.9837203967430859
2021-07-15,-0.0032821342232760386,-0.003302417070588783,2.0282847312744077e-05,0.9364610095760547,0.05170902277473443,2.0845822117888524,1.9771693246416064
2021-07-16,0.007124102124851548,0.007121673855874476,2.428268977071936e-06,0.9351858934215717,0.001411174367780247,2.099432988353285,1.9912500797295434
2021-07-17,0.003740747912329504,0.003740683051935893,6.486039361090112e-08,0.9351812446774243,3.5750235266491376e-05,2.1072864379215432,1.9986987151549538
2021-07-18,-0.0003462922508454189,-0.00044350185154844445,9.720960070302551e-05,0.8816542621567427,0.055000078645026165,2.1065567009577792,1.9978122885740952
2021-07-19,-0.015396687142325635,-0.015399881178012957,3.1940356873225538e-06,0.8761708048257792,0.0054834573309631915,2.0741227064855625,1.96704621671408
2021-07-20,0.004370865991383288,0.0040655701562446675,0.00030529583513862045,0.9955786552588465,1.1680628469523031,2.083188418885296,1.9750433811087067
2021-07-21,0.016008137573877153,0.015593935154107461,0.00041420241976969265,0.9595347699439335,1.2514268120704575,2.1165363856871195,2.005842079520265
2021-07-22,-0.0042805657242333895,-0.004307311246394936,2.6745522161546463e-05,0.9982439519242732,0.04994158335124294,2.1074764125804544,1.997202293372655
2021-07-23,0.0028009265019572406,0.0027912855647737015,9.640937183538913e-06,0.9991307308085592,0.007953744109935655,2.113379299116701,2.0027770553040787
2021-07-24,-0.002033457081142604,-0.0020505628129265014,1.710573178389713e-05,0.9901043211731979,0.009026409635361301,2.109081833015772,1.9986702351518897
2021-07-25,-7.429264689864194e-06,-0.00015372103972251415,0.00014629177503264998,0.9239565123617417,0.07825725373186285,2.109066164088582,1.9983629974852797
2021-07-26,0.001846486692444059,0.0018413642537851087,5.122438658950376e-06,0.9335648665708162,0.009757402849588873,2.112960526694056,2.0020427116749357
2021-07-27,0.001753196104811147,0.0017287755855170325,2.442051929411444e-05,0.9998314970661055,0.06640356753590129,2.116664960859076,2.005503794236042
2021-07-28,0.002490056361864223,0.0024895885856358172,4.67776228405687e-07,0.9990009712855566,0.0009806414276054777,2.1219355759107983,2.010496673590621
2021-07-29,0.0024060176843425036,0.0024058954232089166,1.2226113358692318e-07,0.9991084162057897,0.00010744492023326854,2.127040990431475,2.0153337183359894
2021-07-30,-0.000935687476843498,-0.0009358771321323072,1.8965528880919426e-07,0.9992629335661252,0.00015451736033508378,2.1250507448139957,2.0134476135953836
2021-07-31,3.3089414955926426e-05,3.2942629175486685e-05,1.46785780439738e-07,0.9993472060129831,8.427244685797666e-05,2.125121061499893,2.0135139418534824
2021-08-01,3.461660171235612e-05,8.84233528204239e-06,2.5774266430313725e-05,0.9995135980572917,0.01405566444508462,2.12519462596927,2.013531746018851
2021-08-02,0.004352974152645527,0.004352318053217347,6.560994281797164e-07,0.9998705513693286,0.00039496857773562257,2.134445543245455,2.0222952765877755
2021-08-03,-0.0036572125005050315,-0.0036577692979255726,5.567974205412879e-07,0.9993962418805123,0.00047430948881658054,2.1266394223230507,2.0148981870137326
2021-08-04,0.003919955835601907,0.003919852753362884,1.0308223902289918e-07,0.99962832677,0.00024848910886777543,2.134975754936807,2.0227962912198443
2021-08-05,0.0010200072684186984,0.0009700583796898892,4.994888872880922e-05,0.8673929631604383,0.13223536360956156,2.1371534457247408,2.0247585217125477
2021-08-06,0.0026069059116882462,0.002605898547564315,1.0073641239312512e-06,0.8651807504018756,0.0023916020205204027,2.1427248036765856,2.0300348370034467
2021-08-07,5.503060688742289e-05,5.5029203176734115e-05,1.4037106887723902e-09,0.8651799988377877,7.515640878860003e-07,2.1428427191229247,2.0301465482029477
2021-08-08,-0.0008094553630822127,-0.0008253784028976735,1.5923039815460905e-05,0.8651779709429331,0.008578471301487438,2.141108183591689,2.0284709090873436
2021-08-09,0.0012186060485995403,0.0012177413857492084,8.646628503318543e-07,0.8650866657725189,0.0006243309063911741,2.1437173509749194,2.030941062063128
2021-08-10,-0.0007271278111411474,-0.0007280382799904869,9.104688493395267e-07,0.8664284771628074,0.0017511222789707308,2.1421585944698,2.0294624592255412
2021-08-11,-0.0005632188148227559,-0.0008835915169156638,0.0003203727020929078,0.9998767793337978,1.2157449528169395,2.1409520904450603,2.027669243412671
2021-08-12,0.00044175018777493035,0.00044154635143636007,2.038363385702818e-07,0.9998363805748622,0.0006907198601030484,2.1418978564330313,2.0285645533690198
2021-08-13,-0.00047582825659283403,-0.0004971055175258893,2.127726093305533e-05,0.9997571253613128,0.07790114301465749,2.140878680910205,2.0275561427368824
2021-08-14,0.00012284418722611766,0.00012279684864490375,4.7338581213916894e-08,0.9997788857671538,2.1760405841198438e-05,2.141141675411711,2.027805120241661
2021-08-15,0.00024621284319451144,0.00023411535458550984,1.2097488609001586e-05,1.0,0.006051445929906574,2.1416688519912968,2.0282798605564167
2021-08-16,-0.00025021600275986346,-0.00031336658178276057,6.315057902289714e-05,1.0,0.05535879108523856,2.141132972171916,2.0276442654296156
2021-08-17,0.002368325169403468,0.0023534283326003,1.4896836803167997e-05,1.0,0.05644204807539088,2.146203871280951,2.0324161808923122
2021-08-18,-1.4793402525164477e-06,-1.5269686292949525e-05,1.3790346040433079e-05,0.9997757680863132,0.048409160822829936,2.146200696315174,2.0323851465348133
2021-08-19,-0.002884985185373693,-0.002919136266676244,3.415108130255122e-05,0.9999999999999998,0.09708879386985597,2.140008939101466,2.0264523373457095
2021-08-20,0.008054542783427349,0.008049380857047482,5.161926379867474e-06,0.9999997676512534,0.015313442861231822,2.1572457326583754,2.042764023997659
2021-08-21,0.0024692322709970183,0.0024624695697104807,6.762701286537475e-06,1.0,0.005643985262495195,2.1625724734379257,2.0477942682448522
2021-08-22,-0.0004455266352832848,-0.0004543902555846171,8.86362030133227e-06,0.9999999999999999,0.0041567928800475586,2.161608989800279,2.04686377048392
2021-08-23,0.002293970218112946,0.002289910405787598,4.059812325347768e-06,0.9980966082809517,0.0043061492108632336,2.1665676564460856,2.051550905131181
2021-08-24,0.0022263551140777253,0.0022258763456295583,4.787684481668199e-07,0.9989896701142701,0.001111906541832767,2.17139120542801,2.056117403762767
2021-08-25,-0.002424846202956289,-0.0024557156426607955,3.086943970450645e-05,0.9999999999999998,0.07936323441994436,2.1661259157083954,2.0510681640912
2021-08-26,0.0001899009071476519,0.00018738832553304158,2.512581614610325e-06,0.9999999999999999,0.00667583063622373,2.1665372649847843,2.051452510320023
2021-08-27,-0.00285413238492346,-0.00285921900288486,5.086617961399788e-06,0.9995813227028782,0.004224986479787553,2.1603536808136474,2.045586958319
2021-08-28,0.004617739832350123,0.0046175253039846065,2.1452836551625798e-07,0.9996209155239301,9.452827914902331e-05,2.1703296320575047,2.0550325078605387
2021-08-29,-0.00023656047442086866,-0.00024298140433591194,6.420929915043284e-06,1.0,0.0025046979000360294,2.1698162178500957,2.0545331731758227
2021-08-30,-0.00024055652282666795,-0.00024769889916374875,7.142376337080775e-06,0.9972081916307499,0.004602525114637503,2.169294254405557,2.0540242675705316
2021-08-31,-0.0008409737781361075,-0.0008440567101734135,3.0829320373059786e-06,0.9970274457658485,0.005912884536306439,2.1674699348205406,2.0522905546046295
2021-09-01,0.0008418795901319159,0.000822571028531739,1.9308561600176962e-05,0.999836116322441,0.05242278182543933,2.169294683520891,2.0539787093569766
2021-09-02,0.0033716974735613302,0.0033679216373852547,3.7758361760753896e-06,0.9996906687158478,0.009165977906822149,2.1766088889247284,2.0608963486949485
2021-09-03,-0.0007498984188894644,-0.0007505201197134203,6.217008239559121e-07,0.9998398557028478,0.0010037282643064096,2.1749766533603827,2.0593496045206092
2021-09-04,0.0030163985867613513,0.002936999487066439,7.939909969491257e-05,1.0000000000000002,0.06192538991736343,2.1815372498638177,2.065397913252777
2021-09-05,-0.000813344900150533,-0.0008406565801388155,2.7311679988282516e-05,0.9999999999999999,0.01561059114293511,2.1797629076671527,2.063661622906396
2021-09-06,0.0033069391580942903,0.003306798569666226,1.4058842806427273e-07,1.0,6.367370771226193e-05,2.1869712509818786,2.070485736209298
2021-09-07,0.0016272417424528186,0.001396754864013863,0.00023048687843895573,0.9999999999999997,0.841294871110817,2.1905299818910207,2.0733776972322198
2021-09-08,-0.017581709658755815,-0.017588763389795002,7.053731039185986e-06,0.9975330716501666,0.003302513105887158,2.152016719750613,2.0369095474979244
2021-09-09,0.0023515089118631358,0.002167875967747193,0.00018363294411594317,0.9999999999999997,0.14086345806630216,2.157077206245585,2.04132531475442
2021-09-10,-4.8115423526815306e-05,-4.9687728531362496e-05,1.5723050045471925e-06,0.9981415467972983,0.0019034416454936946,2.156973417562227,2.0412238859363363
2021-09-11,0.0004392171480333305,0.0004391884109295591,2.873710377136969e-08,0.9981531445809937,1.1597783695409692e-05,2.1579207972750725,2.0421203678111524
2021-09-12,-2.2820175731032347e-06,-2.005448260024317e-05,1.7772465027139936e-05,0.9931903917847306,0.005913273640424183,2.1579158728618917,2.0420794141437684
2021-09-13,-0.002225074842519491,-0.0022388444694600093,1.3769626940518404e-05,0.9933897796094806,0.00449521749774352,2.1531143485409134,2.0375075159412144
2021-09-14,-0.002584130662620445,-0.0028020111268931016,0.00021788046427265642,0.9983938510522768,0.8565429552480672,2.147550419732721,2.0317983972104185
2021-09-15,-0.004994603516962888,-0.004995314076398778,7.105594358903164e-07,0.998229081783567,0.001960098946814265,2.1368242568534686,2.0216489260764288
2021-09-16,0.006616883272008165,0.006284128447338462,0.00033275482466970215,0.9977759373203491,0.8590192120504603,2.1509633735338634,2.034353227603317
2021-09-17,-0.005928824256587913,-0.005936090110257304,7.265853669390778e-06,0.9969004575227893,0.006468119952178294,2.1382106897098234,2.0222771235281707
2021-09-18,-0.0014273050756629913,-0.001487469642396684,6.016456673369267e-05,0.969827393350008,0.027073064172781262,2.1351588107395636,2.019269047698409
2021-09-19,0.001397046471199814,0.0013900819783454201,6.964492854393983e-06,0.9667084969171201,0.003118896432888019,2.1381417268215586,2.0220759972110454
2021-09-20,-0.009343383212168705,-0.00955771547016545,0.0002143322579967442,0.9940146293022569,0.7990855773975448,2.1181642493059365,2.0027495701706512
2021-09-21,-0.0016309639783592482,-0.0016536437063637422,2.2679728004493963e-05,0.994573616364426,0.0679742474942193,2.11470959971507,1.9994377359485158
2021-09-22,-0.00028510170413137246,-0.00035845523836037146,7.335353422899901e-05,0.9952955644305446,0.06895196221187447,2.1141066924044485,1.9987210270182896
2021-09-23,0.0026786057390903247,0.0025736472973111324,0.0001049584417791923,0.9949890875517806,0.33932845505900305,2.1197695507237726,2.0038650299875544
2021-09-24,-0.0004060470821603379,-0.00040654202291189306,4.949407515551481e-07,0.9949389421521636,0.0013338273716837943,2.118908824482849,2.003050374644621
2021-09-25,-0.0003252522741155493,-0.0003296619566629562,4.409682547406848e-06,0.9964383488395386,0.0014994066873749118,2.1182196445690424,2.0023900451388212
2021-09-26,-0.00019129609860129107,-0.00019871706160489087,7.420963003599793e-06,0.9966757286935545,0.0024210768021813564,2.117814437415056,2.0019921360728645
2021-09-27,0.0014194218994655154,0.0013117763254722093,0.00010764557399330622,0.9958107381856699,0.34214617011159626,2.120820509606527,2.0046183019607464
2021-09-28,-0.003552632721852808,-0.003565605721633205,1.2972999780396804e-05,0.9954358221339441,0.04741139948399193,2.1132860132669222,1.9974706234735844
2021-09-29,-0.004128375573865538,-0.004131631420522486,3.2558466569483373e-06,0.9956649014470316,0.011812356824305594,2.1045615749091593,1.9892178110840701
2021-09-30,0.0045716630623760315,0.004570809094449001,8.539679270305055e-07,0.9950208377914972,0.002150156346262413,2.114182921323667,1.998310145945813
2021-10-01,-0.007645413016735152,-0.007646875915903469,1.4628991683181788e-06,0.9942674766034798,0.00430986302627336,2.09801911969722,1.9830293162182744
2021-10-02,0.0004043016113372692,0.000404037366843544,2.6424449372522467e-07,0.9943677030740109,0.00010022647053129614,2.09886735220793,1.9838305341615725
2021-10-03,0.0003350176898485258,0.0002433664089230713,9.16512809254545e-05,0.9999999999999996,0.06709614323610769,2.099570509899565,1.9843133318745831
2021-10-04,0.0026621907507954233,0.002655364178955205,6.826571840218264e-06,1.0000000000000002,0.007723419329489741,2.1051599670916623,1.9895824064158663
2021-10-05,-0.0018867329826689186,-0.001891615436163998,4.882453495079555e-06,0.9934227183576976,0.008830314317208567,2.101188092347956,1.9858188816243696
2021-10-06,0.0011864239399456474,0.0011847205003032773,1.7034396423701459e-06,0.9943452710239903,0.003775316160584976,2.1036809922030466,1.9881715219633194
2021-10-07,0.010456596750518393,0.010447853666301353,8.743084217040279e-06,0.9939870821680611,0.008988934205535091,2.1256783360302443,2.0089436470882998
2021-10-08,0.0013872354354477138,0.0013841772703650462,3.0581650826675322e-06,0.9942122392982061,0.009222049452862962,2.128627152342349,2.011724381222044
2021-10-09,-0.0005796145386099362,-0.000587103071900096,7.488533290159813e-06,0.9976205961112057,0.003408356812999765,2.1273933690975713,2.0105432916580117
2021-10-10,0.0011710390362972634,0.0011567218230208573,1.4317213276406147e-05,0.9977676150629513,0.005747498436957383,2.1298846297783447,2.0128689309596006
2021-10-11,-0.0036570436850745804,-0.00367126302813716,1.4219343062579564e-05,0.9963117860299219,0.05072033899575128,2.1220955486430766,2.0054791596728827
2021-10-12,-0.0008251973674058528,-0.0008263545277507404,1.1571603448876705e-06,0.9959558519809538,0.0011644361406881324,2.120344400982953,2.0038219228889775
2021-10-13,-0.0027333199339575564,-0.002735099302640139,1.779368682582871e-06,0.995904253284844,0.004233333666353208,2.114548821364891,1.9983412709450687
2021-10-14,0.005260256848264385,0.005259900552996756,3.562952676294223e-07,0.9957492041389654,0.001079281140358802,2.125671891283465,2.008852347301189
2021-10-15,0.00716846568102758,0.007167714127393491,7.515536340891123e-07,0.9952376977963718,0.0017102918046131177,2.1409096972852555,2.023251226650787
2021-10-16,0.0016429170124078619,0.0016412723187167212,1.6446936911407421e-06,0.9961325428119931,0.0008948450156215425,2.1444270342489546,2.0265719328828986
2021-10-17,-0.0005838769819164454,-0.0005932349192044033,9.357937287957978e-06,0.9973641233408175,0.004667121565324451,2.1431749526642574,2.025369699646033
2021-10-18,-0.0007798980261136348,-0.0007814989990371584,1.6009729235235722e-06,0.9966604126587223,0.0014914554627160008,2.1415034947490583,2.0237868752530797
2021-10-19,0.0031973461615575306,0.0031921546692193874,5.191492338143434e-06,0.9966326803235412,0.017580780800766995,2.148350622727956,2.0302471159764237
2021-10-20,0.0046157017450969735,0.004611565020805411,4.136724291562374e-06,0.9976222614819792,0.007360665268795363,2.1582667684463614,2.0396097325600517
2021-10-21,0.0041472300478694385,0.004142919070276871,4.3109775925670275e-06,0.9982190869291055,0.008271566025040394,2.1672175972397807,2.048059670616997
2021-10-22,-1.7873222155570297e-05,-2.250932825535322e-05,4.636106099782925e-06,0.9990778211386023,0.0072806203959339165,2.167178862078206,2.0480135701695845
2021-10-23,0.00011962306059059622,0.00011818877142931134,1.4342891612848882e-06,0.9982403594957495,0.0008481076202557049,2.1674381066465354,2.0482556223773134
2021-10-24,0.0015933237323794388,0.0015330581947602495,6.026553761918939e-05,1.0000000000000002,0.05666065376103996,2.170891537220319,2.051395717444163
2021-10-25,0.0017922237790082643,0.0017913031796332251,9.205993750392434e-07,0.9999999999999994,0.0010720193609432967,2.174782260654973,2.0550703891155067
2021-10-26,0.006413271265669663,0.006201686058334583,0.00021158520733507947,1.0,0.7614212140028742,2.1887297292363197,2.0678152904965805
2021-10-27,-0.00031568844293073495,-0.0005745447086070719,0.0002588562656763369,1.0000000000000002,0.7949507174398204,2.188038772556101,2.066627238163049
2021-10-28,-0.006844097550121184,-0.00684703917537887,2.941625257686527e-06,1.0,0.005392260836256192,2.1730636217532795,2.0524769605024415
2021-10-29,-0.0006897575825340317,-0.000896745295031741,0.00020698771249770935,0.9999409492282008,0.5309598603802155,2.1715647346428466,2.05063641144495
2021-10-30,0.001095197107868887,0.001080929039307885,1.4268068561001844e-05,0.9999999999999994,0.013224091610989948,2.173943026059778,2.052853003891143
2021-10-31,-0.0012625300739726097,-0.0013001049667212584,3.757489274864874e-05,0.9999999999999999,0.03495912256706233,2.1711983576102742,2.0501840795048354
2021-11-01,0.006459785706632551,0.006389108792540558,7.067691409199356e-05,1.0,0.23028254728526823,2.1852238337270293,2.063282928633526
2021-11-02,0.0012865155935850323,0.0011408064305265286,0.00014570916305850376,0.9985260788655714,0.45849610014898706,2.1880351582645927,2.065636735066507
2021-11-03,0.004034912946470096,0.004015514019356115,1.939892711398085e-05,0.9999999999999999,0.04700231860716338,2.196863689652006,2.073931328335063
2021-11-04,0.0075276632618004255,0.007526383639580414,1.2796222200116483e-06,0.9999999999999997,0.003976992476584249,2.213400939739783,2.0895405311542574
2021-11-05,0.003872810401772313,0.0038719383104418863,8.720913304267403e-07,1.0,0.000977256317835164,2.2219730219224996,2.097631103188055
2021-11-06,-0.0002671168516774488,-0.00026842459402448234,1.3077423470335664e-06,1.0,0.0011895837327263914,2.2213794954843715,2.0970680474107684
2021-11-07,0.0010143259605028612,0.0009843166251175517,3.0009335385309436e-05,0.9870511120678066,0.01638784661842461,2.2236326983747703,2.0991322263538374
2021-11-08,0.0018436647514920234,0.0018397632900044312,3.901461487592258e-06,0.986696375941154,0.012715546403739248,2.2277323316010293,2.102994132764749
2021-11-09,0.003969984982983692,0.0038515801717992127,0.00011840481118447922,0.9999999999999994,0.3220815826386308,2.236576395503593,2.111093983267916
2021-11-10,-0.0019585408822080444,-0.001966396987561698,7.85610535365339e-06,0.9999999999999999,0.01700016704629365,2.2321959691968174,2.1069427344187583
2021-11-11,-8.143862941345755e-05,-0.00018112065416799254,9.968202475453498e-05,0.9999999999999998,0.24885637655277243,2.2320141822165036,2.1065611235724058
2021-11-12,0.0002726922983091368,0.0002646951282564775,7.997170052659286e-06,0.9994726230954919,0.027606811673847098,2.2326228352937108,2.10711872003919
2021-11-13,-0.0010754032851979347,-0.001097993087795077,2.2589802597142274e-05,1.0000000000000002,0.019895434691630527,2.230221865362028,2.104805118249423
2021-11-14,0.0014414664097212701,0.0014306859693174463,1.0780440403823912e-05,1.0000000000000004,0.005381674900061632,2.2334366552671736,2.10781643340025
2021-11-15,0.0030409286020540984,0.002963261584491328,7.766701756277044e-05,0.998854008844197,0.22221163148819426,2.2402283766730515,2.1140624448645045
2021-11-16,-0.0002797219190072673,-0.0002820797918659523,2.357872858684994e-06,0.997981610569003,0.0025722083802345824,2.239601735692514,2.1134661105700654
2021-11-17,-0.0019752091618089737,-0.0019837866630464033,8.577501237429481e-06,1.0,0.030841961662337887,2.2351780538253707,2.109273444687116
2021-11-18,-0.001736767829304826,-0.0018406961444431577,0.00010392831513833176,0.9999238232830182,0.0949288689635162,2.2312960684887186,2.105390913189904
2021-11-19,0.00031730672611639764,0.00031618797535667076,1.1187507597268885e-06,0.9993886356433932,0.002758475855727812,2.232004073739207,2.1060566124800797
2021-11-20,0.000595398458470772,0.0005946378123310052,7.606461397668918e-07,0.9997489885266247,0.00036035288323134785,2.233333005524012,2.10730895337677
2021-11-21,0.0002934201891724865,0.0002922619675929918,1.1582215794946859e-06,0.9991835817829489,0.0005654067436758759,2.233988310516978,2.10792483963781
2021-11-22,-0.0027255787639922074,-0.00273182060054087,6.241836548662592e-06,0.9991091973870547,0.012065508457258716,2.2278993994188263,2.102166367136496
2021-11-23,-0.003528122500217661,-0.003545102146442294,1.69796462246331e-05,0.9997613009423654,0.0534560476490224,2.2200390974195154,2.0947139726361814
2021-11-24,0.001369693738280262,0.0012513027767987045,0.00011839096148155756,0.9985467693964319,0.32782051032676224,2.2230798710699884,2.09733509404674
2021-11-25,-0.0003998033211701306,-0.0004000528030302183,2.4948186008770767e-07,0.9986622930984805,0.0001155237020487752,2.2221910763543082,2.096496049263473
2021-11-26,-0.00699126812832946,-0.006992475063986441,1.2069356569811278e-06,0.9977702474075817,0.0033482601674366614,2.206655142707134,2.081836352917252
2021-11-27,-0.001192774164763624,-0.0011929808850111544,2.0672024753044436e-07,0.9978546236684681,8.86361964548086e-05,2.2040231014623703,2.0793527619425003
2021-11-28,0.0003096097504843294,0.00030073024934507,8.879501139259377e-06,0.9955848420361918,0.004267040895375175,2.2047054885048754,2.0799780862170754
2021-11-29,0.003227494382031036,0.003225540346227997,1.954035803039307e-06,0.9952709363968045,0.003367682595556649,2.2118211630830578,2.0866871394534385
2021-11-30,-0.0027485495071424186,-0.0028548201693564565,0.00010627066221403792,0.9958453666927432,0.303697563379657,2.2057418631153785,2.0807300229205903
2021-12-01,-0.0013431326967761237,-0.0013502365988843571,7.103902108233455e-06,0.9968786369862089,0.02119683022150249,2.20277925909838,2.0779205450912452
2021-12-02,-0.008182953309032308,-0.00818817643353671,5.223124504402584e-06,0.9961610631814456,0.01441608608427905,2.1847540192710735,2.0609061650531673
2021-12-03,0.01024510728230318,0.010244201475328875,9.058069743058555e-07,0.9958088312924536,0.0019561287645464645,2.2071370585839487,2.082018503029719
2021-12-04,-0.0001881124165153765,-0.00019658802793461863,8.475611419242153e-06,0.9918224474368151,0.003986383855638366,2.2067218686982777,2.081609203118085
2021-12-05,-0.0006960741384373515,-0.0007046786079732915,8.604469535940067e-06,0.9924827780196387,0.0035807251564575864,2.205185826674753,2.0801423376424872
2021-12-06,0.0004571122203642584,0.0002796238129079163,0.0001774884074563421,0.4979397801943222,0.4954467371057748,2.2061938440643,2.08072399497433
2021-12-07,0.004717780394724556,0.0047014421525703965,1.6338242154159705e-05,0.5485812130506195,0.050746463228491356,2.2166021821287885,2.090506398472167
2021-12-08,0.0006365164521808443,0.0005789562914128548,5.756016076798938e-05,0.6973250873866598,0.14874387433604033,2.2180130858856533,2.091716710303801
2021-12-09,-0.002284793874279401,-0.002302283891411356,1.749001713195527e-05,0.7487736981280038,0.051448610741344075,2.2129453831739503,2.0869009846162725
2021-12-10,0.0037659830981609933,0.003654637986566807,0.00011134511159418632,0.7988837101441252,0.2705600601399968,2.2212792980841365,2.094527852228855
2021-12-11,-0.0004538827701592272,-0.0004552948773913272,1.412107232100006e-06,0.799547649599832,0.000663939455706768,2.2202710976830247,2.0935742244271816
2021-12-12,0.00023455648625696028,0.0002104879910340389,2.4068495222921367e-05,0.7966387794277533,0.010982042678884009,2.220791876670235,2.094014896659762
2021-12-13,0.0011063691144217018,0.0010873680811592998,1.9001033262402015e-05,0.8455378619770937,0.04889908254934089,2.2232488922121414,2.096291861619862
2021-12-14,-0.00515280815255594,-0.005305736854074277,0.0001529287015183362,0.8995877624049389,0.4285863116763141,2.2117929171951896,2.0851694886327694
2021-12-15,0.0018250581753563664,0.0017900431499575252,3.501502539884134e-05,0.9990383309296225,0.09960351370686762,2.215829567940912,2.088902031992397
2021-12-16,0.008307316354757026,0.008304065558140254,3.2507966167731724e-06,0.9972678157913164,0.011281605195027591,2.234237165150022,2.106248411410595
2021-12-17,-0.005456526590353605,-0.0055501406870164345,9.36140966628291e-05,0.9978389448635997,0.277265040263711,2.2220459906492245,2.0945584364054612
2021-12-18,-0.0001512337284469404,-0.00015355035381082254,2.316625363882147e-06,0.9966817974210338,0.0011571474425659564,2.221709942349278,2.094236816216474
2021-12-19,0.00023011468383186902,0.00022058242806776167,9.532255764107338e-06,0.9969164510266637,0.004543131498355273,2.222221190430228,2.0946987680583438
2021-12-20,-0.008567417800682644,-0.008661701156590497,9.428335590785262e-05,1.0000000000000002,0.28114177838918153,2.203182493046282,2.0765551133163442
2021-12-21,0.00258715372033646,0.0025831503295267845,4.003390809675861e-06,0.9984358141810993,0.01233272123585356,2.2088824648297467,2.0819191673415878
2021-12-22,0.0034012693721428735,0.00331086128451604,9.040808762683349e-05,0.9959056723526415,0.2893573963763707,2.2163954691040355,2.088812112910231
2021-12-23,0.0065780879998132424,0.006485472189013937,9.261581079930529e-05,0.9967081713883215,0.29759855959950515,2.230975113542189,2.1023590457765855
2021-12-24,0.0005023805253909297,0.0005023372504785624,4.32749123673293e-08,0.9967181704345837,1.926317826253781e-05,2.2320959119918644,2.1034151390391598
2021-12-25,-0.001831476824623738,-0.001985873887878791,0.00015439706325505283,1.0000000000000007,0.13742822920184164,2.228007880058714,2.0992380218391733
2021-12-26,0.0009093093452004959,0.0008999945975089578,9.31474769153811e-06,0.9999999999999999,0.005257469834038512,2.2300338284452317,2.101127324717714
2021-12-27,0.0012433036672695149,0.0010910926941631897,0.0001522109731063252,0.9997532287765675,0.13806892862985348,2.2328064376822727,2.10341984939122
2021-12-28,0.006275982166257386,0.006080470789693844,0.0001955113765635415,0.9994968709184858,0.2580881731824179,2.2468194910658714,2.1162096323439057
2021-12-29,-0.008685766154627806,-0.008712322514200748,2.6556359572941678e-05,0.9998869727828411,0.033004788680619734,2.2273041423748134,2.0977725315192672
2021-12-30,0.0010256294130405223,0.0007506183368952474,0.0002750110761452749,1.0,0.4345473010958505,2.22958853101502,2.0993471580480607
2021-12-31,-0.0006604251860073285,-0.0007708918238960729,0.0001104666378887443,0.9975780300288744,0.3030941874316765,2.2281160545947047,2.0977287884884017
2022-01-01,2.4329158529590114e-05,1.999709868800531e-05,4.332059841584804e-06,0.9954553278689771,0.002122702159897706,2.2281702627834195,2.097770736978006
2022-01-02,0.0005764062909234029,0.0005563975806117539,2.0008710311648972e-05,0.9974317368444424,0.009241063955899256,2.2294545941401362,2.0989379315407386
2022-01-03,-0.0011760310273788697,-0.0012461490694194138,7.011804204054415e-05,0.9999331450416635,0.2015762422459942,2.226832686363295,2.09632234199058
2022-01-04,0.003936504015982441,0.0038650945932402043,7.140942274223624e-05,0.9978385696207847,0.19965626359106842,2.2355986221760853,2.1044248261402965
2022-01-05,-0.0011612095761412108,-0.0012800352167710663,0.00011882564062985547,0.9974016780391419,0.3423120308637497,2.2330026236476064,2.1017310882517894
2022-01-06,-0.008337022127973433,-0.00833790128745198,8.79159478547306e-07,0.9983914554709533,0.002379911290719612,2.2143860313624337,2.084207061905177
2022-01-07,-0.002425495668448951,-0.0024260258496845884,5.301812356377121e-07,0.9981626167201648,0.0018453481723557019,2.20901504763509,2.0791507216969003
2022-01-08,-0.000755205126988212,-0.0007560479523723185,8.428253841064924e-07,0.9986002866958607,0.00043766997569568127,2.207346788145522,2.077578784051088
2022-01-09,-0.0006170249040902482,-0.0006329603160590278,1.5935411968779622e-05,0.998814003170861,0.008022328523986093,2.2059848002052727,2.0762637591272974
2022-01-10,-0.004199185581900968,-0.004204188936169844,5.003354268876044e-06,0.9975237605148588,0.012158346997423401,2.196721460638358,2.067534754002604
2022-01-11,0.0011739393671506115,0.0011729483130699383,9.910540806732123e-07,0.9967141568920994,0.002484491510857634,2.1993002784396656,2.0699598654045253
2022-01-12,-0.004241639600136843,-0.004573871968259507,0.00033223236812266306,0.9949617069699634,0.29578458148954795,2.189971639286044,2.060492134000729
2022-01-13,-0.007893360224708778,-0.00789590032562321,2.540100914431793e-06,0.9951890087900505,0.002203573541000631,2.1726854042552635,2.0442226934889285
2022-01-14,-0.007839903566611453,-0.00804986595781706,0.00020996239120560722,0.9942569777508992,0.4972356899437488,2.155651760205318,2.0277669748184146
2022-01-15,-0.005332414979071707,-0.0053522103888458475,1.9795409774140383e-05,0.983619896598369,0.010909116662050286,2.144156930469537,2.016913939349633
2022-01-16,-0.0013984535743054587,-0.0014142973489181404,1.5843774612681622e-05,0.9823219951250279,0.007680863079648012,2.14115842654625,2.0140614233122145
2022-01-17,-0.0001316174095167121,-0.00013496736775986054,3.3499582431484547e-06,0.9804692473268669,0.0018527477981610347,2.1408766128207835,2.0137895907434036
2022-01-18,-3.80931595438496e-05,-7.467160745769889e-05,3.657844791384929e-05,0.9999999999999999,0.02117269859845196,2.1407950600664076,2.0136392178375813
2022-01-19,0.0026455745873877157,0.002645390324626896,1.8426276081951644e-07,0.9999999999999998,0.00011473711127135645,2.1464586930741243,2.018966079541738
2022-01-20,0.000787670775917412,0.0007816454328332713,6.025343084140771e-06,0.9901049857378854,0.010033431485861458,2.1481493958583724,2.020544195156857
2022-01-21,-0.003286441478538846,-0.0032953718099774923,8.93033143864649e-06,0.9905206481589316,0.007993817319488537,2.1410896285817254,2.0138857507753234
2022-01-22,0.029128576990585783,0.029007471846189823,0.00012110514439595959,0.9999999999999997,0.09654325396106495,2.2034565226716127,2.0723034849923816
2022-01-23,0.025486870523855173,0.025153384930479337,0.0003334855933758366,0.9999999999999999,0.27993057511907654,2.259615733769888,2.1244289322431684
2022-01-24,-0.01576256605527605,-0.016430920820565117,0.0006683547652890672,0.9598765322203253,1.2179110854000457,2.2239983915067993,2.089522608668563
2022-01-25,0.007866471979371155,0.007571881543822923,0.00029459043554823264,0.634732819523208,0.7594655058674807,2.2414934125357537,2.1053442263445414
2022-01-26,0.0029554790597607493,0.0028386491700210484,0.00011682988973970074,0.4496829864782127,0.18504983304499503,2.248118099379095,2.1113205599852627
2022-01-27,0.0007932847383279344,0.0007751607079675238,1.8124030360410622e-05,0.43728911610319754,0.012393870375015348,2.2499014971572913,2.112957172725287
2022-01-28,-0.006685088372993719,-0.006704028364226154,1.8939991232435423e-05,0.4532990887687217,0.01600997266552414,2.2348607068182638,2.098791847906942
2022-01-29,-0.003144713846592539,-0.003186400603870081,4.168675727754182e-05,0.43223442834444925,0.02106466042427241,2.2278327094083266,2.0921042562953733
2022-01-30,-0.003459707953310416,-0.0034912267009186287,3.1518747608212525e-05,0.4260448629797355,0.015168468368211745,2.2201250588649417,2.0848002460546895
2022-01-31,0.006546706066682703,0.006390491621427596,0.00015621444525510704,0.9875752621004183,0.6208235627504789,2.234659565056607,2.098123144559452
2022-02-01,6.940183697319485e-05,6.513340209083139e-05,4.2684348823634565e-06,0.9918599638455089,0.006850089835601916,2.2348146545354317,2.098259802457863
2022-02-02,-0.001925854126467502,-0.0019404426721307082,1.458854566320622e-05,0.9942849754499213,0.0145430876098175,2.2305107275111045,2.094188249599957
2022-02-03,0.003209070155326043,0.00274680768813906,0.0004622624671869828,0.9942926883676919,0.8931381517018357,2.237668592917895,2.0999405819843684
2022-02-04,-0.010339787166389187,-0.010616748753781938,0.00027696158739275184,0.994094551124123,0.6232737633013546,2.2145315759182105,2.07764604042757
2022-02-05,-0.016311847922218774,-0.016448837944317576,0.00013699002209880052,0.9999999999999998,0.10486883865833627,2.178408473632881,2.0434711774029237
2022-02-06,3.208009970172453e-05,-0.0003794809713217443,0.00041156107102346886,0.8940226787710627,0.24161840664054945,2.1784783571939066,2.0426957189756547
2022-02-07,0.0033055734139356033,0.0029459037752659453,0.00035966963866965803,0.33290934387472926,0.7575072305908149,2.185679477334281,2.0487133040059047
2022-02-08,-0.0010958802916457653,-0.0011120163823821441,1.613609073637893e-05,0.3102264456572466,0.022682898217482643,2.1832842342712158,2.046435101249046
2022-02-09,0.005462617015452554,0.005451211716641641,1.1405298810912979e-05,0.2935816503323903,0.016644795324856326,2.1952106798789153,2.0575906522503216
2022-02-10,-0.0007603232220323277,-0.0007618854571396517,1.5622351073239495e-06,0.2955398056339759,0.0019581553015854927,2.1935416102217498,2.0560230038556258
2022-02-11,-0.006787065419337656,-0.007152150305717483,0.0003650848863798272,0.9925896250268501,0.8012985882274553,2.1786538998131357,2.0413180183000375
2022-02-12,-0.0007901330911204032,-0.000796410666049627,6.2775749292239105e-06,0.9963189181216389,0.003729293094788726,2.176932473272795,2.039692290857464
2022-02-13,0.000580422154508374,0.0005219828193670287,5.843933514134537e-05,0.9999999999999997,0.03200955062875592,2.178196013109151,2.040756975190087
2022-02-14,-0.00905212385589696,-0.009406131944451024,0.0003540080885540645,0.3069785637839571,0.8013364090366533,2.158478713016066,2.02156134581489
2022-02-15,0.004081263171640183,0.004015439514661055,6.582365697912817e-05,0.4123602576872953,0.10564136741697236,2.167288032694268,2.0296788031241864
2022-02-16,0.005293619700757567,0.005240113576888201,5.35061238693664e-05,0.4954559665439792,0.08452386500885153,2.1787608313213545,2.04031455057716
2022-02-17,-0.002548295843231353,-0.0025536990116959797,5.403168464626423e-06,0.4888197641112284,0.0066362024327507926,2.173208704151503,2.035104201325802
2022-02-18,-0.010696985388069534,-0.010698786568811394,1.8011807418600052e-06,0.48795541097501827,0.000864353136210421,2.149961922397969,2.0133310558305255
2022-02-19,0.003931764142855191,0.0034751200075501345,0.0004566441353050562,0.6726313775266185,0.23509891835866908,2.158415065592957,2.0203276228644644
2022-02-20,-0.0007755722090472157,-0.0009615150633143325,0.00018594285426711682,0.5762335388445434,0.09639783868207477,2.1567410588524942,2.0183850474222504
2022-02-21,0.004932424982801426,0.004920624708543285,1.1800274258140765e-05,0.5700325978372458,0.006200941007297923,2.1673790223326117,2.028316762757951
2022-02-22,2.7484115393447364e-05,1.2280140507681014e-05,1.520397488576635e-05,0.5463359380372746,0.023696659799971174,2.167438590827763,2.0283416707727913
2022-02-23,-0.0038624232948659136,-0.0041317454519096035,0.0002693221570436901,0.9776244910636476,0.8049835880575832,2.1590670255243585,2.019961079299657
2022-02-24,0.007165081910491793,0.007153255801682866,1.1826108808927781e-05,0.9916536080083054,0.021502900141896437,2.1745369176124822,2.0344103776093307
2022-02-25,-0.002452175378575907,-0.0028605020979252257,0.0004083267193493186,0.991280377100811,1.063405276848564,2.1692045717233084,2.0285909424561384
2022-02-26,-0.004234207584655703,-0.00429101146228002,5.680387762431688e-05,1.0,0.04606404145177162,2.1600197092730475,2.0198862354697815
2022-02-27,-0.0001569063826650271,-0.00018303490527358767,2.6128522608560558e-05,1.0000000000000002,0.024045814072668235,2.15968078839398,2.0195165257840086
2022-02-28,0.008936304076396668,0.008865310518808288,7.09935575883807e-05,0.9999999999999999,0.15228278163996126,2.1789803526270206,2.037420166882949
2022-03-01,-0.0072688145396374824,-0.007303871619180089,3.5057079542607066e-05,0.9909047225516208,0.07134235541799033,2.163141748558261,2.0225391115497073
2022-03-02,0.0006749256482410671,0.0004078608579034687,0.00026706479033759844,0.992175577892131,0.20329145766313855,2.164601708405144,2.0233640260868873
2022-03-03,0.004373285253836217,0.004369518698713879,3.7665551223387057e-06,0.9912062696949051,0.007628500835932156,2.1740681291369413,2.032205153033179
2022-03-04,0.0008079786569551033,0.0008017693733561634,6.209283598939905e-06,0.9912876382880276,0.011003532919042196,2.17582472978405,2.0338345128852575
2022-03-05,-0.0005576554842510741,-0.000558378539295246,7.230550441718885e-07,0.9916165224659925,0.0003288841779649169,2.1746113691907167,2.032698863340784
2022-03-06,-0.0023427139455369124,-0.002633200361096583,0.0002904864155596703,0.9999999999999996,0.21289366550719663,2.1695168768099906,2.0273463599598345
2022-03-07,0.00390795354955371,0.003905629029510868,2.32452004284208e-06,1.0000000000000002,0.0029220085272575725,2.1779952479895366,2.035264422756167
2022-03-08,0.00038805395723411426,0.0003499888635012149,3.806509373289936e-05,0.9905680565237496,0.055337514859823654,2.178840427664356,2.035976742638412
2022-03-09,-0.0003373550770490511,-0.00035332191782508744,1.5966840776036306e-05,0.9920587850839614,0.02833913805815289,2.1781053847840037,2.0352573874310558
2022-03-10,-0.004595940277473283,-0.004617642734470975,2.1702456997692144e-05,0.9921086966225787,0.038003519810263627,2.168094942517494,2.0258592959432065
2022-03-11,0.0007434288595333983,0.0004702372259281819,0.00027319163360521646,0.9920651083833516,0.21923670731855843,2.1697067668679697,2.026811930398652
2022-03-12,-0.0006802748940044423,-0.00096665043836362,0.0002863755443591777,1.0000000000000002,0.20803122292746132,2.168230769827118,2.024852711757651
2022-03-13,0.00034221780765578597,0.000306166515753579,3.605129190220698e-05,1.0,0.011768734119983441,2.16897277700766,2.025472653857324
2022-03-14,-0.003628297040991113,-0.0036608415874066773,3.254454641556466e-05,0.9911313785576622,0.0318080609715832,2.161103099498853,2.018057719331928
2022-03-15,-0.010670568483838152,-0.010675492948519088,4.924464680935428e-06,0.9908125143533101,0.007037075006193134,2.1380429008750155,1.9965139583794955
2022-03-16,0.009942457353287717,0.009933676333089395,8.781020198320988e-06,0.9910550492809825,0.017251680928099894,2.159300301236465,2.0163466818365325
2022-03-17,-0.0011788879340351006,-0.0012125248993324056,3.363696529730496e-05,0.9897261078780349,0.06782541396483742,2.156754728165379,2.0139018112791196
2022-03-18,0.00630258235913849,0.006044115037767966,0.0002584673213705242,0.9909562665042704,0.22260910053219193,2.170347852468103,2.02607406550126
2022-03-19,0.00225939771461209,0.0022593638303167554,3.3884295334940404e-08,0.9909654747398178,9.208235547359528e-06,2.1752515314458827,2.030651703962396
2022-03-20,-5.664941060317257e-05,-5.7250082596160315e-05,6.006719929877452e-07,0.9911317302153801,0.00016625547556236783,2.175128304728713,2.03053544898462
2022-03-21,0.005217608497890345,0.005213955022894739,3.6534749956055285e-06,0.9900069176671056,0.002770527590924108,2.186477272655467,2.041122569488019
2022-03-22,0.002219655543660157,0.002218099994667799,1.555548992357933e-06,0.9905231463987815,0.004252443374878867,2.191330499054804,2.0456499834485165
2022-03-23,0.004638215771730416,0.004631584301793175,6.631469937241236e-06,0.9922717833793113,0.014349154224382848,2.201494362736594,2.05512458379882
2022-03-24,0.0020680998518220104,0.0020445187209402007,2.358113088180974e-05,0.9925084243791141,0.05339440935727187,2.2060472729019565,2.0593263244842612
2022-03-25,0.004973495942505332,0.004969671588285157,3.824354220175222e-06,0.99299799885182,0.004735871107714966,2.2170190400627092,2.0695605000100583
2022-03-26,-7.148230605796232e-05,-7.267088536428157e-05,1.1885793063192504e-06,0.9934128808413631,0.0004148819895431633,2.2168605624291513,2.0694101032162076
2022-03-27,0.0002014958779574692,0.00016446567823733883,3.7030199720130356e-05,0.9935953327965232,0.013998818131510325,2.2173072506944873,2.0697504501523842
2022-03-28,0.001612336241383212,0.0016110661989614103,1.2700424218018011e-06,0.9934287181735781,0.003140670396353268,2.220882295533064,2.07308495514291
2022-03-29,0.0017712866236106897,0.0017662238398577991,5.06278375289053e-06,0.9936477322945836,0.01254006595352982,2.2248161146357552,2.0767464872127337
2022-03-30,0.0032620354066711754,0.00325708874454204,4.946662129135357e-06,0.9938941207088192,0.012795067544224516,2.2320735435750296,2.0835106348215016
2022-03-31,-0.002754119839358045,-0.002774795832662405,2.0675993304360196e-05,0.9940719058385923,0.05267757690377572,2.2259261455457633,2.077729318194691
2022-04-01,-0.0064562860556626606,-0.006458635171039025,2.3491153763640585e-06,0.9943995474334001,0.004427510424048588,2.2115549296113413,2.0643100225443
2022-04-02,-0.00030848405618150805,-0.0003086958595910126,2.1180340950455504e-07,0.9944814051163721,8.185768297204812e-05,2.2108727001761865,2.0636727785874283
2022-04-03,-0.0008669895520200969,-0.0009070791559004553,4.008960388035833e-05,0.9944351614869493,0.00889834828996458,2.2089558966442873,2.0618008640253724
2022-04-04,-0.0009958838818987512,-0.0010308673724064394,3.498349050768827e-05,0.985447068120233,0.012724832346803164,2.206756033070994,2.0596754207862493
2022-04-05,0.004103206790824735,0.00410003084423103,3.1759465937059485e-06,0.9847361061029769,0.008520815605504505,2.2158108094115843,2.068120153540577
2022-04-06,-0.0070605326065395725,-0.007469654765750961,0.0004091221592113884,0.9932691970309728,1.1543763677741146,2.200166004941811,2.052672009979537
2022-04-07,0.003449073155840454,0.0034344041002818317,1.4669055558622296e-05,0.9935766109906617,0.035834679534057445,2.2077545384478485,2.0597217151471443
2022-04-08,-0.0006312982498158199,-0.0010198132161068614,0.0003885149662910416,0.4958362056502866,0.7984429856174581,2.2063607868717034,2.057621183720535
2022-04-09,0.002387852177705996,0.0023728308015794424,1.5021376126553486e-05,0.5039925064529138,0.008156300802627229,2.2116292502814403,2.062503570643249
2022-04-10,-0.0012192270252240804,-0.0012416886094939066,2.24615842698261e-05,0.5077041193486533,0.010702401856764623,2.2089327721297214,2.059942583452541
2022-04-11,-0.0011285763677170268,-0.0011537083151254986,2.513194740847179e-05,0.5555194844170606,0.047815365068407376,2.20643982280522,2.0575660105653304
2022-04-12,0.007809024328133575,0.0077804347970947384,2.8589531038836548e-05,0.607789013723865,0.052269529306804355,2.223669965060069,2.0735747687512522
2022-04-13,-0.00569185867991029,-0.0057520168769412735,6.015819703098378e-05,0.7443370099593402,0.13654799623547498,2.2110131498681858,2.0616475316857956
2022-04-14,0.0014571016817474317,0.001435325180413846,2.1776501333585478e-05,0.7949431050738209,0.05195385055021176,2.2142348208472247,2.064606666301162
2022-04-15,0.0028158011594915764,0.002803389659724899,1.241149976667724e-05,0.8015139779527465,0.006570872878925594,2.220469665823153,2.07039456328087
2022-04-16,-0.003007834635195411,-0.0030198469294129685,1.2012294217557663e-05,0.8080427245701995,0.006528746617453163,2.2137908602558896,2.064142288616273
2022-04-17,-0.0005506636024227993,-0.0005875196165150126,3.6856014092213284e-05,0.8176615859692444,0.015701429580723514,2.21257180620577,2.0629295645304326
2022-04-18,-0.0018739351094403287,-0.0018995692592075567,2.5634149767227935e-05,0.8660829810962162,0.04842139512697171,2.2084255902159633,2.05901088694574
2022-04-19,-0.00012376046648923905,-0.00013920191284054278,1.5441446351303734e-05,0.9094206985758521,0.04359082623451203,2.2081522744347115,2.058724268691718
2022-04-20,-0.0010227307012170743,-0.0010566982689901368,3.396756777306247e-05,0.9926686151720195,0.08341802429014544,2.205893929310685,2.0565488183206635
2022-04-21,-0.0008765195947689988,-0.0008811993693284545,4.6797745594556734e-06,0.9926936387359496,0.007915928075593416,2.2039604200576624,2.054736588798966
2022-04-22,-0.009816091675986243,-0.009822107873742615,6.016197756371601e-06,0.9925843026969761,0.012942944032678934,2.182326142524131,2.0345547443716567
2022-04-23,0.0009220994229238269,0.0009219583475873797,1.410753364471882e-07,0.9925185054914463,6.579720552972283e-05,2.184338464200784,2.0364305191018537
2022-04-24,0.0011117746402089115,0.0010784035917927252,3.3371048416186265e-05,0.990493470570427,0.017307729362782256,2.1867669563109153,2.0386266130880895
2022-04-25,-0.012536533757579727,-0.0125451795121701,8.645754590373227e-06,0.9954818343583212,0.005420106158811264,2.159352478543164,2.013051676268612
2022-04-26,0.0013749280533597594,0.0013669874744686088,7.940578891150727e-06,0.9978933944028398,0.015206788213105553,2.162321432843005,2.0158034926955293
2022-04-27,-0.007211868052414093,-0.007373952884476126,0.00016208483206203277,0.9903400977941652,0.2961847666623525,2.146727055982434,2.00093905271603
2022-04-28,0.008193331552824732,0.008160943713817434,3.238783900729846e-05,0.9904854334918073,0.02892340381139869,2.164315902505517,2.0172686037000247
2022-04-29,0.003230494653703504,0.0032175860638958553,1.2908589807648916e-05,0.9898831543759535,0.01863914894336307,2.1713077134574865,2.023759339046425
2022-04-30,0.006195598155290474,0.0061943047910052625,1.2933642852118155e-06,0.9906441905832278,0.0007610362072742512,2.184760263521552,2.036295121216122
2022-05-01,0.006679228327685146,0.006628458153197666,5.0770174487480674e-05,0.9641048387089419,0.029277457120104558,2.1993527761628657,2.0497926182146635
2022-05-02,-0.01975874131275901,-0.019788578933630556,2.9837620871546516e-05,0.9810432912096415,0.020860609774219413,2.1558963336031653,2.0092301351915496
2022-05-03,0.00784315302938018,0.007701454480640787,0.00014169854873939428,1.0,0.2866467365996233,2.1728053584630946,2.024704129618859
2022-05-04,0.011942103387394076,0.01175921882622464,0.00018288456116943651,0.9902989402261209,0.3013952624122104,2.1987532246945447,2.0485130685374076
2022-05-05,-0.0018700970135267759,-0.0018887060423511438,1.8609028824367858e-05,0.9911430535382901,0.032063920976391706,2.194641342855561,2.0446440295270256
2022-05-06,-0.0031691901660813714,-0.0031728573587962022,3.6671927148307596e-06,0.9921621944596276,0.005181647636873539,2.1876861070937075,2.038156665671822
2022-05-07,0.002716204499746164,0.002678535445764215,3.766905398194888e-05,0.9822203232965718,0.018438207119515687,2.1936283099418277,2.043615940544844
2022-05-08,0.004388937370082433,0.004356611719210593,3.232565087184031e-05,0.9762648337217734,0.017265672436479064,2.2032560072074023,2.0525191817009873
2022-05-09,-0.0033791883550250467,-0.003390174478207642,1.098612318259518e-05,0.9822777618274366,0.013549223423836907,2.195810790164708,2.045560783555153
2022-05-10,0.017438463914939487,0.017417942162671653,2.0521752267835114e-05,0.9806244141991786,0.02209573058029226,2.23410235739303,2.0811902429733458
2022-05-11,-0.01456382078347911,-0.014590439325856814,2.6618542377704657e-05,0.9920458228307268,0.046702716638598166,2.2015652910480097,2.050824763007678
2022-05-12,0.0080492797600293,0.007970637482903787,7.864227712551242e-05,0.9935353650354306,0.05791934536419035,2.2192863059856256,2.067171143734574
2022-05-13,0.022601224429894852,0.022593840132135036,7.38429775981667e-06,0.992278062913411,0.004750905008788546,2.2694448938613987,2.1138764780818757
2022-05-14,-0.00725730368091844,-0.007291681379014429,3.437769809598853e-05,0.9782690579817249,0.014294701671825675,2.252974843079537,2.0984627643291094
2022-05-15,-0.00312611993313568,-0.003153557058071161,2.7437124935481243e-05,0.9743046996514194,0.011999651237762891,2.2459317735137327,2.0918451422675597
2022-05-16,0.0010820173480515147,0.0010631875326277864,1.8829815423728223e-05,0.9836311769703345,0.020041163008977687,2.2483619106552144,2.094069165943006
2022-05-17,0.01170574473984053,0.01169798324549228,7.761494348250643e-06,0.9869545641797081,0.008400484182001773,2.2746806612641244,2.1185655519611095
2022-05-18,-0.004439445674952124,-0.004443200881160031,3.755206207907168e-06,0.994075187749437,0.011649739939277887,2.2645823400405782,2.1091523396338405
2022-05-19,-0.014304218861823502,-0.014309861292905516,5.642431082014121e-06,0.995044973245054,0.011179296247290027,2.232189258618017,2.078970662208073
2022-05-20,0.0011681234265422712,0.0011638247987041195,4.298627838151732e-06,0.9946764737214856,0.0024962570862171103,2.234796731183485,2.0813902198205287
2022-05-21,0.0033204312314434907,0.0033196541176401966,7.771138032941787e-07,0.9946134032819253,0.00032391712820474755,2.2422172200456343,2.088299715434172
2022-05-22,-0.001567942198280304,-0.0015986889502547365,3.074675197443253e-05,0.9975818767222902,0.013056742503713147,2.238701553048614,2.0849611737542872
2022-05-23,-0.011369945693639204,-0.011379298610690524,9.352917051319478e-06,0.9961470598016342,0.019889675307857613,2.213247637966185,2.0612357779664414
2022-05-24,0.002587649381111243,0.002583810232283452,3.839148827790699e-06,0.9925343832389659,0.004050282558573605,2.2189747468468144,2.0665616200606998
2022-05-25,-0.0035930731764989,-0.003595486179304066,2.4130028051659455e-06,0.9927936985689522,0.0043235766526952615,2.211001808204591,2.0591313263170914
2022-05-26,0.011639348444123449,0.011635590369013992,3.758075109455696e-06,0.9930082838739588,0.004699377349765359,2.2367364286608713,2.0830905349461215
2022-05-27,0.025518401208812245,0.02551784021226086,5.60996551382958e-07,0.9927098140348709,0.0004613816614186365,2.2938143662458055,2.1362465063645497
2022-05-28,0.0020911988470011934,0.002088773873458976,2.4249735422173406e-06,0.9937022252939475,0.0009924112590764238,2.2986111882037332,2.140708642254312
2022-05-29,-0.003229792757332595,-0.0032344644891934174,4.671731860822188e-06,0.9956028332728141,0.001900607978866613,2.291187150436149,2.133784596169231
2022-05-30,-0.0016025266814072318,-0.0016257198900282628,2.319320862103103e-05,0.9854521054340152,0.010150727838798772,2.287515461895478,2.130315660110203
2022-05-31,0.004596238755816125,0.00459117138916288,5.067366653244994e-06,0.9847118508630381,0.007350511959191253,2.2980294291159704,2.1400963044187864
2022-06-01,0.000559327012456129,0.00036305137123113836,0.0001962756412249906,0.9081174874922209,0.11516513297132364,2.299314779051094,2.1408732693166725
2022-06-02,-0.008164480456285756,-0.008197255384090163,3.277492780440764e-05,0.9959276989217247,0.12314324915250068,2.2805420684746824,2.123323984383112
2022-06-03,0.001747974300182256,0.001545459405475016,0.00020251489470723987,0.9959743841927979,0.15822641837821283,2.2845283974008606,2.1266054954056477
2022-06-04,0.0028697699058903925,0.0028691831821444046,5.867237459879146e-07,0.9962180353068664,0.0002994274593718805,2.2910844682448737,2.1327071161281212
2022-06-05,-0.002784220516183926,-0.0028601503810321578,7.592986484823164e-05,0.9999999999999999,0.029829549796262362,2.284705583864076,2.1266072530572973
2022-06-06,0.0037052225238712196,0.003701725798547221,3.496725323998839e-06,0.9999999999999998,0.003971668818549682,2.2931709264538234,2.134479369989317
2022-06-07,-0.009050107936278445,-0.009056755772622726,6.647836344279994e-06,0.9931889762522496,0.006811023747750539,2.2724174820530805,2.1151479116336223
2022-06-08,0.004863264669375055,0.004673874726495548,0.0001893899428795067,0.995795695381534,0.16505639437455458,2.2834688497076194,2.125033848000607
2022-06-09,-0.003406329397071594,-0.0034140298098520594,7.700412780465225e-06,0.995006134060004,0.019939590921132927,2.275690602637563,2.117778919096588
2022-06-10,-0.011888371684200285,-0.01204609050036627,0.00015771881616598446,0.9953920722054368,0.14469482078452736,2.248636346915166,2.092267962577383
2022-06-11,0.0026987260283973845,0.0026981722730482927,5.537553490918757e-07,0.9956449454452299,0.0002528732397931513,2.2547048003529864,2.0979132619817964
2022-06-12,0.0041793961561885865,0.004120456667721879,5.8939488466707376e-05,0.9915339377316537,0.018742533463439542,2.264128104928922,2.1065576226704317
2022-06-13,-0.012281417870708368,-0.012283444669402713,2.02679869434518e-06,0.9916726741928727,0.0013966944188697067,2.236321401559475,2.080681838669451
2022-06-14,0.004875318591595993,0.00486761824435322,7.700347242773278e-06,0.9928038877751233,0.008736852607348371,2.2472241808652815,2.0908098035480527
2022-06-15,-0.0006074073339050582,-0.0006496229202843007,4.221558637924243e-05,0.9936250286786452,0.039315011013699296,2.2458592004168954,2.089451565577713
2022-06-16,-0.01857173737698172,-0.01857672894571592,4.991568734198795e-06,0.9940423335301436,0.004206189977256287,2.2041496931610745,2.050636390198774
2022-06-17,0.0014469274963348352,0.001446173782523328,7.537138115071094e-07,0.9939898541037592,0.0005723130481157581,2.207338937958147,2.0536019667837677
2022-06-18,-0.0016513451161708223,-0.001653513990712154,2.1688745413315033e-06,0.9930303048224123,0.0009595492813471908,2.2036938595832165,2.050206307200337
2022-06-19,0.0038582351387572798,0.003849543782260687,8.691356496592384e-06,0.9892811334393886,0.0037491713830235503,2.2121962286673242,2.058098666142572
2022-06-20,-0.007069703826679998,-0.007070229467374294,5.256406942958137e-07,0.9890689931309747,0.0002297026415966361,2.1965566565241477,2.0435474363064468
2022-06-21,0.006354049740087469,0.006342457206159368,1.1592533928100832e-05,0.9850441521179424,0.013377901740339575,2.2105136867766224,2.0565085484699774
2022-06-22,-0.003876652870180208,-0.003887728126007282,1.1075255827073926e-05,0.9863102340099503,0.01694063778022379,2.201944292548207,2.0485134023447165
2022-06-23,0.008048780765047019,0.00802901203813247,1.9768726914548585e-05,0.9926388485574458,0.046171605795571995,2.2196672594157745,2.064960941112418
2022-06-24,-0.004002208053184175,-0.004003817814726215,1.609761542040034e-06,0.9923064334840017,0.001079444810863565,2.210783689234751,2.056693213709678
2022-06-25,-0.003523983371885885,-0.0035243019568670605,3.1858498117535567e-07,0.9923875631478981,0.00012296707440207508,2.2029929242750517,2.049444805791926
2022-06-26,-0.0009021289150317509,-0.0009374091822899698,3.528026725821894e-05,0.9849809067503867,0.01360922670067158,2.201005540658453,2.0475236374123797
2022-06-27,0.012789816916708066,0.012785669312730655,4.147603977411583e-06,0.9843378659603697,0.004442793238463913,2.2291559985561347,2.0737025975503336
2022-06-28,0.0029188270179127326,0.002907465674169017,1.1361343743715524e-05,0.9887331872304959,0.011989540609641008,2.235662519311863,2.0797318166711465
2022-06-29,-0.007144413194260065,-0.007162437673868221,1.8024479608155263e-05,0.9933764633716132,0.0440031800487475,2.2196900225109784,2.0648358671558786
2022-06-30,-0.005898108961655679,-0.00589871430137138,6.053397157018059e-07,0.9936271477029075,0.001034415691734677,2.2065980488971086,2.052655990296302
2022-07-01,0.0006322286921669274,0.0006279079250076127,4.320767159314577e-06,0.993008051774876,0.0069624921693007555,2.207993123495701,2.053944869259923
2022-07-02,0.0017082988793636542,0.0017063303138862868,1.9685654773673985e-06,0.9938699142030601,0.0008618624281842055,2.2117650356742113,2.0574495776533923
2022-07-03,-0.00044568893737126656,-0.00047371775163051577,2.8028814259249216e-05,0.9940439825095794,0.012467863185251603,2.210779276465747,2.056474927265373
2022-07-04,-0.0004335422173364567,-0.00043531913225014636,1.7769149136896842e-06,0.9931982990551662,0.0008456834544130801,2.2098208103161863,2.0555797043845416
2022-07-05,-0.0035028554002510316,-0.003504022691769402,1.1672915183703423e-06,0.9915658488411557,0.0016486322209875736,2.202080127557183,2.0483769064556374
2022-07-06,0.011233563986472914,0.011228472654316774,5.091332156139709e-06,0.9921505610570204,0.009690581403357384,2.226817335573437,2.0713770505355087
2022-07-07,0.004887815595229573,0.004864011245560531,2.3804349669042715e-05,0.9923221526168394,0.0550589900417591,2.237701608073981,2.081452251803109
2022-07-08,0.002086212896365001,0.002076145313452775,1.006758291222573e-05,0.9932926327053963,0.00852042285719137,2.2423699300269617,2.085773649140866
2022-07-09,0.0011474790788736425,0.0011471872933402486,2.917855333938064e-07,0.9934449651045348,0.0001596663360169887,2.244943002608763,2.0881664221679443
2022-07-10,-0.0011174270411395814,-0.0011433054950612843,2.587845392170297e-05,0.9920412649067591,0.013503710643966028,2.242434442591831,2.0857790100228772
2022-07-11,0.005603993117266451,0.005594742103778893,9.251013487557234e-06,0.9969666508162833,0.008191687382497752,2.255001029774037,2.0974484056694305
2022-07-12,-0.0016063211974389987,-0.001607707369415837,1.38617197683822e-06,0.9990859367624034,0.0021264823944351285,2.2513787738196642,2.094076322410666
2022-07-13,-0.0054259353288762914,-0.005453921221824263,2.7985892947972072e-05,0.9943753751818867,0.03296348791383355,2.239162938192114,2.0826553951157507
2022-07-14,0.0009326919109049521,0.0009271383623857549,5.553548519197208e-06,0.9942380419530742,0.007667365597282686,2.241251387351764,2.084586304828192
2022-07-15,0.004469026710520352,0.0044634052785330666,5.621431987285001e-06,0.9937669161441147,0.006752838252836483,2.25126759966683,2.0938906583447197
2022-07-16,-0.0005323495339471863,-0.0005329577725584499,6.082386112636441e-07,0.9940887563435856,0.0003490900010130731,2.2500691384093567,2.0927747030434674
2022-07-17,-0.0039921118201307615,-0.004023148338521198,3.103651839043597e-05,1.0,0.019980136998311027,2.2410866108058016,2.084355159974019
2022-07-18,0.00964384607487124,0.009637562550632786,6.283524238453605e-06,1.0000000000000002,0.010291226057706195,2.2626993051208677,2.104443263206003
2022-07-19,-0.012281200266024877,-0.01228395288789105,2.7526218661736714e-06,0.9922402332572983,0.007759766742701963,2.234910641812883,2.078592381305541
2022-07-20,0.011746769830507786,0.011556025935729816,0.00019074389477797025,0.9946768263925776,0.16988561340402022,2.2611636227140113,2.1026126487737185
2022-07-21,0.00815952407084011,0.008152677066208034,6.8470046320750544e-06,0.9935982548522481,0.017607989135667988,2.2796136417216544,2.1197545706944947
2022-07-22,0.0067263032108758,0.0067221199056083465,4.183305267453637e-06,0.9945361903078278,0.010276864786804217,2.294947014279523,2.1340038150891645
2022-07-23,-0.0002925982773174511,-0.0002928256682932273,2.2739097577624274e-07,0.994653782621424,0.00011759231359628102,2.2942755167366102,2.1333789239958705
2022-07-24,-4.2989524058277925e-05,-6.6692412770199e-05,2.370288871192107e-05,0.9948016354099665,0.011246207809984867,2.2941768869240873,2.133236643808076
2022-07-25,-0.008687593121909074,-0.008688968373696893,1.375251787819234e-06,0.9952742350304311,0.0029679270262578054,2.2742460115808028,2.114701018076416
2022-07-26,0.002265548683255899,0.00224533304129362,2.0215641962279138e-05,0.9957307102484723,0.04997458733753191,2.27939842663774,2.1194492261447606
2022-07-27,0.00028176222249438096,9.848906585731228e-05,0.0001832731566370687,0.9950032604390293,0.1618299774631884,2.2800406750043796,2.1196579687191757
2022-07-28,0.0019012169699276968,0.0018868417570842182,1.4375212843478548e-05,0.9951800697003492,0.03283835980681617,2.2843755270278234,2.1236574278852913
2022-07-29,0.005237456972345714,0.005045240475337396,0.000192216497008318,0.995203919707198,0.1609742535314799,2.296339845559311,2.134371790296209
2022-07-30,7.680896117833266e-05,7.530597290709091e-05,1.5029882712417565e-06,0.9946385401552909,0.0005653795519067664,2.2965162250373607,2.134532521240423
2022-07-31,-0.00020322126277209446,-0.00023012879200706807,2.690752923497362e-05,0.9944338521472273,0.010171985520482792,2.296049524110132,2.13404130384981
2022-08-01,0.0010415178691275061,0.0010410234674808011,4.944016467049209e-07,0.9951205083915984,0.0007628242757617169,2.2984409007178943,2.1362628909276906
2022-08-02,0.0010618754619128308,0.0010614595047775282,4.15957135302551e-07,0.9957253679063595,0.0012711408510639587,2.300881558711023,2.138530447477969
2022-08-03,0.0050372284996092875,0.005023622670415829,1.3605829193458416e-05,0.9958389210555789,0.03447409983603281,2.3124716248727877,2.149273617515294
2022-08-04,0.005693979384596609,0.005693282370420732,6.970141758766628e-07,0.9959210998035577,0.0015990223868496837,2.325638790632278,2.1615100391111044
2022-08-05,-0.0040308750863008325,-0.004033136898864762,2.261812563929349e-06,0.9963065474113995,0.0053105112833861335,2.3162644311713834,2.1527923732150986
2022-08-06,0.0009576042992672579,0.0009570415614129455,5.627378543124347e-07,0.9965061450362453,0.00019959762484583754,2.3184824959489125,2.154852684989358
2022-08-07,-0.00021184507097804465,-0.0002123706737184391,5.256027403944669e-07,0.996692544147399,0.00018639911115363,2.317991336859997,2.154395057472883
2022-08-08,0.0012026551582490711,0.001201034801034546,1.6203572145251678e-06,0.9965855899747718,0.0025116137312844976,2.320779081098048,2.1569825609120845
2022-08-09,-0.004921850812713638,-0.004922274230824044,4.2341811040601316e-07,0.9960918007919247,0.0013400636411632723,2.3093565526916167,2.14636530123617
2022-08-10,0.001605905308823389,0.0016031203768038793,2.7849320195097804e-06,0.9965830356846932,0.007347721234879865,2.31306516063955,2.1498061831866466
2022-08-11,0.007111900917846823,0.007087407021746978,2.449389609984533e-05,0.9962065494327874,0.05553425342966388,2.329515450878542,2.165042734624759
2022-08-12,0.004838566947225738,0.00483150206686515,7.064880360587445e-06,0.9963289618484215,0.017006515592974066,2.3407869673422144,2.17550314307195
2022-08-13,0.000383841886339756,0.0003835446732928789,2.97213046877076e-07,0.9964482365780611,0.00011927472963958394,2.3416854594272785,2.176337545714207
2022-08-14,-7.832077025471328e-05,-9.937334895406168e-05,2.1052578699348398e-05,0.9962626250222852,0.010629194406431567,2.3415020568184017,2.1761212757638346
2022-08-15,0.005925474581516929,0.005924754558226231,7.200232906987014e-07,0.9967969017513774,0.0014800492549930035,2.3553765677386487,2.1890142602116693
2022-08-16,0.006816985712468146,0.006799395240302231,1.7590472165915395e-05,0.9974000197803425,0.05016835441117512,2.3714331361484056,2.2038982333535064
2022-08-17,-0.006487717418394439,-0.006488177784521943,4.6036612750439914e-07,0.9976775573602835,0.0005735788473708256,2.356047948084458,2.189598949796515
2022-08-18,0.00036575586139796126,0.0003570208178962498,8.735043501711455e-06,0.9981752081855575,0.02322630362038562,2.3569096864312042,2.190380682204436
2022-08-19,0.0037253978428556903,0.0037236056086820332,1.7922341736570373e-06,0.9977019212381192,0.0050332092552386725,2.3656901126928407,2.198536795997841
2022-08-20,0.008188092192832595,0.007989112060684565,0.0001989801321480307,0.9999999999999997,0.1831840695079737,2.3850606014352422,2.216101152830606
2022-08-21,-5.9183913512655275e-06,-6.157844597065018e-05,5.566005461938465e-05,0.9999999999999998,0.04193660884980759,2.3850464857132065,2.215964688765501
2022-08-22,-0.013181735535450085,-0.01318579187070275,4.056335252663918e-06,1.0000000000000002,0.0037617690281987718,2.3536074336987802,2.1867454395866126
2022-08-23,-0.0033363163874442665,-0.003358453508995405,2.2137121551138233e-05,0.9819093025002272,0.030901838026953076,2.3457550546481203,2.1794013566917534
2022-08-24,-8.598637519662033e-05,-0.00011637952508329147,3.0393149886671138e-05,0.9976479590847749,0.022388737435907777,2.345553351673872,2.1791477189968957
2022-08-25,0.004041477349841752,0.004031526692530047,9.950657311704943e-06,0.9973779053856809,0.009686839302748319,2.3550328524175077,2.1879330111929978
2022-08-26,0.0039169569752381585,0.0039112244211149585,5.732554123199988e-06,0.9973710134704792,0.005581117590311123,2.3642574147756994,2.1964905082181394
2022-08-27,0.008158568777720632,0.00815760188771657,9.66890004061704e-07,0.9979162005146294,0.000545187044150363,2.383546371502383,2.214408603334331
2022-08-28,4.489847200213407e-05,2.1848546222466717e-05,2.3049925779667352e-05,0.9971103151622257,0.011376243691045708,2.3836533890924096,2.2144569849430566
2022-08-29,-0.016061101948266657,-0.016072549629496783,1.1447681230126956e-05,0.9909368236197373,0.008780461438106048,2.345369289000865,2.1788650151501736
2022-08-30,-0.003498888745812579,-0.0035115089659110694,1.262022009849043e-05,0.9905770625743564,0.028039900798112888,2.337163102790805,2.171213911113964
2022-08-31,-0.00293161584086148,-0.002943166794538659,1.1550953677178785e-05,0.9973716625880418,0.010502750170535232,2.3303114384159866,2.164823666426933
2022-09-01,-0.011134710059011572,-0.011139221086328241,4.511027316669295e-06,0.9970988905624573,0.00393399901429039,2.3043640962020264,2.1407092169936877
2022-09-02,0.008593511350181462,0.008589554481248209,3.9568689332536025e-06,0.9968652340106913,0.004463476107406781,2.324166675217689,2.1590969554415653
2022-09-03,2.592512176866573e-05,2.2729920394985773e-05,3.195201373679957e-06,0.9986789622290804,0.0018137282183891277,2.3242269295217546,2.1591460315434876
2022-09-04,-0.00029184173639936985,-0.00031839624266577195,2.6554506266402115e-05,1.0000000000000002,0.019454903296424554,2.3235486230988567,2.1584585675596775
2022-09-05,-0.0019077691119179644,-0.0019104354401387152,2.666328220750881e-06,0.9999999999999994,0.002410247794063026,2.3191158288056695,2.1543349718161404
2022-09-06,-0.005788484695707136,-0.0057937061460492404,5.221450342104795e-06,1.0000000000000002,0.012417745094559344,2.3056916623230554,2.1418533880492805
2022-09-07,0.0024119764252406774,0.00240743671213494,4.539713105737187e-06,0.9941797426275313,0.008376930912033315,2.3112529362564525,2.147009764527681
2022-09-08,-0.001389194611811505,-0.0013990838914657905,9.889279654285436e-06,0.9960187354617541,0.011071235878643677,2.3080421561308713,2.1440059177513104
2022-09-09,0.009338655562949593,0.00931573213556353,2.2923427386063965e-05,0.996213494147162,0.018956103663249027,2.329596166851745,2.1639789025781444
2022-09-10,-0.006139117990892837,-0.0061415940048380364,2.4760139451992664e-06,0.9950965633870789,0.0012834203596702523,2.3152945011123105,2.1506886227234743
2022-09-11,0.0001872080107305131,-2.544267757083912e-05,0.0002126506883013522,0.8823048351596647,0.12270043863063625,2.315727942790119,2.150633903446291
2022-09-12,0.004522235060350298,0.004520117585248214,2.1174751020833893e-06,0.8833035689713364,0.004925428041462489,2.3262002088832374,2.16035502157269
2022-09-13,-0.007900200650259615,-0.0079465688787498,4.636822849018555e-05,0.9967166978371023,0.11367036984235473,2.307822760480384,2.1431876115912094
2022-09-14,-0.011167357743351087,-0.011173018160042236,5.6604166911498585e-06,0.9967346418642027,0.013170362551178271,2.2820504781058513,2.119241737486523
2022-09-15,-0.002948855683044301,-0.0032459159397742357,0.0002970602567299347,0.9961719888669376,0.2586696945591021,2.275321040584495,2.112362856950581
2022-09-16,-0.0003743529473586225,-0.0003804016200263897,6.048672667767239e-06,0.9953814200218495,0.009300992473449758,2.274469267446765,2.111559310697713
2022-09-17,-0.0013604674454676187,-0.001364534675717804,4.067230250185176e-06,0.9975614717632951,0.00227320339765915,2.271374926052687,2.108678014798431
2022-09-18,-0.003834374648735968,-0.003869289722527763,3.4915073791795205e-05,0.9807673572358684,0.016794114527427143,2.262665623618456,2.1005189286276513
2022-09-19,0.006714171683013998,0.0066946424135215085,1.9529269492489528e-05,0.9886128615768933,0.012702651194763171,2.277857549076684,2.1145811517376467
2022-09-20,0.0027460543281506945,0.0027210407020529853,2.5013626097709067e-05,0.9999999999999997,0.02494688824026547,2.2841126696582372,2.120335013119319
2022-09-21,0.004427779823175529,0.004406324047067812,2.1455776107717353e-05,0.995236856455161,0.01526487313416537,2.2942262176508095,2.1296778962754663
2022-09-22,-0.007138786512502166,-0.007143107339915978,4.320827413812298e-06,0.9954551471038952,0.0038454805804155803,2.277848226471615,2.114465378462924
2022-09-23,-0.01813092796122512,-0.018132141733997895,1.21377277277763e-06,0.9958068611649817,0.0024825373108216093,2.2365487243708535,2.076125592529003
2022-09-24,-0.0024133017155417123,-0.002444026051429803,3.0724335888090744e-05,0.9908689567655834,0.013943008807256732,2.231151257497437,2.071051487494822
2022-09-25,0.0012422543216446128,0.0012082594553002649,3.399486634434797e-05,0.9897238276687582,0.016040451692638846,2.233922914789306,2.073553855037001
2022-09-26,-0.0005482976333668304,-0.0005536550515700465,5.357418203216049e-06,0.9931375360135491,0.01032994545790343,2.232698060142003,2.0724058214704573
2022-09-27,0.0017501693871861538,0.0017492845717017673,8.848154843863713e-07,0.9926637083949735,0.0014781863709120015,2.2366056599376933,2.0760310490002603
2022-09-28,-0.0025642586606859307,-0.0025864794432225928,2.2220782536662233e-05,0.9936712754062942,0.02997953436904171,2.2308704245036592,2.0706614373685293
2022-09-29,-0.00243913540983164,-0.002441935258958264,2.799849126623881e-06,0.993808848311788,0.004493861572886932,2.2254290294565062,2.0656050161952537
2022-09-30,-0.01250793783146867,-0.01250845205199018,5.142205215098405e-07,0.993607248171453,0.0010583586832168374,2.197593501507719,2.039767494891825
2022-10-01,0.0011426246106438197,0.0011369918837076413,5.6327269361783705e-06,0.9968186944605351,0.0032114462890819105,2.2001045259267324,2.0420866939781677
2022-10-02,0.0015014348132969158,0.0014722615928322086,2.9173220464707295e-05,0.9920454100195795,0.012759695350357925,2.203407839454851,2.0450931797869454
2022-10-03,0.0026888431657502458,0.0026789915631267127,9.851602623533061e-06,0.9886109968818068,0.027281479946722427,2.20933245756533,2.0505719671614027
2022-10-04,0.010645157646715421,0.010637624232819278,7.533413896144042e-06,0.9918641715855137,0.01825398964845569,2.2328511498701182,2.0723851812104184
2022-10-05,-0.004150438117466026,-0.004153444022850159,3.0059053841334733e-06,0.9928497749685794,0.005000582581723901,2.2235838393470693,2.0637776453664767
2022-10-06,0.007862352378412901,0.00763108297113388,0.00023126940727902164,0.9936795680958823,0.22723373391357796,2.2410664390349604,2.0795265038122395
2022-10-07,-0.009147522411188101,-0.009148915048655394,1.3926374672933693e-06,0.9933560278122499,0.0013656639072654267,2.2205662335589267,2.0605010924874336
2022-10-08,0.00026025072792220804,0.0002602119987888128,3.872913339518696e-08,0.9933723852858798,1.6357473629904223e-05,2.2211441375376095,2.0610372595952167
2022-10-09,0.001066188496920864,0.000844562304588439,0.00022162619233242516,0.9999999999999997,0.21713577992075528,2.2235122958670557,2.062777933973023
2022-10-10,-0.011953448016101879,-0.011954199929844212,7.519137423336608e-07,0.9999999999999997,0.0009553589905235565,2.1969336572252454,2.0381190741394386
2022-10-11,-0.006972065872119063,-0.006996795686091449,2.4729813972386102e-05,0.9909084853368882,0.029989199866194787,2.1816164910503955,2.0238587713937592
2022-10-12,-0.002522185660454604,-0.002527992411290877,5.806750836273184e-06,0.9924465038171538,0.012947669563495402,2.176114049220057,2.0187424717781512
2022-10-13,-0.011470855003746765,-0.011476716294602774,5.8612908560082424e-06,0.9919004510978975,0.011543763363538614,2.1511521604898376,1.9955739371576882
2022-10-14,0.031187623728609865,0.031186946698199387,6.770304104763176e-07,0.9917024573495384,0.0009538666872670476,2.218241484654181,2.057809795168141
2022-10-15,0.0011146005874655843,0.0011130682532237651,1.5323342418192354e-06,0.9928074298096916,0.0011049724601531544,2.220713937916117,2.060100277922315
2022-10-16,0.0009120832675732454,0.0008574246713480658,5.46585962251796e-05,1.0000000000000002,0.046363940821694864,2.2227394139409573,2.0618666587260566
2022-10-17,-0.010172862641189216,-0.010177162541443007,4.299900253790453e-06,1.0000000000000004,0.008560111458416005,2.2001277911957784,2.0408827066014195
2022-10-18,0.011261394181357985,0.01122833913934612,3.30550420118658e-05,0.992148942982985,0.06180815149227755,2.2249042975017943,2.063798429774767
2022-10-19,-0.0035972353041827327,-0.0038459259198460045,0.0002486906156632717,0.9925850835001732,0.2576994090801065,2.2169007932143927,2.055861213900359
2022-10-20,0.005958732273786415,0.005704147039730842,0.0002545852340555738,0.9935155280356756,0.25540227608523836,2.230110711518702,2.067588148557726
2022-10-21,0.0034619082745153216,0.0034383477872515817,2.3560487263739856e-05,0.9932537163822219,0.026478996507153334,2.237831150243994,2.0746972356932667
2022-10-22,-0.0018840811643530961,-0.0018853085236668645,1.2273593137684285e-06,0.9924570795330531,0.0008750351006882665,2.2336148947248167,2.070785791310786
2022-10-23,-0.0006747803007869136,-0.0006897823349814271,1.5002034194513462e-05,0.9888079576763709,0.011248503286052838,2.232107695394312,2.0693573998524095
2022-10-24,0.007562503809826166,0.007560968999603797,1.5348102223692917e-06,0.9893173454506163,0.002079512524151307,2.2489880183446735,2.0850037470017946
2022-10-25,0.0005094531173627131,0.0003009691999205422,0.00020848391744217093,0.8696234742924964,0.15799822902821628,2.25013377230153,2.085631268911361
2022-10-26,-0.009496856968487465,-0.009722622903135044,0.0002257659346475793,0.9944688006353583,0.15846275785448888,2.2287645737060195,2.0653534625687486
2022-10-27,0.008333198051373196,0.008038382159092148,0.0002948158922810475,0.9945087105062376,0.27792601243925974,2.247337310308596,2.0819555629944806
2022-10-28,-0.004190081855449585,-0.004197289182705283,7.207327255697422e-06,0.9937092417117988,0.013210601173938703,2.2379207830215972,2.0732169934310507
2022-10-29,7.1870039438953235e-06,7.043910749230934e-06,1.4309319466438976e-07,0.9937199057324669,9.664195651493557e-05,2.237936866967091,2.073231596986516
2022-10-30,0.0024232141022714595,0.0023758032119783005,4.741089029315917e-05,0.9929797928242607,0.027939711151005728,2.243359867143119,2.0781571872738116
2022-10-31,0.01091480341630987,0.01091249148000808,2.311936301789073e-06,0.9940175426725739,0.004079193279344639,2.267845699085025,2.1008350598740546
2022-11-01,0.005343631331552221,0.005321866646296036,2.1764685256184956e-05,0.993129803744151,0.023487389953125742,2.2799642304177814,2.1120154239085673
2022-11-02,-0.0038675665254649222,-0.003888129219500354,2.0562694035431448e-05,0.9949824838011332,0.01779857634397507,2.27114631708096,2.103803635026833
2022-11-03,-0.011624037781047454,-0.011627748666134648,3.710885087193417e-06,0.9953707323984101,0.007747023238985483,2.244746426484924,2.0793411351158406
2022-11-04,0.009932299835469127,0.009931788639714924,5.11195754202091e-07,0.9950908569192091,0.0008512712979528735,2.2670419210473702,2.0999927117796764
2022-11-05,-0.0002116620530096153,-0.00021395282819252574,2.2907751829104483e-06,0.9963171806737038,0.0012263237544946279,2.2665620743001025,2.0995434123998074
2022-11-06,0.00029477893360762463,0.00026029701396453297,3.4481919643091684e-05,0.9973308753920022,0.018691317078361764,2.2672302090513203,2.100089917280744
2022-11-07,-0.004191961358625484,-0.004200721171200823,8.75981257533947e-06,0.9945497031389199,0.01736528731779295,2.257726067623869,2.091268025103797
2022-11-08,0.006193256275169506,0.006187105531319749,6.150743849757486e-06,0.9955681606311927,0.009410027926118527,2.271708743759794,2.1042069210693892
2022-11-09,-0.005488091205344668,-0.00549550355169099,7.412346346322654e-06,0.9946725318620832,0.008145004979552124,2.2592413989820614,2.0926432444611596
2022-11-10,0.06063818590935497,0.05985085306962575,0.0007873328397292213,0.9365253308016239,0.8458210702626157,2.396237698947647,2.2178897278125493
2022-11-11,-0.02141933174751354,-0.021880076597662213,0.0004607448501486723,0.9947232987786138,0.6876636864771384,2.3449118887279887,2.1693621306828423
2022-11-12,0.0050434923395455125,0.004979209568869611,6.428277067590105e-05,0.9698821459176699,0.026130433849025712,2.3567384338756976,2.1801638393622818
2022-11-13,0.004712852089693729,0.004616509928777964,9.634216091576504e-05,0.9323118978751175,0.03757024804255238,2.36784539352865,2.1902285873730607
2022-11-14,0.013539360979352216,0.013360435234374845,0.0001789257449773713,0.6563984394546006,0.47519345370635535,2.3999045070549307,2.2194909945631345
2022-11-15,0.006351002249116865,0.006315474850388585,3.55273987282802e-05,0.6037420180485615,0.05286654177070587,2.4151463059769025,2.233508134119962
2022-11-16,-0.010259782354491289,-0.01026684379670091,7.0614422096199705e-06,0.596427007577768,0.007315010470793278,2.390367430523326,2.210577054988291
2022-11-17,-0.009833928918602287,-0.009850489050871178,1.656013226889036e-05,0.6123650975710712,0.01593808999330281,2.3668607271222175,2.188801789912022
2022-11-18,0.011443845182644507,0.011430472126077826,1.3373056566681144e-05,0.5966798778949254,0.01568521967614561,2.3939467148522855,2.2138208277611207
2022-11-19,-0.0003007152274928694,-0.00030115980189254424,4.4457439967484823e-07,0.5965167423963643,0.000182100387192428,2.393226818621323,2.213154113919207
2022-11-20,0.000377796021883528,0.00033484302574239295,4.295299614113507e-05,0.601608018186182,0.01617633156288608,2.3941309701928635,2.2138951731391456
2022-11-21,-0.002869701543021387,-0.0028766408123208995,6.939269299512451e-06,0.590689414919852,0.011097162401174747,2.387260528853506,2.207526591929893
2022-11-22,0.004417730317461446,0.004410482739397687,7.247578063759675e-06,0.5837942261112911,0.008929149086225151,2.397806802067501,2.217262849860361
2022-11-23,0.0005783106207087481,0.0005712150909549079,7.095529753840215e-06,0.5850674245490549,0.005517584394527078,2.399193479207544,2.218529383860815
2022-11-24,-0.006807873098224219,-0.006814489484986063,6.616386761843977e-06,0.5877366083640133,0.0026691838149582644,2.382860074463012,2.2034112387023628
2022-11-25,0.0026203621355326344,0.0026160163626297566,4.34577290287774e-06,0.5899698235563073,0.0022332151922942337,2.3891040307764078,2.20917539855641
2022-11-26,0.0006656077959705402,0.0006569573905055063,8.650405465033846e-06,0.5863739457153904,0.0035958778409168916,2.390694237044677,2.2106267326614146
2022-11-27,-0.0007556701704385199,-0.0008082559973354511,5.258582689693123e-05,0.5912053103386118,0.02060794869660959,2.3888876607231033,2.208839980346871
2022-11-28,-0.006599730267862114,-0.0066066633550070425,6.933087144928363e-06,0.6033814291851683,0.01247996088230854,2.3731216465221068,2.194246918191639
2022-11-29,0.0010119918734119637,0.0010075087278210784,4.483145590885158e-06,0.5952050148229346,0.008285436043426846,2.375523226343005,2.1964576411127115
2022-11-30,-0.002418552110238493,-0.002445774368709793,2.722225847130017e-05,0.5730681508117651,0.02213686401116957,2.369777899631013,2.191085601312121
2022-12-01,0.016254580519509173,0.01625055876103537,4.02175847380366e-06,0.5781004981790587,0.006112012937723633,2.4082976453139184,2.226691966626702
2022-12-02,-0.01051685361165684,-0.010707333241651958,0.0001904796299951196,0.8230791204816196,0.24497862230256115,2.382969931524854,2.2028500337135206
2022-12-03,-0.0023106758740619585,-0.0023162671173317007,5.591243269741915e-06,0.8264364607739948,0.0033573402923753456,2.377463660395464,2.197747644616017
2022-12-04,0.0031517269891478336,0.0031087839503018697,4.2943038845963717e-05,0.8168154564854688,0.021611595334862403,2.384956776779651,2.2045799672204134
2022-12-05,0.0007630705494364291,0.0007511737161402197,1.189683329620946e-05,0.8032439005584019,0.01357155592706747,2.38677666705769,2.206235989746919
2022-12-06,-0.008745518244484989,-0.00874863277682785,3.1145323428604015e-06,0.7997217949762812,0.004644080580047712,2.365903068170426,2.186934441253602
2022-12-07,-0.016864497123077214,-0.01686925544371822,4.75832064100644e-06,0.792819811512643,0.006901983463638118,2.326003302683786,2.15004248552543
2022-12-08,0.00887285415217079,0.008869223348412945,3.6308037578439387e-06,0.7887663633889037,0.004053448123739339,2.346641590745967,2.1691116925381317
2022-12-09,0.0014558712335701594,0.0008271631797511779,0.0006287080538189816,0.9962571378370811,1.1354033048177234,2.3500579987334334,2.170905901862967
2022-12-10,-8.211788641824195e-05,-0.00015741583423012565,7.52979478118837e-05,0.9634049427542013,0.044959544992964465,2.349865016937617,2.17056416689939
2022-12-11,-3.017315743189184e-05,-9.527235794550937e-05,6.509920051361753e-05,0.9990401721374407,0.04192508193205332,2.349794114090517,2.1703573721331377
2022-12-12,-0.0015389708081724194,-0.0015426075270007446,3.6367188283251827e-06,1.0,0.00432009057279402,2.3461778495437167,2.1670093625146034
2022-12-13,0.03242762272305014,0.032423699638015134,3.923085035004187e-06,0.9965915503750127,0.005896917144602279,2.4222588196898975,2.2372718231975437
2022-12-14,-0.015985570686443865,-0.01605302962375101,6.745893730714541e-05,0.9967115950672759,0.07161407573063679,2.3835376301068827,2.2013568323433703
2022-12-15,-0.015107361446420805,-0.015115414127333235,8.052680912429529e-06,1.0,0.00656405465358686,2.347528665607713,2.168082412180466
2022-12-16,-0.015958707377413377,-0.015962317892863107,3.610515449727675e-06,0.9969336840354887,0.00527489423512316,2.31006514257319,2.133474791499316
2022-12-17,-0.0005233066842019966,-0.0005256262584831202,2.319574281123596e-06,0.9984273070402767,0.0014936230047880219,2.3088562700431394,2.1323533811270923
2022-12-18,-0.0009148360266058417,-0.0010846202642067542,0.00016978423760091258,0.9999999999999998,0.14979982309433396,2.3067440451470493,2.130040587439472
2022-12-19,-0.0008612380150465398,-0.0012135315198018631,0.0003522935047553232,0.29756630068875933,0.75639553487293,2.3047573894843865,2.1274557160481566
2022-12-20,0.0003984794274069465,0.0003864606158172915,1.2018811589655e-05,0.2808074979947026,0.016758802694056656,2.3056757878892604,2.1282778938943046
2022-12-21,-0.00016954970341640267,-0.00017164274325543664,2.09303983903399e-06,0.27861926969724904,0.0029259655664106974,2.3052848612432495,2.1279125904381866
2022-12-22,0.0012577578744241895,0.001254658137083431,3.0997373407584893e-06,0.27560199919997497,0.003017270497274138,2.308184351430269,2.130582393284782
2022-12-23,-0.004083894827558614,-0.004086937295777146,3.0424682185322855e-06,0.2792799631122976,0.003677963912322775,2.2987579692964113,2.1218748366399405
2022-12-24,-1.3781968675845153e-05,-1.3801132277287213e-05,1.9163601442061225e-08,0.27928557937206416,1.3019678035898659e-05,2.298726287886085,2.1218455523646442
2022-12-25,0.0005192986662279497,0.0005169412646375618,2.3574015903879963e-06,0.2777958634209048,0.0014897159511594064,2.2999200133814073,2.122942421887849
2022-12-26,-9.58822008587979e-05,-9.835086322890546e-05,2.468662370107565e-06,0.2762375588450287,0.001558304575876173,2.2996994919887253,2.122733628668071
2022-12-27,-0.0008988792284179829,-0.0008997044026233091,8.251742053261911e-07,0.27675143762719717,0.0006543492637213637,2.2976323398837732,2.120823795876762
2022-12-28,-0.0012618178120062913,-0.0012634869684987223,1.6691564924308388e-06,0.27396426420271414,0.002841932496336637,2.294733146471866,2.1181441626481896
2022-12-29,0.004137175200288178,0.0041334091042451,3.7660960430789252e-06,0.2674762567365269,0.006510165549005421,2.304226859536729,2.1268993190141834
2022-12-30,0.001118343200141595,0.0011178176844805674,5.255156610276772e-07,0.2680352456526527,0.0005589889161256296,2.3068037759766753,2.129276804686087
2022-12-31,0.00010424458773145458,0.00010203928820274398,2.205299528710612e-06,0.26716517541982043,0.001473724447078979,2.3070442477852793,2.1294940745756237
2023-01-01,-0.00022862711182043455,-0.0002403062792252945,1.1679167404859924e-05,0.2689405694765971,0.007937215541778165,2.306516794922066,2.12898234377793
2023-01-02,-0.00019573038187782697,-0.00019671663786551832,9.86255987691343e-07,0.2683235754221069,0.0006169940544902284,2.3060653395089883,2.1285635375291867
2023-01-03,0.0011418958200234888,0.0011412173728872108,6.784471362779348e-07,0.2676072743715233,0.0007163010505836162,2.308698625880875,2.1309926912175094
2023-01-04,-0.0024534203706424416,-0.0025424743434496583,8.90539728072165e-05,0.31891214851683836,0.05697351460731474,2.3030344176424644,2.1255746969740104
2023-01-05,-0.0035982744399134796,-0.0037012194135753467,0.00010294497366186685,0.4965245422831381,0.1776123937662996,2.2947474677632207,2.1177074786405656
2023-01-06,0.0010547624703652436,0.0008059788718946981,0.00024878359847054545,0.38341798053523923,0.18966980850518544,2.2971678812711827,2.1194143061252033
2023-01-07,0.00010727221560202881,0.00010726514823029352,7.067371735300372e-09,0.3834123530565515,5.62747868760715e-06,2.2974143035594166,2.1196416454149114
2023-01-08,4.042398453931244e-05,-2.950956253342424e-06,4.3374940792654855e-05,0.3811267137403653,0.030029363713213367,2.297507174199704,2.119635390445143
2023-01-09,0.013667466477634482,0.013667445578616193,2.0899018289196176e-08,0.3810942870964472,3.763968479160028e-05,2.328908276485203,2.1486053917905608
2023-01-10,-0.0018839395408397051,-0.0019138432988342424,2.990375799453715e-05,0.33291583217662246,0.048178454919824865,2.324520754096144,2.1444932977596434
2023-01-11,0.0035177182365062746,0.0032396448605193076,0.00027807337598696714,0.9921973973310914,0.9244249920127268,2.3326977631439654,2.151440694450148
2023-01-12,0.007385508536777479,0.006926110476805204,0.0004593980599722755,0.9920953022501484,1.506837473642487,2.349925922387387,2.1663418103842043
2023-01-13,-0.0007574995245062824,-0.001095629337303982,0.0003381298127976993,0.1334684438865463,0.8605073455472811,2.348145854618554,2.163968302742119
2023-01-14,0.00026044600768228147,0.0002537943085916044,6.651699090677002e-06,0.13764353337580856,0.0041750894892623,2.348757419831845,2.1645175055813275
2023-01-15,0.0010832748643547373,0.0010629473135445175,2.032755081021988e-05,0.13773407547586683,0.009941546517916261,2.3513017697072156,2.1668182736490054
2023-01-16,-1.0890226647810653e-05,-1.0927948978686823e-05,3.772233087615859e-08,0.13771681790074206,1.72575751247947e-05,2.351276163498026,2.1667945947694647
2023-01-17,0.008984464846089482,0.008725413970158918,0.0002590508759305652,0.9932631220958944,0.8599733847308226,2.3724011215324223,2.185700774597131
2023-01-18,0.0016593611974811977,0.0016580125079437688,1.3486895374289559e-06,0.9931067449441311,0.004021595261851943,2.376337791898354,2.1893246938200353
2023-01-19,-0.012702783899310713,-0.012755568387979815,5.278448866910155e-05,0.9955952541165254,0.14567685175305112,2.346151686456104,2.1613986129645206
2023-01-20,0.0018367856754510816,0.001825425118773852,1.1360556677229637e-05,0.995827210432324,0.03129156547600158,2.350461064266222,2.165344084284309
2023-01-21,0.0014987621464214748,0.0014885157606088614,1.024638581261342e-05,0.9997233940294092,0.003896183597085187,2.3539838463359817,2.1685672330809074
2023-01-22,-0.00027513037658009095,-0.0002842094466846056,9.079070104514637e-06,0.9963049357074869,0.0034184583219224783,2.3533361938738757,2.167950905787495
2023-01-23,-0.0003976102633227135,-0.000637823611543237,0.0002402133482205235,0.9897544560003422,0.6877242403927813,2.3524004832501424,2.1665681355111173
2023-01-24,0.006181384234542565,0.005947873057284442,0.00023351117725812275,0.9936291187266046,0.6752444898187905,2.3669415745106352,2.1794546077510946
2023-01-25,-0.0030731443075512773,-0.0030872532980843474,1.4108990533070174e-05,0.9942933053567684,0.03522445995019964,2.3596676214846215,2.17272607932529
2023-01-26,0.008803206463501287,0.008782476991649347,2.0729471851940076e-05,0.9951996461224859,0.0571679214082734,2.3804402627417898,2.1918079961261205
2023-01-27,-0.0029523860845640745,-0.0029533165270033885,9.304424393138783e-07,0.9947455283291662,0.0015903633289402462,2.3734122840349348,2.185334893347143
2023-01-28,0.0007113751110068306,0.0007110011530244786,3.739579823519804e-07,0.9948841790243332,0.00013865069516717267,2.375100670461955,2.1868886689760574
2023-01-29,-0.0002001349484633355,-0.0002007497241452803,6.147756819448062e-07,0.9951115572605442,0.00022737823621079255,2.3746253298116766,2.186449651679024
2023-01-30,-0.0010694237794710664,-0.0010725069111153667,3.083131644300407e-06,0.9959705157072855,0.006751089690118228,2.3720858490166417,2.1841046693167927
2023-01-31,-0.004100865048840974,-0.004112482378940766,1.1617330099791606e-05,0.9952739600532747,0.03587032099046503,2.362358245065559,2.175122577350465
2023-02-01,0.007553327858316989,0.007551530046852209,1.797811464780325e-06,0.9955397680022419,0.004876219611716003,2.380201911409338,2.191548080848914
2023-02-02,0.009882269493802314,0.009879214632278673,3.0548615236405293e-06,0.9949100839208416,0.008278205977464587,2.4037237081475484,2.2131988547165786
2023-02-03,-0.01900419162486241,-0.01901023179219119,6.0401673287816186e-06,0.9960605122329883,0.013984477292807315,2.3580428821846877,2.1711254314862045
2023-02-04,9.145339600255819e-05,9.069443602665254e-05,7.589599759056426e-07,0.996406225072512,0.0003457128395237489,2.358258533214183,2.171322340482756
2023-02-05,-0.0001762738287457338,-0.00018510957558425954,8.835746838525735e-06,0.9989756845847526,0.00469614912355722,2.3578428339533613,2.170920407925853
2023-02-06,-0.005204280897028169,-0.005215704826944358,1.1423929916189462e-05,1.0000000000000002,0.029284769729460463,2.345571957534423,2.159597527875322
2023-02-07,-0.0026879542818295495,-0.0028267047351659288,0.00013875045333637916,0.9945909651732058,0.3557724446624037,2.339267167347829,2.153492983317224
2023-02-08,0.007868149628466483,0.00786257864663169,5.570981834793293e-06,0.993815521524241,0.015647098540692392,2.3576728714414807,2.170424991263525
2023-02-09,0.0033540860800894503,0.003353860340302052,2.2573978739831087e-07,0.9933339754303886,0.0004815460938525432,2.365580709200987,2.177704293563324
2023-02-10,-0.015215637036540438,-0.015217130561391934,1.4935248514958114e-06,0.9947421535702629,0.00356008801507919,2.329586891749143,2.1445658830040673
2023-02-11,-0.00016458636025276088,-0.0001726276208222002,8.041260569439316e-06,0.998759334184974,0.0040171806147112025,2.3292034735217375,2.1441956716979877
2023-02-12,2.7091213026734314e-06,-2.696910296684363e-05,2.9678224269517063e-05,0.9839742128733899,0.014785121311584003,2.3292097836164856,2.1441378446641366
2023-02-13,0.007442017512986778,0.007236694347804381,0.000205323165182397,0.9805576057025611,0.5412133885989561,2.3465438036175796,2.159654314885531
2023-02-14,0.0029358949548356325,0.002735012425773933,0.0002008825290616999,0.9926163192920932,0.5384417086813256,2.3534330097319214,2.165560996272119
2023-02-15,-0.004866578862160776,-0.00490293585368592,3.6356991525144476e-05,0.9935543004595709,0.09858368326668203,2.3419798423932487,2.154943389620153
2023-02-16,-0.004891580542690786,-0.005058436373118699,0.00016685583042791295,0.9940683870532901,0.4533688067653724,2.330523859364824,2.144042745596087
2023-02-17,-0.0058789576239549534,-0.005879345816781661,3.8819282670718645e-07,0.993140672513377,0.0009277145399130518,2.316822808354002,2.1314371768487654
2023-02-18,1.1595530421821193e-06,1.1595530421821193e-06,0.0,0.993140672513377,0.0,2.316825494832938,2.1314396483632283
2023-02-19,-4.671293109858154e-05,-6.852252640389865e-05,2.180959530531711e-05,1.0,0.015954812326010828,2.31671726912323,2.131293596733645
2023-02-20,-0.0011133834768304782,-0.0015323957370914658,0.0004190122602609875,1.0000000000000004,0.3923329273206924,2.3141378743953007,2.12802761151152
2023-02-21,0.0005396460855551689,0.0005081644324396123,3.1481653115556624e-05,0.9999999999999997,0.029558438835746933,2.315386689840653,2.1291089994549397
2023-02-22,-0.01084750875621846,-0.010900437404224457,5.292864800599754e-05,0.9999999999999999,0.0504874242180574,2.290270512448575,2.1059007800796103
2023-02-23,0.0001487952180532577,-3.523492941765923e-05,0.00018403014747091692,0.9916069543721948,0.4263848982677169,2.2906112937488756,2.1058265788142636
2023-02-24,-0.01271899925880515,-0.01286667613353672,0.00014767687473156915,0.9890550589214819,0.3251037710673379,2.2614770104014728,2.078731590231267
2023-02-25,-0.010195709104905224,-0.0101971662335082,1.4571286029757269e-06,0.9898951641675017,0.0008401052460196949,2.238419648655989,2.057534418650834
2023-02-26,-0.0016136292458859057,-0.0016422150425045505,2.8585796618644824e-05,0.9917589370595284,0.01672549904998985,2.2348076692463517,2.0541555046780546
2023-02-27,0.013656886870580335,0.01361581310795196,4.107376262837511e-05,0.9673929747771072,0.024365962282421317,2.2653281847627547,2.082124502124422
2023-02-28,-0.007980290504876638,-0.007987110550390853,6.820045514214469e-06,0.9659825436876174,0.007427619741050592,2.247250207759463,2.065494343546277
2023-03-01,-0.009239005045676627,-0.009283512116081787,4.450707040515943e-05,0.986861283288029,0.029361059327677286,2.2264878517510756,2.0463193017822667
2023-03-02,-0.0028237602911243107,-0.003515508074175431,0.0006917477830511202,0.22837823612694125,0.9145383754064234,2.2202007837666304,2.03912544975451
2023-03-03,-0.0035220456509612408,-0.00432048594638681,0.0007984402954255688,0.7135000675242946,0.4884231649083382,2.2123811352519045,2.030315436905926
2023-03-04,-0.01552803241171307,-0.015618535155752823,9.050274403975232e-05,0.6590105633628374,0.05448950416145712,2.1780272092766504,1.9986048838773431
2023-03-05,0.00013071987029625561,-0.0005867963146883251,0.0007175161849845807,0.22672756937144875,0.43228299399138864,2.1783119207109487,1.9974321098969658
2023-03-06,0.005184714066587832,0.005085076143434179,9.963792315365295e-05,0.5509272921496342,0.37511459784799533,2.1896058451676748,2.0075892042671324
2023-03-07,-0.006072876420278346,-0.006112909967795692,4.003354751734635e-05,0.6712337532791042,0.12030646112947,2.1763086394608524,1.995316992209129
2023-03-08,-0.007463004270719116,-0.007464018620433055,1.0143497139391296e-06,0.6694558418041147,0.0032384823489302254,2.1600668387901534,1.9804239090256135
2023-03-09,0.0021124214791317228,0.001996451281209529,0.00011597019792219354,0.24837881841104922,0.4272464742659009,2.164629810376774,1.984377728876126
2023-03-10,-0.005806382852809024,-0.005839580387657126,3.3197534848102114e-05,0.26865640039853583,0.020277581987486706,2.1520611409631227,1.9727897956088774
2023-03-11,0.00012670839102591055,9.500417289593454e-05,3.170421812997601e-05,0.2504574454703592,0.018198954928176633,2.1523338251676836,1.9729772188717067
2023-03-12,-7.42388977465372e-05,-9.792758372140391e-05,2.368868597486671e-05,0.26831562687364086,0.017858181403281655,2.1521740382769208,1.9727840099799252
2023-03-13,-0.006414910954999894,-0.006416085734815732,1.1747798158385926e-06,0.2660729954205712,0.002278851399809758,2.138368033461712,1.9601264586356204
2023-03-14,0.008826899680279502,0.00869242038268716,0.00013447929759234135,0.6758626376262965,0.40998236689049405,2.157243193572595,1.9771647018173093
2023-03-15,0.007822990602468313,0.007079246124112879,0.0007437444783554346,0.9791950298426957,0.5464907711006094,2.174119286803152,1.9911615373693823
2023-03-16,-0.01931259175161476,-0.01931502243048352,2.4306788687613935e-06,0.9800502217237146,0.0030493697697718558,2.132131408597811,1.9527022076123766
2023-03-17,0.02233739157522152,0.022327959056663696,9.4325185578239e-06,0.9809906484429622,0.008985733979021202,2.1797576627614887,1.9963020625538024
2023-03-18,0.02723024485889568,0.02716035723074592,6.988762814976087e-05,0.9413165178282533,0.03967413061470911,2.2391129976515383,2.0505223397132384
2023-03-19,-0.010938385787628025,-0.01098853396862065,5.0148180992625884e-05,0.9314528790557183,0.030378859322869156,2.2146207158611335,2.027990105329884
2023-03-20,0.01058061962814703,0.010395324909407162,0.0001852947187398679,0.8721969418253379,0.13395034886924465,2.238052775276275,2.049071721387851
2023-03-21,-0.006429246853189197,-0.0064628155693036106,3.3568716114414154e-05,0.9005581349393809,0.028361193114043042,2.2236637815135585,2.035828948764246
2023-03-22,0.01910576303025131,0.019043725789326154,6.203724092515606e-05,0.8986793595087494,0.07921796067133371,2.2661485747821093,2.074598717018484
2023-03-23,-0.0031965535004538324,-0.003275038850329707,7.848534987587438e-05,0.9023399932381169,0.05337994643089529,2.258904709622841,2.0678043256214043
2023-03-24,0.012177657974930707,0.012080997216624161,9.666075830654703e-05,0.8295756099251635,0.07276438331295287,2.286412878574588,2.09278546392376
2023-03-25,-0.008033650027018842,-0.008036846743306599,3.1967162877562477e-06,0.8313002599352057,0.0017246500100420847,2.268044637690851,2.0759660678835847
2023-03-26,-0.0009428890652820285,-0.0010044543551348142,6.156528985278566e-05,0.8344248309543665,0.03120688852935219,2.2659061232024005,2.0738808547255867
2023-03-27,-0.001072245868415128,-0.0011094971540779788,3.7251285662850586e-05,0.8010792193459648,0.04714280277603036,2.26347651472358,2.071579889819372
2023-03-28,-0.005704946194325918,-0.005718691577281154,1.3745382955236068e-05,0.8258784745269994,0.025901217445931046,2.2505635029949618,2.059733163351797
2023-03-29,0.008852412637404912,0.008833319402079641,1.909323532527068e-05,0.8079487612807166,0.04118940957223234,2.270486419790157,2.0779274442667393
2023-03-30,0.012110715304705168,0.012106580195324576,4.135109380592563e-06,0.8074867659820051,0.0031647198454244365,2.2979836344234346,2.1030840395108203
2023-03-31,-7.518074787381187e-05,-8.325204935730762e-05,8.071301483495755e-06,0.8025511135001038,0.006687349615118439,2.297810870295197,2.1029089534545604
2023-04-01,0.005464582020593358,0.005459842602889477,4.739417703880446e-06,0.8000782101000904,0.002472903400013486,2.310367446263736,2.1143905053486294
2023-04-02,-0.00019236994299500127,-0.00019413714799208908,1.767204997087822e-06,0.8006429726278549,0.0008687020218857595,2.3099230010098006,2.1139800236061794
2023-04-03,-0.00016465084059777123,-0.000170202281431719,5.551440833947759e-06,0.800154536126278,0.003611105361158047,2.309542670245968,2.1136202193832605
2023-04-04,0.00426330960640337,0.004038791702548165,0.00022451790385520501,0.6800374193447624,0.12205308775050373,2.319388965698426,2.1221566911876435
2023-04-05,0.0012476926284189888,0.0009076144871588596,0.00034007814126012914,0.9879414101854923,0.8736792638264601,2.3222828502133646,2.1240827913445868
2023-04-06,-0.0014453650486539818,-0.0014801033135521675,3.4738264898185654e-05,0.9885940993474132,0.07237575662845565,2.3189263037485777,2.1209389293668583
2023-04-07,-0.0016377500953367056,-0.0016395282061381243,1.7781108014185635e-06,0.9896086672722223,0.0010145679248091746,2.3151284819735345,2.117461590168665
2023-04-08,-0.0004803220378211827,-0.00048054998390892307,2.279460877403846e-07,0.9897368459923146,0.00012817872009234042,2.314016474743255,2.116444044035582
2023-04-09,-0.0006354894927565857,-0.0006547680024277526,1.9278509671166837e-05,0.9888620963181792,0.012136240465528048,2.31254594158749,2.1150582641966182
2023-04-10,-0.0017765313893963908,-0.0017906330583007041,1.4101668904313349e-05,0.9929283505366747,0.02217133705294566,2.3084376311328385,2.1112709709485156
2023-04-11,0.009789098747477177,0.009784662979012624,4.4357684645535215e-06,0.9901739175928077,0.0046375766312847745,2.33103515505639,2.1319290458566194
2023-04-12,0.004841871522051501,0.004816788946162969,2.508257588853206e-05,0.9874529978372486,0.027291458269645907,2.3423217277905586,2.142198098118705
2023-04-13,-0.002556191281344881,-0.0025703369517062367,1.4145670361355386e-05,0.9898316589906865,0.021827634774860903,2.3363343054118757,2.136691927189236
2023-04-14,0.006701025252031181,0.0066994864304397205,1.5388215914603038e-06,0.9910376200470583,0.002271615748543015,2.3519901405896273,2.15100666576147
2023-04-15,0.0029521797015325266,0.00295105568356159,1.1240179709365456e-06,0.9917363513353836,0.0007245973178492864,2.358933638140881,2.1573544062078445
2023-04-16,0.0002747920794638698,0.00027256340288364195,2.228676580227825e-06,0.9903739658940609,0.0013623854413226362,2.359581854420623,2.157942422066027
2023-04-17,-0.0005435573280913309,-0.0005506326197094355,7.075291618104598e-06,0.9855584621664558,0.005160854278483289,2.3582992864124215,2.1567541885769823
2023-04-18,0.0025380549957967537,0.002525387952727734,1.266704306901972e-05,0.9837161270468352,0.01194344855017639,2.3642847796978845,2.16220082962181
2023-04-19,-0.003195193649682581,-0.0032020554336985897,6.861784016008889e-06,0.9927542664981139,0.01777624657579155,2.3567304319837525,2.155277342706572
2023-04-20,-0.007797012062211559,-0.007798363728748989,1.3516665374300553e-06,0.9934001960417089,0.001944660544475054,2.338354976378194,2.1384697060518145
2023-04-21,0.0005133323347706196,0.0005110919143695677,2.2404204010519464e-06,0.9925859579173497,0.0044349894907898795,2.339555329597741,2.139562660627702
2023-04-22,-0.000663092947653935,-0.0007673452184914879,0.00010425227083755287,0.926951012092512,0.06577650907017232,2.3380039869580385,2.1379208774504064
2023-04-23,0.00045160735784700135,0.0004264462349991963,2.516112284780507e-05,0.9269723704621752,0.01429027636684422,2.3390598467612245,2.1388325857593213
2023-04-24,-0.0013002584364933583,-0.001329458710671022,2.9200274177663627e-05,0.990292644432785,0.08084647488339662,2.3360184644620103,2.1359890961475165
2023-04-25,-0.0008759014723506253,-0.000890045234026993,1.4143761676367682e-05,0.990013370816138,0.006710172127679137,2.3339723424495498,2.134087969232557
2023-04-26,-0.008142964281055664,-0.008146452703224304,3.4884221686394394e-06,0.9903724408036059,0.010575804727607892,2.314966889032011,2.116702722526684
2023-04-27,-0.006192302800700892,-0.006204562231794822,1.2259431093930504e-05,0.9901666424628068,0.031786036613126435,2.3006319130815283,2.1035695087585577
2023-04-28,0.010570607125436386,0.010447501397868098,0.0001231057275682888,0.9882424132564999,0.12537925712747255,2.3249509891749542,2.1255465541418257
2023-04-29,-0.00017988867202266246,-0.00018173494034315717,1.846268320494717e-06,0.9893860083276034,0.0011435950711035838,2.3245327568289937,2.125160268065612
2023-04-30,0.00017808799533848907,0.00014781788569665028,3.0270109641838773e-05,0.9866953169580517,0.018767582037073773,2.3249467282077565,2.125474404763204
2023-05-01,0.009447722108575734,0.009437508594313035,1.0213514262698591e-05,0.9858723010001054,0.008484211169553417,2.3469121788131058,2.145533587725149
2023-05-02,-0.0047448996437951824,-0.004754783610871101,9.883967075919082e-06,0.9898507404572319,0.022697986704361243,2.3357763160518368,2.1353320397856597
2023-05-03,-0.004838808307135253,-0.004963963086914414,0.0001251547797791613,0.9918330202300132,0.12712384163306115,2.3244739422101155,2.124732330361858
2023-05-04,-0.00679275335738314,-0.006922845213791627,0.00013009185640848697,0.9905835981787625,0.13240225133210007,2.308684364035018,2.1100231373180245
2023-05-05,-1.3059679229910487e-05,-2.6272594703118123e-05,1.3212915473207637e-05,0.9893916965323306,0.02404552920028019,2.3086542133577805,2.1099677015353238
2023-05-06,0.0021417672848141264,0.0021360400587118237,5.72722610230297e-06,0.9929665271677708,0.003574830635440154,2.3135988134238983,2.114474677068391
2023-05-07,-0.002720466606909496,-0.0027417398447767507,2.1273237867254523e-05,0.9919740033475216,0.014138183259874124,2.3073047451101933,2.108677337595501
2023-05-08,0.0064709223108924485,0.006464754409731923,6.167901160525385e-06,0.9858959749373848,0.014670606991632902,2.322235134863355,2.122309418712423
2023-05-09,-0.002681589110096335,-0.002800174008013078,0.00011858489791674262,0.9166956898746107,0.09025508551053743,2.3160078544146225,2.116366583041183
2023-05-10,0.005472532766010159,0.005445857359747328,2.6675406262830917e-05,0.9891321382066618,0.07243644833205139,2.3286822832842433,2.127892013573361
2023-05-11,-0.004985882612208731,-0.0049865997451741155,7.171329653839267e-07,0.9884126595399091,0.0012451616320099832,2.317071746778658,2.117281067800718
2023-05-12,0.0005940581150879031,0.0005932569465806884,8.01168507214731e-07,0.9897576196775529,0.002058974729873562,2.3184482220530724,2.118537159502055
2023-05-13,6.12693433320602e-05,6.106743972197394e-05,2.0190361008626162e-07,0.9899081888292873,0.0001505691517342516,2.3185902718531874,2.1186665331423415
2023-05-14,-8.17557234341587e-05,-0.00010221417472126127,2.0458451287102576e-05,0.9898367958343808,0.013898937510227378,2.3184007138281646,2.118449975391147
2023-05-15,-0.0018635147103989432,-0.0018649794446538744,1.4647342549311381e-06,0.9884976881681629,0.004023265017751187,2.3140803399933465,2.114499109732515
2023-05-16,-0.0029983482012663778,-0.0029997037967841632,1.3555955177856152e-06,0.9886811832028137,0.003955007418110589,2.3071419213683413,2.1081562387247534
2023-05-17,-0.002183893090686375,-0.0021897962101973143,5.9031195109390725e-06,0.9882076013208121,0.01762277262949766,2.3021033700670324,2.10353980618269
2023-05-18,0.002065204060345266,0.0020647516210724136,4.524392728523878e-07,0.9874717410531296,0.0009908691409894611,2.306857683294229,2.1078830934074957
2023-05-19,0.009820588810865885,0.009819231095141212,1.3577157246728288e-06,0.9869328992802948,0.0036029011346013916,2.329512384047048,2.1285808846232053
2023-05-20,-1.2875513731126937e-05,-1.2919962898202959e-05,4.444916707602322e-08,0.9869644276612568,3.152838096173597e-05,2.329482390378361,2.12855338343715
2023-05-21,0.00021931184317059097,0.00019478268879054376,2.4529154380047193e-05,0.989094743232838,0.01638796031834404,2.329993273455028,2.12896798878841
2023-05-22,-0.002243177262264527,-0.0022479483692069754,4.771106942448097e-06,0.9895242731959436,0.016766374875522204,2.324766685522784,2.1241821786699195
2023-05-23,-0.007454021556318156,-0.00752418300349634,7.01614471781835e-05,0.9898296932031111,0.2237850042017443,2.307437824535487,2.1081994432248417
2023-05-24,-0.0079332660664796,-0.007933869737355381,6.036708757812813e-07,0.9893349241335125,0.0009559002195915225,2.2891323063415885,2.0914732634619306
2023-05-25,-0.0028318860987853597,-0.002920933198226837,8.904709944147719e-05,0.9877346510455723,0.27190791304704365,2.282649744384979,2.085364209773481
2023-05-26,0.002394419929650097,0.0023041431397721793,9.027678987791763e-05,0.9860991861810566,0.2686721750945881,2.2881153664253455,2.090169187411357
2023-05-27,-8.183490364751234e-05,-8.219950107213976e-05,3.6459742462741223e-07,0.985853541382647,0.000245644798409779,2.2879281187247997,2.0899973765469957
2023-05-28,0.00021726009029082792,0.00020386171188075268,1.3398378410075233e-05,0.9857716170959998,0.009239320591161736,2.2884251941944527,2.090423446990005
2023-05-29,0.0002737748605135555,0.0002736966802625091,7.818025104637009e-08,0.9858270824225358,5.546532653595039e-05,2.289051707482789,2.090995588947789
2023-05-30,0.009520275448979553,0.00933297196573736,0.0001873034832421919,1.0000000000000004,0.2052614708722073,2.3108441102549824,2.110510792159919
2023-05-31,-0.006507700596813483,-0.006528554140517927,2.08535437044441e-05,1.0000000000000002,0.032689998073855815,2.295805828659533,2.096732208189156
2023-06-01,-0.0010617525401555574,-0.0011054135533748702,4.366101321931266e-05,0.9880878018278584,0.056380338662700834,2.29336825098925,2.094414451988426
2023-06-02,0.012298617127686077,0.012058233382058706,0.00024038374562737066,0.9866789722282391,0.27177626770258634,2.3215735090409577,2.1196693902492587
2023-06-03,0.0008046022854609709,0.0008044454598207644,1.5682564020658643e-07,0.9867825736857879,0.00010360145754879924,2.3234414523921973,2.121374548666566
2023-06-04,-8.239315140005403e-05,-8.336375568609688e-05,9.706042860428535e-07,0.9874242535877726,0.0006416799019847465,2.3232500167288412,2.121197702916972
2023-06-05,0.008598022146507098,0.008597263011895822,7.591346112757625e-07,0.9866772944710931,0.0007469591166801927,2.343225371824549,2.1394341974691784
2023-06-06,-0.0033514104456650396,-0.0033612185955699554,9.80814990491568e-06,0.9881797833588216,0.021640814914436732,2.3353722618368686,2.132243091460647
2023-06-07,0.0020975267353246932,0.002090959822010222,6.566913314471331e-06,0.9905281522075176,0.017667855570431816,2.3402707675930072,2.13670152609565
2023-06-08,-0.007681482042372897,-0.007980848618493982,0.00029936657612108467,0.9898995889420596,0.305114827266282,2.3222940197174515,2.1196488346729754
2023-06-09,0.008372471693248023,0.008071286837330301,0.00030118485591772176,0.9902793342018928,0.30563839138326376,2.341737360660935,2.1367571284120337
2023-06-10,-0.00016828577182126066,-0.00016843888033236587,1.531085111051955e-07,0.9901836788095708,9.565539232184346e-05,2.3413432795817934,2.1363972154337816
2023-06-11,-0.0007268300093165671,-0.0007442107706426931,1.7380761326126073e-05,0.9904819796028744,0.010513085988747613,2.3396415210240815,2.134807285615685
2023-06-12,0.0019292480110383527,0.0019282516981877422,9.963128506104201e-07,0.988715533848924,0.0017664457539503901,2.3441552697750603,2.1389237313894767
2023-06-13,0.008182590999532911,0.008181474564832281,1.1164347006301966e-06,0.9895368859630987,0.0015949552814128842,2.3633365335870296,2.156423281493956
2023-06-14,0.002113250904557404,0.0021128468226766306,4.040818807734612e-07,0.99032755333416,0.0008728721194307385,2.368330856654406,2.1609794735726062
2023-06-15,-0.0012763435135349347,-0.0012773320336251326,9.885200901978116e-07,0.9917968702259942,0.0014693168918341322,2.3653080529276105,2.1582191852670056
2023-06-16,0.01583612747983011,0.01583077042026764,5.357059562471117e-06,0.9921723204965981,0.005046081614404222,2.402765372782841,2.1923854577055844
2023-06-17,9.150293748332078e-05,9.071200259841115e-05,7.909348849096371e-07,0.9916839377599528,0.0004883827366451666,2.402985232872534,2.1925843333809203
2023-06-18,0.00012533521358459027,0.00010512941244774016,2.0205801136850117e-05,0.9929374900722989,0.012934215495783403,2.4032864115399364,2.192814838483631
2023-06-19,3.170523147970359e-05,3.1461517059314014e-05,2.4371442038958195e-07,0.9930954935424102,0.00015800347011137375,2.4033626082919266,2.1928838277650797
2023-06-20,-0.011250211821257693,-0.011250340425301871,1.2860404417746908e-07,0.9933744904309417,0.00027899688853131997,2.3763242698653517,2.1682131381895835
2023-06-21,0.0020117607130311467,0.001654886083524015,0.0003568746295071319,1.0000000000000002,0.33636915305041826,2.3811048656728895,2.171801283938087
2023-06-22,0.009456354225900758,0.009346900904460415,0.00010945332144034412,0.9927728076558228,0.10822940789539928,2.403621436731708,2.1921008953232364
2023-06-23,-0.004865325014529032,-0.004888958206259946,2.3633191730914188e-05,0.9934275955846475,0.02262253199830977,2.391927037230119,2.181383805662096
2023-06-24,0.007153539777187318,0.00711983466706859,3.3705110118728965e-05,0.9740981261520557,0.019329469432591943,2.4090377824350746,2.1969148977038313
2023-06-25,-0.003217263754120229,-0.0032576673572236496,4.0403603103420706e-05,0.9762198516563528,0.025333253234402286,2.40128727249534,2.1897580797549834
2023-06-26,-0.0008331291519590348,-0.0009018996475075273,6.877049554849238e-05,0.9873936950920336,0.049890138218916955,2.399286690066396,2.1877831377147254
2023-06-27,-0.0016915752159381509,-0.001707091559090115,1.5516343151964037e-05,0.9774725713845048,0.019152114339655545,2.3952281161655495,2.184048391587213
2023-06-28,0.006044734149056382,0.006033191630034608,1.1542519021774566e-05,0.9949633134402744,0.021858822982833894,2.4097066333541153,2.1972251740629276
2023-06-29,-0.008135977476502933,-0.008147136062445163,1.1158585942229353e-05,0.9946391486513498,0.009590325467062096,2.3901013144601664,2.179324081610007
2023-06-30,0.014845115294803852,0.014843043718748047,2.071576055805384e-06,0.9957642736523119,0.0027047400772769207,2.42558264403959,2.211671884230665
2023-07-01,0.009964205907768595,0.009946415142037666,1.7790765730928295e-05,0.9848214454710281,0.011016160018860188,2.4497516489511106,2.2336700909491958
2023-07-02,0.0012872271835178048,0.0012432324189750662,4.399476454273872e-05,0.9818876835818686,0.017858211802616108,2.452905035866508,2.236447062019559
2023-07-03,0.004210614421290478,0.0041897601070482625,2.085431424221527e-05,0.9819152414093595,0.018808887947563864,2.4632332731845836,2.2458172387015334
2023-07-04,0.00023014430864335317,0.00022454400421257766,5.600304430775503e-06,0.9788531986849144,0.003062042724445428,2.463800172303268,2.246321523497041
2023-07-05,-0.0031288599523786797,-0.0031386344694881987,9.774517109518877e-06,0.9800490081041174,0.010191433252052393,2.4560912866134847,2.2392711413338398
2023-07-06,-0.007416362597437998,-0.007431041634098166,1.4679036660168258e-05,0.9999999999999994,0.03534362338439902,2.4378760230595513,2.2226310242525535
2023-07-07,-0.008352747160653068,-0.008361478583171954,8.731422518886088e-06,0.9993676532732694,0.016383654080910713,2.4175130610299167,2.2040465425449725
2023-07-08,0.0034579122512681704,0.0034487630293437393,9.149221924430955e-06,0.9999999999999998,0.008893787124236333,2.4258726090612526,2.2116477767758544
2023-07-09,0.0017847035756186386,0.0017575114643288664,2.7192111289772133e-05,1.0000000000000004,0.013005389465583772,2.4302020725806397,2.2155347730985957
2023-07-10,-0.0027915006396746806,-0.0027970692466077547,5.568606933074277e-06,0.9927853681771008,0.0073276426698882,2.423418161940492,2.209337768919972
2023-07-11,0.007579573440565767,0.007571378882698611,8.194557867156063e-06,0.9928615441169025,0.019604373389498567,2.441786637876121,2.226065502248321
2023-07-12,0.009979975040232887,0.009974188808911984,5.786231320902248e-06,0.9972165642391855,0.008451612526061431,2.4661556075756987,2.2482686998687513
2023-07-13,0.0017755168396123957,0.0017698844177571477,5.632421855247962e-06,0.9983646338713726,0.0155769351419397,2.470534308386054,2.2522478756075803
2023-07-14,0.02684524096421054,0.026835856877264027,9.384086946513723e-06,0.9998708732003087,0.006796789112781327,2.536856397205027,2.3126888772495073
2023-07-15,-0.004780308736998827,-0.0048520430574040116,7.173432040518458e-05,1.0000000000000002,0.029181737224059548,2.5247294404049563,2.301467611238713
2023-07-16,0.000534363337989794,0.0004254708337539906,0.00010889250423580343,0.9520958049046979,0.05968951621482792,2.526078563256252,2.3024468185821245
2023-07-17,-0.004574757383602205,-0.00457893316915049,4.175785548284843e-06,0.9476574395751354,0.004438365329562426,2.514522366697436,2.291904068474314
2023-07-18,0.00030577876481990455,0.0002880908207843854,1.7687944035519128e-05,0.998125301563672,0.05062222871806963,2.5152912542408368,2.2925643449985595
2023-07-19,0.005126061114135299,0.005111948441504193,1.4112672631105489e-05,0.9719905087318951,0.026134792831776926,2.528184790929925,2.304283815729023
2023-07-20,4.094818092462001e-05,-0.00012617695948139517,0.00016712514040601517,0.9034422755864424,0.12019765312914922,2.528288315498155,2.303993068203372
2023-07-21,0.00509819049263504,0.005058578509985918,3.961198264912205e-05,0.9355153526793151,0.05525397725856898,2.541178010950868,2.315647998025342
2023-07-22,-0.00012294192066382792,-0.0001423122824930759,1.937036182924798e-05,0.9293467845156147,0.006168568163700188,2.540865593645453,2.3153184528732926
2023-07-23,-0.0005541013154747908,-0.0005856933672528206,3.159205177802979e-05,0.9365347048092868,0.01127782733936297,2.539457696677569,2.3139623862123666
2023-07-24,0.0025007098213431847,0.0022517924915522987,0.0002489173297908862,1.0,0.8032440394921906,2.5458081434805364,2.3191729493393742
2023-07-25,-0.001475672314946241,-0.00183888942515203,0.0003632171102057888,0.9999999999999998,0.8720398569081421,2.5420513648840375,2.3149082467277355
2023-07-26,0.00019715082994556583,-0.0002605536835841401,0.000457704513529706,0.10355589687297362,0.8964441031270259,2.542552532420389,2.3143050888568912
2023-07-27,0.001215389589027171,0.0012149384776388049,4.5111138836620625e-07,0.10444972477461202,0.0009527813804823403,2.5456427242978474,2.3171168271583387
2023-07-28,-0.00037500930027851336,-0.00037724719529589625,2.237895017382862e-06,0.10952123022965267,0.0050715054550407295,2.544688084601049,2.3162427013341205
2023-07-29,0.00016706169254440486,0.00016678377108518498,2.779214592198664e-07,0.1096033270073575,8.209677770482787e-05,2.54511320449946,2.316629013026598
2023-07-30,0.000197492304883477,0.00019602518517822603,1.467119705250964e-06,0.10960070631469328,0.0007651341838737721,2.5456158447724064,2.3170831306578656
2023-07-31,0.0003298671707657691,0.0003278320787954578,2.035091970311272e-06,0.11477133372478028,0.005187720752253226,2.5464555598689778,2.317842744837331
2023-08-01,0.00011495283285911547,0.00011413192561087792,8.209072482375479e-07,0.1128711006325036,0.0019505821775082117,2.546748282149334,2.3181072846930624
2023-08-02,-0.0018701931986097953,-0.0021037289529744125,0.00023353575436461715,0.9998825793503678,0.9488947370965013,2.5419853708334874,2.3132306152821527
2023-08-03,-0.0015710305122526944,-0.00183059794152239,0.00025956742926969546,0.1457219336503754,0.9817455701143729,2.537991834254208,2.3089960200795505
2023-08-04,0.0006871301619325598,0.0006203804308170037,6.674973111555602e-05,0.2610982670529861,0.13549515497935002,2.539735764994263,2.310428476025242
2023-08-05,0.0001117092866516085,0.00010892373220724465,2.7855544443638426e-06,0.25960813204747135,0.001490135005514653,2.540019477064854,2.310680136517848
2023-08-06,0.00023405670116088907,0.00022822326768233008,5.833433478559005e-06,0.26226055034662776,0.0029753516542923696,2.54061398564454,2.3112074874891726
2023-08-07,0.0009228763681382017,0.0006996321191149702,0.00022324424902323142,1.0,0.9535624203168412,2.542958658252453,2.3128244824813593
2023-08-08,0.0005346175028214245,0.0002791344516354163,0.00025548305118600816,0.3402623399117738,1.032122333077538,2.544318168460106,2.313470071475006
2023-08-09,0.001260162255736264,0.001208381892176004,5.178036356026e-05,0.4666818448307218,0.12641950491894782,2.5475244221825832,2.3162656268174677
2023-08-10,0.00022179406026017276,0.00017099016131723348,5.0803898942939274e-05,0.5134741154755701,0.046836338259877694,2.5480894479677914,2.3166616854506508
2023-08-11,-0.003306538783502376,-0.003306689586393899,1.5080289152275523e-07,0.5131367274594423,0.0003604642024332687,2.5396640913842528,2.3090012043801735
2023-08-12,9.582290375430696e-05,4.3229808978467794e-05,5.259309477583917e-05,0.4723766012179593,0.04076012624148309,2.5399074493720493,2.3091010220611703
2023-08-13,0.00011886063307876,0.00011385435599381805,5.006277084941949e-06,0.4723868369822973,0.0035783045898773315,2.5402093443794436,2.3093639232709617
2023-08-14,0.005313656537430099,0.005042657439885872,0.00027099909754422667,0.9997731300571605,1.0584104542915094,2.5537071443686465,2.3210092544400482
2023-08-15,-0.0027902757931780515,-0.0027919967271721286,1.7209339940771473e-06,0.999573215632325,0.005877899279085029,2.546581597140849,2.3145290041979156
2023-08-16,-0.001351861159781197,-0.0014670954150366327,0.00011523425525543586,0.9999999999999999,0.3934723617666607,2.543138972389461,2.3111333693078877
2023-08-17,-0.0012852518738366364,-0.0013191608249069288,3.3908951070292394e-05,0.9996437252586919,0.11929807435881487,2.53987039825977,2.3080846127059615
2023-08-18,-0.005082688473545522,-0.005086897551727413,4.20907818189081e-06,0.9994424207107099,0.013764003566458417,2.5269610282622357,2.296343622740408
2023-08-19,1.0365324030054548e-05,1.0294788598262565e-05,7.05354317919812e-08,0.9993962243744487,4.849130264110001e-05,2.5269872210321047,2.296367263112553
2023-08-20,4.3830906695679324e-05,3.7803353371706026e-05,6.027553323973295e-06,0.999773770742971,0.004079698052890955,2.527097981173211,2.2964540734956715
2023-08-21,0.003245220752187956,0.0032449319509679606,2.888012199953181e-07,0.9994521128001325,0.00032165794283863593,2.5352989719845267,2.3039059106926882
2023-08-22,0.0024110215387797914,0.0024064555715249763,4.5659672548149575e-06,0.9982882581391752,0.015959479691600848,2.5414116324132277,2.309450157907744
2023-08-23,-0.0002781105459305451,-0.0002874356481535272,9.325102222982127e-06,0.9989575338428938,0.029440737387132793,2.540704839036703,2.308786339604728
2023-08-24,0.0038562166177079026,0.0038534245362607947,2.792081447107852e-06,0.9993403837190284,0.009717321497541082,2.5505023472576873,2.3176830735347442
2023-08-25,-0.0032274281337690484,-0.003231211615868458,3.783482099409845e-06,0.9992958426061567,0.012681895610468528,2.5422707842269037,2.310194149065637
2023-08-26,-1.0613618295983472e-05,-1.067601456510517e-05,6.239626912169821e-08,0.9993381906506066,4.234804444998611e-05,2.5422438015351947,2.3101694853992534
2023-08-27,-8.76727712558882e-06,-2.0143275857251762e-05,1.1375998731662942e-05,0.9996935796860934,0.008551473821118013,2.542221512979266,2.310122951018032
2023-08-28,0.004051976030920716,0.0040492656338645796,2.7103970561367592e-06,0.9999999999999999,0.008396543050961769,2.552522533615149,2.3194772524935914
2023-08-29,0.0024203699924566645,0.0024199665458974296,4.034465592346514e-07,0.9997594202778282,0.0014571534740325533,2.558700582560581,2.325090309848596
2023-08-30,-0.00032686395890564916,-0.00032899466920569806,2.130710300048892e-06,0.9999999999999997,0.006698176410917693,2.557864235558511,2.324325367531234
2023-08-31,0.002567356752954957,0.00248301361614538,8.434313680957691e-05,1.0,0.09604463952712686,2.564431185576814,2.330096699067166
2023-09-01,0.00040463661919465767,0.0002645962598898139,0.00014004035930484377,0.999947555515248,0.25779221610533576,2.565468848341903,2.3307132339389205
2023-09-02,-0.00013297814012459987,-0.00013346740145851627,4.892613339164082e-07,1.0,0.0005369107742892155,2.565127697065903,2.330402159700042
2023-09-03,8.60679180004048e-05,7.060958811750709e-05,1.5458329882897718e-05,0.9999999999999999,0.010751390144176119,2.565348472266195,2.330566708436687
2023-09-04,1.743807995605482e-05,1.742734296573967e-05,1.0736990315147438e-08,0.9999999999999998,1.2704685677833731e-05,2.5653932070179692,2.3306073240220195
2023-09-05,0.0015982871947138948,0.001591672880393729,6.614314320165902e-06,0.9999999999999996,0.021247564930406776,2.5694934421301525,2.3343168884945125
2023-09-06,-0.004348714243960324,-0.00434968661522094,9.723712606165035e-07,1.0000000000000002,0.0027477828842452463,2.5583194493985983,2.3241633415689438
2023-09-07,-0.003016256819412036,-0.0030455732163435804,2.931639693154432e-05,1.0,0.09825578964396674,2.5506029009131153,2.3170849319454536
2023-09-08,0.0020870081623799107,0.002083455492735101,3.5526696448098214e-06,0.9992039255608375,0.010899384912187792,2.5559260299863107,2.321912475274049
2023-09-09,-6.919353653000231e-05,-6.974933042676916e-05,5.55793896766844e-07,0.9996333486895814,0.00042942312874392325,2.555749176425187,2.321750523433589
2023-09-10,-3.179754774007554e-08,-1.602610341457048e-05,1.5994305866830405e-05,0.9998347049322288,0.012487302518664077,2.555749095158631,2.321713314819598
2023-09-11,0.002016077415098982,0.0020146266107667634,1.450804332218693e-06,0.9989967699140262,0.004062663548682876,2.56090168318804,2.326390700246205
2023-09-12,-0.002543098361431817,-0.002543797102055516,6.987406236989443e-07,0.9988125089111158,0.001150521818419058,2.554389058313736,2.32047283432467
2023-09-13,0.0007541573270357623,0.0007404590624006362,1.369826463512609e-05,0.9993937914434994,0.03818046210998749,2.5563154695381636,2.3221910494639
2023-09-14,0.006220481432668233,0.006213757627304596,6.723805363636856e-06,0.9989062249818144,0.0084535153296894,2.5722169824524683,2.3366205818095653
2023-09-15,0.0013460764769005103,0.0013440758874667426,2.0005894337677397e-06,0.9990517991039509,0.00249502544722139,2.5756793832260314,2.339761177191734
2023-09-16,0.00016900438488215249,0.00016847855059292876,5.258342892237197e-07,0.9994470192379866,0.00039522013403567747,2.576114684335847,2.3401553767636005
2023-09-17,-0.00012308427481500292,-0.00014554929309590765,2.246501828090472e-05,0.9995512069185617,0.0136075900489011,2.5757976051280855,2.339814768802778
2023-09-18,-0.005693423280887917,-0.0056940947236127915,6.71442724874859e-07,1.0000000000000002,0.0016447296439857661,2.561132499076194,2.3264916418735067
2023-09-19,-0.0011984711552315678,-0.0011998804101144088,1.4092548828408829e-06,0.9999999999999997,0.002911195626601922,2.558063055651325,2.3237001301281275
2023-09-20,0.0009425553265541064,0.0009413944319508386,1.1608946032678354e-06,0.9989946026723805,0.00204334779826886,2.5604741716100903,2.325887648492153
2023-09-21,-0.007404138386517613,-0.007765509890616592,0.0003613715040989791,0.998789522214871,0.45300172206985345,2.541516066508385,2.3078259449533243
2023-09-22,-0.010759447788124031,-0.01075954002059578,9.223247174902923e-08,0.9989483899827896,0.000217037330240633,2.51417075708811,2.28299479933803
2023-09-23,4.71185826625678e-05,-0.00025908223123318364,0.0003062008138957515,0.7702525533533685,0.23657503456915877,2.5142892212507553,2.2824033159515236
2023-09-24,0.0002801617446061082,0.000249471709528469,3.069003507763919e-05,0.7632833708418952,0.020993501054298848,2.5149936289054255,2.2829727110085876
2023-09-25,-0.004101817381875771,-0.0041724484796100345,7.063109773426322e-05,0.9914782457364846,0.2281948748945898,2.5046775843230744,2.2734471249915487
2023-09-26,-0.0010442307857950277,-0.0013716858385883408,0.00032745505279331306,0.6334878758580719,0.6306580762005258,2.5020621228810334,2.2703286697654184
2023-09-27,-0.0005590800534896257,-0.0005751189343934035,1.6038880903777797e-05,0.646323010815283,0.01716396749130599,2.5006632698555387,2.26902296076014
2023-09-28,0.00042557366410942923,0.0001288315074605104,0.00029674215664891884,0.6957681882515347,0.5625384148088568,2.501727486285995,2.2693152824086376
2023-09-29,-0.004876816063549476,-0.004913511768027022,3.66957044775458e-05,0.745310560594447,0.049542372342912464,2.489527021494252,2.2581649750631594
2023-09-30,0.0003023660200853044,-7.696602087112963e-05,0.000379332040956434,0.4539723375495935,0.2913382230448537,2.4902797698716364,2.257991173090558
2023-10-01,0.0001919062562824318,0.00016911782319511593,2.2788433087315867e-05,0.454645944203924,0.014720506127357577,2.4907576701393683,2.2583730396425445
2023-10-02,-0.005303603581975699,-0.005464439267014456,0.0001608356850387575,0.7962606492253311,0.47736655456867794,2.477547678838184,2.246032297325155
2023-10-03,-0.002341275853993292,-0.0023578277225407185,1.6551868547426273e-05,0.8452036809615514,0.04894303173622031,2.471747056280603,2.2407365401088004
2023-10-04,-0.00493605708411264,-0.0052492837809370516,0.0003132266968244114,0.991990935718339,0.96455646177788,2.459546371713315,2.2289742781314543
2023-10-05,0.0019250747816885216,0.001207750351369636,0.0007173244303188856,0.9915480055754933,0.8799891498504137,2.464281182407894,2.2316663225990614
2023-10-06,-0.00451447811682385,-0.004519104444713242,4.62632788939267e-06,0.9911847814427437,0.007470343484666788,2.4531562389362125,2.221581189401487
2023-10-07,0.007127639617256462,0.007126419697617038,1.2199196394235882e-06,0.9906206015251448,0.0008917560034109023,2.470641452532174,2.237413109349493
2023-10-08,-0.001990229005217117,-0.0022385620250824742,0.000248333019865357,0.8098382436706263,0.1860816071354444,2.4657243102518525,2.2324045213284816
2023-10-09,-0.00036981488933314396,-0.00039246109528569544,2.264620595255148e-05,0.7940169282509323,0.017766707718139346,2.4648124486889307,2.2315283894049203
2023-10-10,-0.002510010628850872,-0.002705683171103881,0.00019567254225300924,0.9724384596422584,0.5676528694888501,2.4586257432445975,2.2254905805958667
2023-10-11,0.0018978714415191472,0.0018901876389631853,7.683802555961874e-06,0.9911408656667428,0.0188297633226221,2.463291898828085,2.229697175381938
2023-10-12,-0.0025370435509668096,-0.0025736169226233873,3.6573371656577764e-05,0.9905996869045015,0.04417270352892246,2.4570424200020144,2.2239587889990498
2023-10-13,-0.002024589849523852,-0.0024038056669065454,0.0003792158173826934,0.9910075024180267,0.4513560184831815,2.452067916858629,2.218612824259087
2023-10-14,0.00019594063557703542,0.00019587856268907003,6.207288796538742e-08,0.9910447076161055,3.720519807884695e-05,2.452548376604736,2.2190474029502663
2023-10-15,2.1840420675959434e-05,1.00234012991279e-05,1.1817019376831534e-05,0.9909465567479051,0.007110883866799786,2.4526019412930093,2.2190696453528878
2023-10-16,0.0006438158179923386,0.0006426700873316464,1.1457306606922922e-06,0.9902582302427327,0.0035006168832410174,2.4541809652180526,2.2204957750356615
2023-10-17,0.003748037947351591,0.003452689565477083,0.00029534838187450805,0.9999999999999997,0.34095490014853025,2.463379328605358,2.228162457628313
2023-10-18,-0.0020857191513557506,-0.0021734352085478127,8.771605719206208e-05,0.9902727074588922,0.10592148799694041,2.4582414111626316,2.2233196908925392
2023-10-19,-0.003859262024055044,-0.0038981821784313327,3.892015437628857e-05,0.991256522544732,0.04753102944101306,2.448754413438572,2.2146527856965466
2023-10-20,0.003605007364491776,0.003278855236403112,0.000326152128088664,0.9908110968741013,0.8422975590332192,2.4575821911328495,2.2219143115797424
2023-10-21,0.005139513089321724,0.005138651412104067,8.616772176565071e-07,0.990182788745975,0.0006283081281264896,2.4702129669722606,2.233331954694516
2023-10-22,0.007968137750978764,0.00793322409851039,3.4913652468373285e-05,0.9866396555037137,0.021899444762899067,2.4898959641673497,2.251049477577472
2023-10-23,0.002719165676623705,0.0027061534590148806,1.301221760882446e-05,0.9778406987180148,0.012651150812405688,2.4966664038114774,2.2571411629076317
2023-10-24,0.016454941182160936,0.016424641633278753,3.0299548882182692e-05,0.9639279643523936,0.025695185541676085,2.5377489026376723,2.2942138976241115
2023-10-25,0.0034108646303228464,0.0030288042685876248,0.0003820603617352217,0.9933204588295301,0.4470806380127819,2.5464048206103196,2.3011626224702884
2023-10-26,-0.0022311361630010366,-0.0022415516730054817,1.0415510004445054e-05,0.9961044446291033,0.02305565760289914,2.540723444729416,2.2960044475440324
2023-10-27,-0.0004990974946769204,-0.0005094393559862038,1.0341861309283411e-05,0.9965631063932989,0.025511625883339467,2.5394553760234846,2.2948347725169342
2023-10-28,-0.002682957020815494,-0.0029401252153472826,0.00025716819453178836,1.0,0.2855326211277848,2.532642126393335,2.2880876709372013
2023-10-29,0.0011982902214519539,0.00117616029244537,2.2129929006583685e-05,0.9999999999999997,0.012669264188503752,2.5356769666878294,2.2907788288013915
2023-10-30,0.003673547140402232,0.003629976172395904,4.357096800632783e-05,0.993181855607661,0.053980638828411365,2.544991895557789,2.2990943013661695
2023-10-31,0.0034236185796657766,0.003396359550049271,2.7259029616505477e-05,0.9776274266258511,0.024789677334209136,2.553704977096519,2.3069028522530783
2023-11-01,0.0035815964063090357,0.00357269967250224,8.896733806795654e-06,0.9964985433785932,0.02583318665089797,2.5628513176652614,2.3151447233178173
2023-11-02,0.00599070643750323,0.005987533953496605,3.1724840066248718e-06,0.9970458618900917,0.0048908000042520985,2.5782046075523626,2.3290067309559417
2023-11-03,-0.0002914692625774962,-0.00029423880972243195,2.7695471449357773e-06,0.9976201979048149,0.0032875618701555527,2.577453140156625,2.3283214467875895
2023-11-04,0.0010984632776803469,0.0010821647215009799,1.6298556179366968e-05,1.0000000000000002,0.016309684182341258,2.580284377781029,2.330841074117617
2023-11-05,0.001499041258377412,0.0013897009852550095,0.00010934027312240236,0.9362380196544665,0.07769186243268994,2.5841523305216696,2.334080246254791
2023-11-06,0.0033597062110898353,0.0033419383185673175,1.776789252251765e-05,0.9230565211568339,0.041078336577030895,2.592834323156926,2.341880598468361
2023-11-07,0.003656745036052715,0.0033950028051727733,0.00026174223087994177,0.9935229323533439,0.741564224419889,2.6023156571974373,2.349831289669541
2023-11-08,-0.0003453607194872017,-0.0003517423219876233,6.381602500421602e-06,0.9999470620107429,0.013172843553992902,2.601416919589735,2.349004754555433
2023-11-09,0.00027401403664930707,0.0002633534000581699,1.0660636591137182e-05,0.9999999999999998,0.01128863224844166,2.6021297443408793,2.3496233729442983
2023-11-10,-9.251652481442233e-05,-9.569508989840867e-05,3.178565083986349e-06,0.9999066583863634,0.005211547127627447,2.6018890043398164,2.349398525524397
2023-11-11,0.0027202072970692335,0.0027185959112076383,1.6113858615952558e-06,1.0,0.0012218602740649174,2.608966681795586,2.355785590749685
2023-11-12,0.0022065021559014553,0.0021953335102945014,1.116864560695414e-05,0.9990646196234874,0.006022194879405647,2.6147233724036427,2.360957325800127
2023-11-13,0.0031235068121864343,0.003105521073985007,1.7985738201427278e-05,1.0000000000000002,0.01816922416424276,2.6228904786693286,2.3682893285301785
2023-11-14,0.0014791188275308014,0.001461974444414318,1.7144383116483383e-05,0.9999999999999994,0.018788303551400622,2.6267700453588794,2.371751707005469
2023-11-15,0.002500845517703516,0.002495776168645741,5.0693490577753785e-06,0.9999999999999999,0.01500859315619096,2.633339191452853,2.377671068393758
2023-11-16,0.006147567264325709,0.006136785599858177,1.0781664467532795e-05,0.9999999999999999,0.03384096247170516,2.6495278212620943,2.3922623259674762
2023-11-17,-0.001136339820416131,-0.0012561440596658125,0.00011980423924968147,0.9999999999999997,0.27649189106270766,2.6465170572934937,2.38925729985755
2023-11-18,0.0006344919580953796,0.000580490023783941,5.4001934311438614e-05,0.9688399347798567,0.031160065220142964,2.648196251083309,2.3906442398843706
2023-11-19,-0.0003195447896014617,-0.0003510149624153611,3.147017281389941e-05,0.9854224323813948,0.018156178129494313,2.647350033769433,2.389805087986359
2023-11-20,-0.0011198753232274658,-0.001209503327454784,8.962800422731812e-05,1.0000000000000002,0.27547922737492736,2.6443853317946693,2.3869146107804715
2023-11-21,0.006187561290075012,0.006048433415151451,0.00013912787492356048,0.9995206436754669,0.483801788948588,2.660747628109724,2.4013517048714292
2023-11-22,-0.004814461702349598,-0.004840533633107481,2.6071930757883426e-05,0.999407495900191,0.056385853865306354,2.6479375605545723,2.389727881179079
2023-11-23,0.006087854941273,0.006086061300723547,1.7936405494527034e-06,0.9999999999999999,0.0011416696094222474,2.664057820316777,2.4042719115559836
2023-11-24,0.001554721654282466,0.0015218282683180828,3.289338596438331e-05,0.9909890334023126,0.061590422908532505,2.6681996886982837,2.4079308005157127
2023-11-25,0.0007832196836767841,0.0007753427127279694,7.876970948814671e-06,0.9866716509772594,0.004317382425052959,2.6702894752144526,2.4097977721146457
2023-11-26,0.0009621337327841301,0.0009517545722537445,1.0379160530385688e-05,0.9846853313757007,0.0053461542992765945,2.6728586507948546,2.412091308162463
2023-11-27,0.0002906027788559402,0.0002879144539956312,2.6883248603089935e-06,0.9926354881410867,0.007972197136594333,2.6736353909462647,2.41278578411444
2023-11-28,-0.0022409875723040486,-0.0022463427695926692,5.355197288620567e-06,0.9992543419400909,0.013023995313895632,2.667643807262282,2.4073658402137186
2023-11-29,0.006998452745862181,0.006996567899483634,1.8848463785464619e-06,0.9999999999999999,0.005444492093743176,2.686313186390199,2.4242091387736715
2023-11-30,-0.00025667864357913853,-0.0002580827505253024,1.4041069461638592e-06,0.9994638230096214,0.00387368506411473,2.6856236671652876,2.4235834922112884
2023-12-01,0.0028652394818612006,0.002855233013240072,1.000646862112864e-05,1.0,0.009249485221717627,2.6933186221298704,2.430503387808594
2023-12-02,0.001444643888781565,0.0014445482188744974,9.566990706760272e-08,0.9999450208595564,5.574895250342433e-05,2.697209508417872,2.4340143671484213
2023-12-03,0.0017080397179867592,0.0016870253321007043,2.101438588605483e-05,0.9930932893351989,0.011196267975033227,2.7018164493859813,2.4381206110444977
2023-12-04,0.0015307568493589648,0.0015262852993303865,4.471550028578365e-06,0.9904959709136432,0.0029010453930765874,2.7059522734215897,2.4418418786911293
2023-12-05,0.0010623182680664553,0.0010521604405867029,1.0157827479752548e-05,0.996844608073531,0.031012760816769496,2.7088268559541615,2.444411088118056
2023-12-06,0.005749619948742121,0.005740948294257887,8.671654484234314e-06,1.0,0.02507698730326737,2.724401580882844,2.4584443257848525
2023-12-07,-0.0008341285265361563,-0.0008378200590637341,3.6915325275778527e-06,0.9999999999999998,0.01207114541174258,2.722129079806489,2.4563845918146185
2023-12-08,-0.0011299012529839446,-0.0011300975502164469,1.962972325022325e-07,0.9999999999999996,0.00038548427543382485,2.719053342748432,2.4536086376050195
2023-12-09,0.005248995358610447,0.005248149028977565,8.463296328822611e-07,1.0000000000000007,0.0008476226312292754,2.7333256411243325,2.4664855413939573
2023-12-10,0.0002902318927144613,0.0002806993898155475,9.53250289891378e-06,0.9999999999999998,0.00534447426071344,2.734118939398561,2.4671778823804154
2023-12-11,0.005734472095904063,0.005720533711656489,1.3938384247574439e-05,0.9915709328686815,0.009579531219451393,2.749797668163425,2.481291456629226
2023-12-12,0.00033723802813374404,0.0003297917777817671,7.446250351976921e-06,0.9905197716736862,0.02213413752581593,2.750725004506803,2.4821097661499025
2023-12-13,0.0026577941676410198,0.002556983800861931,0.00010081036677908882,1.0,0.2953765263578449,2.758035865380566,2.488456480613909
2023-12-14,0.0199345197639366,0.019916480445417977,1.8039318518623818e-05,1.0,0.015736281725179546,2.813015985848641,2.538017775449329
2023-12-15,-0.0034724975282927517,-0.0034795266550460943,7.029126753342759e-06,1.0,0.019308530098826597,2.8032477947907335,2.529186674948672
2023-12-16,-0.002501886257038979,-0.002505212310829446,3.326053790466785e-06,0.9999999999999998,0.003269247735907522,2.7962343876578717,2.522850525354205
2023-12-17,0.0011847207957601936,0.0011831165688566893,1.6042269035044226e-06,0.9999999999999999,0.0015773368070958638,2.79954714468675,2.5258353516115006
2023-12-18,0.0029603083307432713,0.0028417240525667404,0.00011858427817653113,1.0000000000000002,0.3152629784198985,2.8078346674214747,2.5330130786829983
2023-12-19,0.0036356307254707993,0.003633325845922631,2.3048795481680866e-06,1.0,0.0049635773538548285,2.8180429174103945,2.5422163405698375
2023-12-20,0.0017946156176436886,0.001792982287885145,1.633329758543565e-06,0.9996250437680069,0.003069693903365826,2.823100221241169,2.546774489440451
2023-12-21,-0.002009524297137428,-0.002010835306787957,1.31100965052906e-06,0.9999999999999998,0.0015940985490020781,2.817427132753331,2.5416533453786574
2023-12-22,0.008790457317840462,0.008789776372294273,6.809455461885444e-07,1.0,0.001022786368803874,2.842193605709925,2.563993909900429
2023-12-23,0.0003140158387324758,0.0002846935112216525,2.93223275108233e-05,0.9999999999999998,0.027410084907712014,2.843086099518862,2.56472386232939
2023-12-24,0.0008108911381735297,0.0007779196798083497,3.297145836518005e-05,1.0000000000000002,0.028862020341829067,2.845391532842026,2.56671901149517
2023-12-25,-0.0007626568701598522,-0.000767465401851021,4.8085316911688455e-06,0.9999999999999998,0.004572407908908187,2.8432214754412093,2.564749143457574
2023-12-26,0.0027215484654989712,0.0026211049482351635,0.00010044351726380766,0.9867867926191317,0.29464561493099123,2.85095944048477,2.571471620128473
2023-12-27,0.002029384145634496,0.0019296444602452533,9.973968538924281e-05,1.0,0.2877589247389001,2.8567451323731365,2.5764336460949315
2023-12-28,0.004816870981412274,0.004807320170640816,9.55081077145867e-06,0.9999999999999997,0.0235479486739716,2.8705057051025555,2.5888193875301218
2023-12-29,-0.0027566866896405434,-0.002757530485809716,8.437961691726316e-07,0.9999999999999996,0.0016909218045374824,2.862592620232762,2.581680639146752
2023-12-30,-0.0009160621165500036,-0.0009169287376196064,8.666210696027679e-07,0.9995079498504039,0.0004920501495956006,2.859970307578251,2.579313421977362
2023-12-31,-0.00043496872650607176,-0.0004427835142475877,7.81478774151593e-06,0.9982541995203932,0.004125712711304849,2.8587263099357187,2.578171344516033
2024-01-01,-0.0006025942934372679,-0.0006030927518649618,4.98458427693961e-07,0.9979556263666614,0.00029857315373146105,2.8570036577748525,2.5766164680650894
2024-01-02,-0.0017449764197737965,-0.001753193244373409,8.216824599612446e-06,0.9944304232611697,0.005651318955251463,2.852018253760828,2.5720991614799362
2024-01-03,-0.00121732493828945,-0.0012241453999677567,6.8204616783067185e-06,0.9941248027644702,0.016505117583709008,2.8485464208160685,2.5689505381231497
2024-01-04,-0.006682288104392633,-0.006690036107571617,7.74800317898374e-06,0.9983683617068471,0.02386567243027933,2.8295116129534392,2.5517641662645403
2024-01-05,0.0014273090007240062,0.0014221412967863137,5.1677039376924984e-06,0.9980608500137579,0.01622973229572158,2.8335502003462607,2.5553931354650445
2024-01-06,-0.0014737407188294012,-0.0014789987975650865,5.258078735685338e-06,0.9950551128049616,0.0030057372087959303,2.829374282037163,2.551613712090386
2024-01-07,-0.0016624938306943175,-0.0016694142439675171,6.920413273199721e-06,0.9951873614590946,0.0033602017973188565,2.824670464748551,2.5473540118143196
2024-01-08,-0.0036540571720810027,-0.003654758785315674,7.016132346715359e-07,0.9965827744775358,0.0017706043811193863,2.8143489573780713,2.5380440473603323
2024-01-09,0.00856919476899695,0.00856851807166985,6.766973271011062e-07,0.9966008220503406,0.0012012754677572378,2.8384656617417674,2.5597913236468335
2024-01-10,0.0004358941163381834,0.00042986100575341426,6.033110584769133e-06,0.9950576684892508,0.01782722029327266,2.839702932223149,2.5608916781197353
2024-01-11,0.006501718887356866,0.006495723415185491,5.99547217137464e-06,0.9971927247069242,0.011365788509438719,2.8581658824120666,2.577526522157051
2024-01-12,8.313811396942253e-06,-9.540325056912711e-05,0.00010371706196606937,0.9973037137661361,0.29437071924472735,2.858189644664154,2.5772806177484093
2024-01-13,-0.003555008040020804,-0.0035577559338601586,2.747893839354308e-06,0.9957944975252647,0.0015092162408715131,2.8480287574974685,2.568111282337392
2024-01-14,6.70880130444001e-05,-5.0165265819225265e-05,0.00011725327886362537,0.9358769596895206,0.06347226875251173,2.8482198260879024,2.5679824523522603
2024-01-15,-0.00031773295427742486,-0.00031852119809945453,7.88243822029692e-07,0.935482703364654,0.00039425632486643947,2.847314852788128,2.5671644955048385
2024-01-16,-0.004153451750306868,-0.004154787404016944,1.3356537100763835e-06,0.9385112564813259,0.0033190815278095675,2.8354886679291402,2.556498472794875
2024-01-17,-0.0078039163584409195,-0.007883491938636206,7.957558019528817e-05,0.9987569328656644,0.26056070992158376,2.813360751529314,2.536344337693461
2024-01-18,0.002165652205273281,0.0020903264596314444,7.532574564183655e-05,0.9972174644072099,0.3069352983313831,2.8194535124450932,2.541646125373278
2024-01-19,0.007028618944395655,0.007025722415254894,2.8965291407615664e-06,0.995306953290974,0.007623327170682882,2.839270376815507,2.5595030255279587
2024-01-20,9.197310482349832e-05,8.985932275358007e-05,2.11378206991825e-06,0.9942039431675386,0.0011030101234352626,2.839531513327496,2.5597330207364184
2024-01-21,-2.8021755834047953e-05,-3.3916627559553855e-05,5.894871725505905e-06,0.9943008009538966,0.003405689842977026,2.8394519446687467,2.559646203224902
2024-01-22,0.005810014916363459,0.005741858375407528,6.815654095593044e-05,0.9957957084575857,0.21577366270554094,2.855949202821569,2.5743433292149693
2024-01-23,0.0012516224164075649,0.0012433688917382762,8.25352466928865e-06,0.9977936657671221,0.027386275152789616,2.859523772863942,2.5775441876271694
2024-01-24,0.0027797653682584654,0.0027649329902023714,1.4832378056094113e-05,0.9992911127252054,0.04819116540859803,2.867472578017461,2.5846709245852444
2024-01-25,-0.000646591520564616,-0.0006476333036656749,1.0417831010588744e-06,0.9996504724712667,0.002687838517165313,2.8656184945630634,2.5829970056154665
2024-01-26,0.001274146132436229,0.0012737344687925574,4.1166364367146303e-07,0.9999999999999999,0.001080552215446193,2.8692697112849483,2.5862870579343067
2024-01-27,0.0002612700586418249,0.0002611692663346476,1.0079230717727706e-07,1.0000000000000002,8.656437597247193e-05,2.8700193655506747,2.586962516627758
2024-01-28,6.263498833395985e-05,4.947977263096426e-05,1.3155215702995586e-05,0.9999999999999999,0.0073115109131858804,2.870199129180154,2.5870905189448856
2024-01-29,0.0022740535284923105,0.002179633403192389,9.442012529992138e-05,1.0000000000000002,0.09468680874789864,2.876726115637342,2.5927294278570603
2024-01-30,0.003349491099131637,0.0032500409313698047,9.945016776183234e-05,0.9998886037629748,0.09777372906931527,2.886361684156309,2.601155904621563
2024-01-31,0.0012886758386804185,0.0011081703311686996,0.00018050550751171895,0.9999999999999994,0.39266739074909296,2.890081268720374,2.6040384284218083
2024-02-01,-0.008988621155651716,-0.00910574418647197,0.00011712303082025536,1.0,0.32158223457046686,2.864103423086801,2.580326720640857
2024-02-02,0.007572882450819666,0.007572833624767133,4.882605253238167e-08,0.9999999999999996,3.682334258621662e-05,2.885792941636828,2.599867105593811
2024-02-03,0.0009302779462440357,0.0008980260712802601,3.2251874963775566e-05,0.9792406132007817,0.02075938679921901,2.88847753116786,2.6022018540364984
2024-02-04,-0.00040032024283653323,-0.0004502741416029932,4.995389876645997e-05,0.9999999999999999,0.03400013817507382,2.8873212151411547,2.6010301498303945
2024-02-05,-0.0034381233652687904,-0.003628914589648092,0.00019079122437930168,1.0,0.5576200589169096,2.8773942486083417,2.5915912335715605
2024-02-06,9.28381768462223e-05,-9.699853662498617e-05,0.00018983671347120847,0.9999999999999994,0.5576200589169097,2.87766138064445,2.591339853014374
2024-02-07,0.00595915117073451,0.00595814299430204,1.0081764324706022e-06,0.9989163998509716,0.0010935306092226594,2.8948097998298947,2.6067794264054673
2024-02-08,0.0032813176989191077,0.003163897474470412,0.00011742022444869557,0.9989334844692073,0.3225026194418725,2.904308590461081,2.615027009249173
2024-02-09,0.0006580813271820697,0.0006477452420644642,1.0336085117605446e-05,1.0,0.01130219552051205,2.906219861712838,2.6167208805522844
2024-02-10,0.0019029838963175985,0.0019017086923420587,1.2752039755398643e-06,0.9991749429076094,0.0008526395939220566,2.911750351308836,2.6216971213962634
2024-02-11,0.0007619617555150352,0.0007418556398728738,2.0106115642161422e-05,0.9886883149295834,0.013333654970659295,2.9139689937181408,2.6236420421918094
2024-02-12,-0.00018853951946294303,-0.0001951278686520807,6.588349189137661e-06,0.9909396331858893,0.015433960126664334,2.9134195954043354,2.6231300965120106
2024-02-13,-0.0018285932252275826,-0.0019195914417510797,9.099821652349717e-05,1.0,0.3360782065653489,2.908092136069934,2.618094758428146
2024-02-14,-0.0006833587405798102,-0.0007155996315056999,3.224089092588968e-05,0.9999597488616982,0.08111586721505921,2.906104865890339,2.616221250783768
2024-02-15,0.0052592520499787744,0.005257274993265869,1.977056712905544e-06,0.9994136875661042,0.006224028711445684,2.921388803863726,2.629975445342364
2024-02-16,0.006998245046258735,0.006921439907695301,7.680513856343442e-05,0.9992066968380228,0.2119309666092185,2.941833398588561,2.648178662346015
2024-02-17,-0.0003406894614682414,-0.00035906527578197174,1.83758143137303e-05,1.0,0.019487297700771795,2.9408311469522666,2.6472277933442996
2024-02-18,-0.0006792234619852395,-0.0006871364904837102,7.913028498470667e-06,1.0,0.005704417580106073,2.9388336654395197,2.6454087865288702
2024-02-19,0.0010521038437168815,0.0010519792272570992,1.24616459782214e-07,1.0000000000000002,0.0001363926294553798,2.941925623634973,2.6481917016199024
2024-02-20,-0.004784480806791725,-0.0048671267545232514,8.264594773152647e-05,1.0000000000000002,0.2769996012715368,2.9278500369536826,2.6353026169378415
2024-02-21,-0.0018459610523258228,-0.001864147854257862,1.8186801932039168e-05,0.9874535354320387,0.012546464567961355,2.9224453398184154,2.630390023219157
2024-02-22,0.007971040927996876,0.007881968419790058,8.907250820681688e-05,0.9989084163855861,0.294305482897102,2.945740271231942,2.6511226743139016
2024-02-23,0.007132116997926359,0.007030661966422147,0.00010145503150421151,0.998459798818205,0.29824270772387895,2.9667496354918717,2.6697618216685197
2024-02-24,-0.0009009315781957242,-0.0009105745170366634,9.64293884093929e-06,0.9999999999999998,0.009535823638530153,2.9640767970606565,2.667330804587151
2024-02-25,0.002187208236214947,0.0021553812042671046,3.182703194784222e-05,0.9999999999999998,0.023468284018457894,2.970559850243961,2.673079919268921
2024-02-26,0.0018903895777502764,0.0018877648411320053,2.624736618271044e-06,1.0000000000000002,0.0029004711094187292,2.9761753656249454,2.6781260655580525
2024-02-27,-5.401502772456898e-07,-1.3224589588501306e-06,7.823086816044406e-07,1.0,0.0005930836299990131,2.9761737580429966,2.6781225238462443
2024-02-28,0.0006679308234547661,0.0005604425458855678,0.00010748827756919835,1.0,0.3276170161773365,2.9781616362319507,2.679623457651702
2024-02-29,0.01050756987172976,0.010397842406912838,0.00010972746481692124,0.9999979588671003,0.3276149750444369,3.009454877713963,2.7074857600742317
2024-03-01,-0.0010800940229052207,-0.001235452247529964,0.0001553582246247432,0.9999999999999999,0.160433512698913,3.0062043834883414,2.7041407907067927
2024-03-02,0.0031351050751857474,0.0030046119489553704,0.0001304931262303769,0.9999999999999996,0.1366493394661417,3.015629150108061,2.712265684438208
2024-03-03,0.003005215759786851,0.0029486530805353864,5.656267925146457e-05,1.0,0.04295862656664733,3.0246917663556387,2.720263215003857
2024-03-04,0.004219349812811298,0.004207276303373635,1.2073509437663437e-05,0.9836369749869939,0.022400289603270226,3.0374539989938234,2.7317081139672816
2024-03-05,0.0057732881600630155,0.005665021915644684,0.00010826624441833125,0.9963968188575195,0.329661183620743,3.05499009620295,2.7471833003000508
2024-03-06,-0.0010965272448843456,-0.0012174253850334193,0.00012089814014907367,1.0,0.1221825554480126,3.051640216329612,2.7438388096129254
2024-03-07,0.010212557737839752,0.010068715327208804,0.00014384241063094768,0.9999999999999999,0.13646276635262866,3.082805268233992,2.7714657414906654
2024-03-08,0.00328655093411268,0.003282273796739033,4.277137373647212e-06,0.99974432381361,0.002919746178324372,3.0929370647679937,2.7805624508725204
2024-03-09,0.00041259712778193077,0.0004075833137471604,5.013814034770387e-06,0.9970522386106505,0.0028664759634661687,3.094213201717327,2.7816957617303277
2024-03-10,0.0006282844581632065,0.0006097466671072347,1.8537791055971767e-05,0.997003511843659,0.005800242036800017,3.0961572477822092,2.7833918914499494
2024-03-11,-0.0026938462988744497,-0.0027024897842032546,8.643485328805127e-06,1.0000000000000004,0.016735296731738597,3.087816676039538,2.7758698032978715
2024-03-12,0.010482117776725022,0.010476337376963695,5.780399761326615e-06,1.0000000000000002,0.01336477669441981,3.1201835341107196,2.8049507518717456
2024-03-13,0.002461216702647277,0.0024447815244301656,1.6435178217111632e-05,0.999298491726128,0.019168173123209592,3.1278629819401975,2.8118082436468583
2024-03-14,0.0028117389450640377,0.0027989885640823968,1.2750380981640792e-05,0.9999999999999999,0.011844911589185143,3.136657716101343,2.8196784627652187
2024-03-15,-0.011732932581883623,-0.011745402989301816,1.2470407418192706e-05,1.0,0.011025016829932642,3.099855522585881,2.786560202919786
2024-03-16,-0.0015226209269900526,-0.001524677588408906,2.0566614188533016e-06,0.9989442082247353,0.0010658692465059438,3.095135617696546,2.782311597029642
2024-03-17,-0.006282014259008037,-0.006316540499123365,3.452624011532738e-05,0.9999999999999998,0.018353074690400664,3.075691931612613,2.7647370131458238
2024-03-18,0.009398880043929773,0.009394660418863998,4.219625065775214e-06,1.0000000000000004,0.003499832044869306,3.1045999911299225,2.790710778531793
2024-03-19,-0.001982037443238436,-0.002014929902286689,3.289245904825294e-05,0.9841411316164327,0.044435053988165205,3.0984465577012252,2.7850876919354954
2024-03-20,-0.0036333377696147976,-0.003766458548795998,0.00013312077918120038,0.997412876599399,0.4202611619479289,3.0871888547959965,2.7745977745890587
2024-03-21,0.010389478323222415,0.010241498455736952,0.00014797986748546385,0.9969194399785682,0.11612630259091715,3.119263136482593,2.8030138134128033
2024-03-22,-0.000992117009342646,-0.0011136693551897295,0.00012155234584708348,0.9958638656834833,0.09577744716832062,3.116168462468273,2.799892182826632
2024-03-23,-0.0013146573534033705,-0.0013197065888299502,5.0492354265796546e-06,0.9981434128591881,0.0023327398667207307,3.1120717686846455,2.7961971466649422
2024-03-24,0.0001124100582124886,-3.019151997584735e-06,0.00011542921021007333,0.9484985091811086,0.052970450798527115,3.1124215968533244,2.796188704520741
2024-03-25,-0.0037336414736742016,-0.0037365977248885757,2.956251214374135e-06,0.9490825970404084,0.009026862166213574,3.100800930495754,2.7857404721690697
2024-03-26,0.0026921690762693284,0.002582994278663311,0.00010917479760601714,0.9999999999999996,0.06414182938895817,3.109148810872502,2.792936023870523
2024-03-27,0.002757671819511373,0.002740434379765734,1.7237439745638874e-05,0.9969683377258128,0.03414722957045981,3.1177228229309124,2.800589881770824
2024-03-28,0.004635605707981599,0.0046345546037062715,1.051104275327516e-06,0.9977659919751372,0.0021316009141916364,3.132175356644795,2.8135693685004783
2024-03-29,0.001247676695797144,0.0012473338952588655,3.428005382783367e-07,0.9979278788912073,0.00016188691607025261,3.136083298844431,2.817078828940471
2024-03-30,0.0009789101431376416,0.0009775027984331504,1.4073447044911663e-06,0.9985867869471821,0.0006589080559748022,3.1391532425953947,2.819832531379167
2024-03-31,-0.0009845835744119226,-0.0009913378059458644,6.754231533941938e-06,0.9979186220930367,0.0028609061000398027,3.1360624838751736,2.817037124784375
2024-04-01,0.004629543616519615,0.004628641343967412,9.022725522026275e-07,0.998371548798194,0.002021281369564238,3.1505810219284043,2.8300761792876425
2024-04-02,-0.009006119820097325,-0.00900830827632786,2.1884562305346147e-06,0.9988754723105465,0.0057436394288226155,3.122206511741992,2.8045819806191274
2024-04-03,-0.0031973330191064145,-0.003211341375304967,1.4008356198552577e-05,0.9999999999999999,0.042936373840726225,3.1122237777695303,2.7955755104643303
2024-04-04,0.003361991119424812,0.003244764635872774,0.00011722648355203823,0.9973825108232002,0.0994444893255721,3.1226870464720538,2.804646495017597
2024-04-05,-0.009052984829200646,-0.009054358229022284,1.3733998216383758e-06,0.9964509924679021,0.003933141588733205,3.094417408014001,2.7792522209459363
2024-04-06,-0.0009278676094572884,-0.0010296396783213589,0.00010177206886407056,1.0000000000000002,0.08852754372612806,3.091546198330964,2.7763905925831875
2024-04-07,0.001231732701364127,0.0012221763583476722,9.556343016454745e-06,1.0000000000000004,0.0046927855636412115,3.095354156881226,2.779783831526982
2024-04-08,0.006425327013798249,0.006419604341997974,5.722671800274828e-06,0.9973181457096971,0.006916718404223537,3.1152428195627078,2.7976289438816684
2024-04-09,0.002410755798840848,0.002372126748545442,3.862905029540653e-05,0.9941705120386228,0.12563911438300976,3.122752909254766,2.804265274331955
2024-04-10,-0.006855531999280577,-0.006857483352964304,1.9513536837262476e-06,0.9967991563453208,0.003754348732035763,3.1013447767595235,2.7850350718959276
2024-04-11,0.0034058070225501387,0.0034050121086524844,7.949138976542677e-07,0.9974790361439756,0.0018961724129448626,3.1119073585795607,2.794518150038755
2024-04-12,0.00039599537368071566,0.00038766765757483883,8.327716105876849e-06,0.995546044406854,0.02321900820107997,3.1131396594968814,2.795601494344031
2024-04-13,-0.005768620117780085,-0.005774221641272698,5.601523492612958e-06,0.9959769357399156,0.0026301367396471156,3.0951811394276487,2.7794590716950154
2024-04-14,-0.0009800079966765475,-0.0010852262091811077,0.0001052182125045602,0.9477335312221229,0.0552262865966544,3.0921478371598474,2.776442729863066
2024-04-15,-0.00018642240931915138,-0.00019117424106582747,4.7518317466760896e-06,0.9476840717031102,0.01134053575797522,3.0915713915100733,2.7759119455313215
2024-04-16,-0.008124911807637372,-0.00815948877359713,3.4576965959758066e-05,0.9958598379795168,0.0990021222901977,3.066452646607039,2.7532619231752644
2024-04-17,0.0006208480661934899,0.0006136302263389147,7.217839854575174e-06,0.9946633094779723,0.02074796084974304,3.068356447802759,2.7549514079123525
2024-04-18,-0.0031819188348246874,-0.0031917906662642503,9.871831439562675e-06,0.9924748069127367,0.022741584961678996,3.0585931866295395,2.746158179722566
2024-04-19,-0.0009657545124612579,-0.0009659626060092419,2.080935479840544e-07,0.9926422377567864,0.0006243029546395525,3.0556393364577685,2.7435054936107677
2024-04-20,0.00010813108445144464,0.00010805697817120625,7.410628023839954e-08,0.9926336624930585,3.360228005370742e-05,3.0559697460529125,2.7438019485240037
2024-04-21,0.0003965643905731752,0.0003769559023000948,1.960848827308044e-05,0.9926338823610912,0.010150300199293765,3.057181634832866,2.7448362408632425
2024-04-22,0.0014200513875443376,0.0014194246375306883,6.267500136494344e-07,0.9917480637009781,0.0015618467266132435,3.0615229898553857,2.748732329049511
2024-04-23,0.002735975869003999,0.0027355474792873794,4.283897166194976e-07,0.9914904227157022,0.0013588560790958918,3.069899242878031,2.7562516168434783
2024-04-24,0.002456316563726287,0.0023346525233692043,0.0001216640403570829,0.9920443892527931,0.10987616670718588,3.0774398872372832,2.762686506635782
2024-04-25,-0.0048154610111284055,-0.004823185495165171,7.724484036765124e-06,0.9927753856868975,0.0213002804004776,3.0626205954462007,2.749361557149288
2024-04-26,0.003459727653788584,0.0033357276347289098,0.0001240000190596744,0.9934756917204925,0.11229384267861094,3.0732164286133288,2.7585326784733324
2024-04-27,-6.832809314040216e-05,-7.326906024658484e-05,4.940967106182689e-06,0.993485813562893,0.0033400311324472283,3.073006441594954,2.758330563376321
2024-04-28,1.6165454656530803e-05,1.103572729501505e-05,5.129727361515753e-06,0.993529907792874,0.0033942472048286566,3.0730561181412446,2.7583610035602084
2024-04-29,0.003913680027242843,0.00391203920833059,1.6408189122529524e-06,0.9921575318144135,0.004240441503172342,3.0850830764934103,2.769151819956866
2024-04-30,-0.0018026893836496367,-0.001803280644611353,5.912609617162089e-07,0.9930670246829076,0.001604977691910865,3.0795216299837382,2.7641582620779475
2024-05-01,-0.007604064898708592,-0.007608098208921163,4.033310212571693e-06,0.9940791724434656,0.01278208569449174,3.0561047476523653,2.7431282745550574
2024-05-02,0.002543940814769149,0.0025428359572026186,1.1048575665305785e-06,0.9935876857211514,0.003533944779050134,3.063879297254128,2.750103599766815
2024-05-03,0.003555218960271965,0.003548557348432184,6.661611839780847e-06,0.9915085226337771,0.01812091606943449,3.07477205902371,2.7598625001047172
2024-05-04,0.00021207776635647196,0.00021175466857198158,3.230977844903716e-07,0.9917186135687811,0.00021009093500409326,3.0754241498140433,2.7604469138737313
2024-05-05,-4.9674408117092725e-05,-5.7167347075390905e-05,7.492938958298177e-06,0.9919777018446098,0.005527742088451139,3.0752713799396925,2.7602891064469226
2024-05-06,0.003996862243924317,0.003992434031832305,4.428212092012195e-06,0.9928714821522384,0.013534656227431007,3.0875628160079946,2.7713093786131973
2024-05-07,0.0019327399691436865,0.0018214613918019489,0.0001112785773417377,1.0,0.10942785726079428,3.0935302720697355,2.7763572116510797
2024-05-08,-0.00028975291813301943,-0.00039749361730289853,0.0001077406991698791,0.9942951430602872,0.10938349125430889,3.0926339126460705,2.7752536273800956
2024-05-09,0.002682489536115108,0.0026809247055308415,1.5648305842664728e-06,0.9948455019696942,0.004610452859956023,3.100929870755778,2.782693873393853
2024-05-10,0.007663351625422257,0.007653481688895963,9.869936526293946e-06,0.9947665933662483,0.006901585647999564,3.124693386721155,2.803991169999676
2024-05-11,-6.636975869533852e-05,-6.64599975521853e-05,9.023885684677845e-08,0.9948350002177971,6.840685154883841e-05,3.124486001575081,2.8038048167533813
2024-05-12,-6.865102664505865e-05,-7.763236865156243e-05,8.981342006503781e-06,0.9950074079660288,0.006640615244790872,3.1242715024033347,2.80358715074422
2024-05-13,0.00012109620170839462,0.00012004300474586469,1.0531969625299304e-06,0.9959488106092115,0.002830355489347718,3.1246498398153815,2.8039237017698624
2024-05-14,-0.0011701718343808218,-0.0011711875302417723,1.0156958609505964e-06,0.9978980061588292,0.002667661087701497,3.120993462580527,2.8006397812946
2024-05-15,0.0029231845500907305,0.002920314814468556,2.869735622174361e-06,0.9975650887212566,0.00856315000062918,3.130116702451277,2.8088185311379044
2024-05-16,0.005753221966944487,0.005745964009692483,7.257957252004444e-06,0.9972469787609084,0.02277115572341195,3.1481249586229194,2.82495790132758
2024-05-17,0.0021057020456891414,0.0019839309996731703,0.00012177104601597092,0.9980376451717868,0.12861586268025257,3.154753971788377,2.8305624228807957
2024-05-18,0.0024744286753499503,0.0024656705042185286,8.758171131421811e-06,1.0000000000000002,0.00803857826693789,3.162560185479844,2.8375416571572423
2024-05-19,0.00017168329994720737,0.00014811555763573984,2.3567742311467536e-05,0.9999999999999997,0.0159917136288602,3.163103144248769,2.837961941222107
2024-05-20,-0.0017613563758214353,-0.0017683902301147936,7.033854293358272e-06,0.9999999999999999,0.015266910367926032,3.1575317923582658,2.832943317051812
2024-05-21,0.007305866089599678,0.007278299668146667,2.756642145301085e-05,1.0,0.026714251611978046,3.180600296806889,2.8535623274561885
2024-05-22,-0.0005930907750293503,-0.0006202534936232815,2.7162718593931245e-05,0.9994870294781034,0.02316531976824674,3.1787139121117973,2.851792395453312
2024-05-23,-0.0022712542446807716,-0.00229108711868263,1.9832874001858302e-05,0.9999999999999996,0.020677010042379672,3.1714942446462877,2.845258690630932
2024-05-24,-0.00879534512525385,-0.008797391194650136,2.0460693962863375e-06,0.9998254910968194,0.0045359772083357055,3.1435998582018674,2.8202278368794733
2024-05-25,-0.0001025216000222443,-0.0001033486238305998,8.270238083554951e-07,1.0000000000000004,0.0007045201132673132,3.143277571314575,2.819936370213643
2024-05-26,0.0010420338352256668,0.0010098019934413848,3.2231841784281925e-05,1.0,0.021568872259425602,3.146552972897391,2.8227839475816627
2024-05-27,-0.0011266037153643117,-0.0011291114873394567,2.507771975144918e-06,1.0000000000000004,0.002530802041020261,3.143008054627534,2.819596709800171
2024-05-28,0.0017823117882650164,0.0017780158595369167,4.295928728099618e-06,1.0,0.013469914252586609,3.1486098749339084,2.8246099974676935
2024-05-29,-0.007864292189833498,-0.007868529391744322,4.237201910824167e-06,0.9968401754795031,0.013096320794486138,3.1238482868856328,2.802384470682404
2024-05-30,-0.004070244716564289,-0.004071555444884819,1.310728320530376e-06,0.9970524421007297,0.003026770868305772,3.1111334599005884,2.7909744069321367
2024-05-31,0.0006969490874813663,0.0006876405403874344,9.308547093931821e-06,0.9947392385175756,0.020649482215741203,3.1133017615264986,2.7928935940815274
2024-06-01,-3.184630564454909e-05,-3.3451984047767095e-05,1.6056784032180037e-06,0.99570059708562,0.0009613585680444394,3.1132026143670375,2.7928001662495707
2024-06-02,0.0005912227515791584,0.0005807323893201143,1.0490362259044047e-05,0.9959197699801448,0.005434170959985345,3.115043210582927,2.7944220357630103
2024-06-03,0.006841273993397724,0.006832650652425054,8.62334097266967e-06,0.9945019522877994,0.010732786914438772,3.136354074687798,2.8135153453088173
2024-06-04,-0.0032361038647480737,-0.0032486644622137344,1.2560597465660566e-05,0.9981593601010902,0.026582201726245324,3.1262045071454825,2.8043751779926196
2024-06-05,0.007846240587335988,0.007839331779785262,6.908807550725084e-06,0.9958816806186901,0.0112216055254378,3.15073345983376,2.8263596054478985
2024-06-06,0.0025977998642714877,0.0025842295942132805,1.3570270058207314e-05,0.9949497050477888,0.023785925231357256,3.1589184347880717,2.8336635675841864
2024-06-07,-0.0015058276421861124,-0.0015087540952967412,2.9264531106287706e-06,0.9971989502655536,0.00867105693942566,3.1541616480895565,2.8293882660719007
2024-06-08,-0.004539339178344138,-0.004540977661495056,1.6384831509175083e-06,0.9982004874521468,0.0010015371865931882,3.139843838545553,2.816540077159972
2024-06-09,-0.0017096737428878143,-0.0017494048487779275,3.973110589011314e-05,1.0,0.035926900985040575,3.1344757299780235,2.811612808292211
2024-06-10,0.001362634795907954,0.0013577695374989457,4.8652584090082976e-06,0.9999999999999999,0.006025247064536945,3.1387468756746206,2.815430330514552
2024-06-11,-0.002741319028824534,-0.002815010688538525,7.369165971399091e-05,0.9930204672519446,0.2387236834127034,3.13014256913767,2.807504864041318
2024-06-12,0.0009418692572926875,0.0009256570339681744,1.621222332451308e-05,0.9961253790110871,0.018260420647048324,3.133090754194484,2.8101036506666177
2024-06-13,-0.005513092953487603,-0.005674667095699862,0.00016157414221225897,0.9954531724171432,0.18512988514605702,3.115817733634897,2.794157247944674
2024-06-14,-0.002045004702714137,-0.002232650729318035,0.0001876460266038979,0.9956814408448503,0.20982890794109843,3.1094458717168134,2.787918870727221
2024-06-15,5.27156785480668e-05,-9.592193307796742e-05,0.0001486376116260342,0.89173611950252,0.10394532134233034,3.1096097882658498,2.787651448159876
2024-06-16,0.0001489300808138944,0.00014282254877956307,6.107532034331326e-06,0.893051379748287,0.004712965579430106,3.110072902702916,2.7880495876448115
2024-06-17,-0.0011492788573680929,-0.0012319292725191447,8.265041515105195e-05,0.9947999319417985,0.24521594222902707,3.1064985616709664,2.7846149077445568
2024-06-18,0.005200565481431307,0.005191120265887677,9.445215543630021e-06,0.993265332926051,0.02962216870250001,3.1226541108589085,2.7990701786248424
2024-06-19,-0.0003485356254187284,-0.000349379845734836,8.44220316107571e-07,0.993868840614547,0.0006035076884960359,3.121565754655414,2.798092239917634
2024-06-20,0.0016735759580688858,0.001654166211011162,1.9409747057723896e-05,0.9983578975605407,0.04484758418362156,3.1267899320539363,2.8027207495561983
2024-06-21,0.006401166982667608,0.006247874507948684,0.00015329247471892419,0.991075928384188,0.4938062289900316,3.1468050365287374,2.820231797080249
2024-06-22,-9.72363813428191e-06,-9.955689710872162e-06,2.320515765902527e-07,0.991239281203098,0.00016335281890978836,3.1467744381352833,2.8202037197275645
2024-06-23,0.00010562555153732892,9.618633445814276e-05,9.43921707918616e-06,0.9915377826260755,0.006703963732866157,3.1471068179208745,2.82047498478579
2024-06-24,-0.0015024708192959862,-0.0016477005037644212,0.00014522968446843498,0.9957339824699678,0.4964446290614622,3.142378381761741,2.815827686732504
2024-06-25,0.000762166042048032,0.0007592645286376822,2.9015134103498426e-06,0.9967084500538862,0.00871323840886706,3.1447733958555855,2.8179656448137957
2024-06-26,-0.004344745523893282,-0.004412485866890201,6.774034299691882e-05,0.9964623384490947,0.19542009979968444,3.131110155720283,2.8055314112326726
2024-06-27,0.001303043278692043,0.00123505859021701,6.798468847503305e-05,0.996661822664467,0.19782471316860306,3.1351901277635386,2.808996406902239
2024-06-28,0.0014865363805112014,0.0014844217385248735,2.1146419863280005e-06,0.9953226124430979,0.005905880421103125,3.1398507019482786,2.813166142232083
2024-06-29,-0.0002863677262479092,-0.00028640977962376534,4.2053375856168757e-08,0.9953526879971679,3.0075554069869045e-05,3.138951550042004,2.812360423937241
2024-06-30,4.50533113824138e-05,2.406071498544936e-05,2.0992596396964442e-05,0.9992077828858736,0.014306881308595816,3.1390929702036026,2.8124280913398376
2024-07-01,-0.0036310405140775755,-0.0036312292325397706,1.887184621948799e-07,0.9994922672448001,0.00044348789121368033,3.1276947964513373,2.802215520240148
2024-07-02,-0.0026103237365159397,-0.0027060750509674968,9.575131445155719e-05,0.994979521254685,0.2782807602589365,3.119530500483583,2.7946325147333924
2024-07-03,0.0041582166522035275,0.004139277158232257,1.8939493971269683e-05,0.9950202553236894,0.06216234121268356,3.132502184157751,2.8062002732672813
2024-07-04,-0.0006907810505122615,-0.0006959273158975451,5.146265385283658e-06,0.9913134893300739,0.003706765993615477,3.1303383110082468,2.8042473618432355
2024-07-05,0.00043961690422700776,0.0003640245415095394,7.559236271746836e-05,0.9947721161705338,0.25226407434047593,3.131714460645716,2.80526817670341
2024-07-06,-0.0002488298170927084,-0.00024933633570303445,5.065186103260648e-07,0.9944309510358363,0.0003423964890308514,3.1309351967092867,2.8045687214155666
2024-07-07,0.0010284132292876056,0.001016926023291277,1.1487205996328557e-05,0.9934894381813769,0.006702971752743788,3.134155091885625,2.807420760332483
2024-07-08,0.0012844757148178293,0.0012836456787525344,8.300360652948257e-07,0.9941379191206787,0.00266988606245916,3.138180837987625,2.811024493859924
2024-07-09,-5.253149907158316e-05,-5.536777081942271e-05,2.8362717478395443e-06,0.9945476891651178,0.0060906976833353,3.1380159846438476,2.81086885369998
2024-07-10,0.00016467921906245252,0.00016309630399298177,1.5829150694707407e-06,0.9958814245689903,0.0032359158375224305,3.138532750665604,2.8113272960210276
2024-07-11,0.005020124443946124,0.005018912164369071,1.2122795770528518e-06,0.9958670311129889,0.0019156699980371096,3.154288575645346,2.8254371007850505
2024-07-12,0.00038724956915191987,0.00038651359258783417,7.359765640856862e-07,0.9959109174141414,0.0022790792689381806,3.155510072537245,2.826529170629506
2024-07-13,0.00045465975057541616,0.0004540033780789433,6.563724964728909e-07,0.996293830306469,0.0003829128923280986,3.1569447559597634,2.8278124244212104
2024-07-14,0.00037299977747131004,0.0003490415782853189,2.3958199185991123e-05,0.9992373388801469,0.013103998177766613,3.1581222956512254,2.8287994485329255
2024-07-15,0.004537195698361784,0.004534628776072441,2.5669222893429245e-06,0.9999421243902481,0.007817468314850657,3.1724513145459543,2.8416270039139806
2024-07-16,0.00875685437131001,0.008501836799849227,0.0002550175714607837,0.9999999999999996,0.4948877640877918,3.200232008707504,2.865786052947302
2024-07-17,0.0032343740701887176,0.0031047818313971157,0.0001295922387916021,0.9987836522504386,0.45342027211331837,3.2105827561350555,2.8746836934171642
2024-07-18,0.0005575486603564876,0.00047047768168440203,8.707097867208564e-05,0.9999999999999999,0.18052081627858907,3.212372812249702,2.876036167936819
2024-07-19,-0.0049029522411418265,-0.004909517727560507,6.565486418680609e-06,0.9999999999999998,0.010036222654692192,3.196622701770499,2.861916217385228
2024-07-20,0.002704877734212058,0.002704682823901111,1.9491031094713726e-07,0.9999059892101648,0.00011026892817447408,3.205269175341195,2.8696567930218335
2024-07-21,0.0015161101870811587,0.0014671120339252316,4.899815315592714e-05,0.9999999999999999,0.03647598334802738,3.2101287165902668,2.8738669010361106
2024-07-22,0.0005276529437380344,0.0005023063321994399,2.5346611538594477e-05,0.9999999999999999,0.023731295073156747,3.211822550457354,2.8753104625783994
2024-07-23,-0.0013602623050494333,-0.0014225230484910245,6.226074344159124e-05,1.0,0.17925986491502605,3.207453629311459,2.8712202671738143
2024-07-24,-0.006369630402888845,-0.006376459950826335,6.829547937490005e-06,0.999756991448351,0.019249124539797942,3.1870233351583406,2.8529120461301796
2024-07-25,-0.003992362972033272,-0.004012055916917933,1.9692944884660732e-05,0.999351817027935,0.03434352887176772,3.1742995812040484,2.8414660034750567
2024-07-26,0.0009568405472377375,0.0009132166477235924,4.362389951414506e-05,0.997483707268946,0.1455709373905223,3.177336879752424,2.844060877533371
2024-07-27,0.0033078776124911453,0.0032872101341929936,2.0667478298151774e-05,0.985429312541289,0.012054394727657071,3.1878471212842996,2.8534099032722606
2024-07-28,-0.0005208971380813851,-0.0005312255477385372,1.0328409657152196e-05,0.9849309740687807,0.0058195012677439584,3.1861865808421816,2.8518940990334722
2024-07-29,0.004542521706574793,0.004476001356865099,6.652034970969373e-05,0.9984886994196627,0.1774974954728264,3.200659902546855,2.8646591808903814
2024-07-30,0.0004984948951932593,0.0004928421589751831,5.652736218076164e-06,0.9965699383515192,0.006976004576094392,3.202255415169524,2.8660710057058196
2024-07-31,0.0032688612172858825,0.0032450714618705466,2.378975541533612e-05,0.9990266088385731,0.061285162493757206,3.212723143704016,2.8753716109341303
2024-08-01,0.0014815725030226975,0.0014755234838391043,6.0490191835931575e-06,0.9991921486093234,0.012451946931129092,3.217483025973552,2.879614289270828
2024-08-02,-0.010142812695120832,-0.010430848949734431,0.0002880362546135991,0.9999999999999998,0.5926813363400679,3.1848486982913715,2.849577467585947
2024-08-03,-0.005446832960929232,-0.005599240718068035,0.0001524077571388026,0.9999999999999998,0.147322818368717,3.1675013594259456,2.8336219974001504
2024-08-04,-0.0003424962477587129,-0.0004927220174025691,0.00015022576964385617,1.0,0.14478577324000882,3.1664165020955717,2.832225809453035
2024-08-05,-0.02108994341789558,-0.02125738143441879,0.00016743801652321192,0.9199999561213862,0.49015797179769444,3.0996369572288853,2.772020105113086
2024-08-06,0.001664886599680873,0.001492195184470382,0.00017269141521049095,0.9961537160699301,0.4867950495484521,3.1047975012628513,2.776156500165191
2024-08-07,-0.0005909506090799731,-0.0009151204605389199,0.00032416985145894677,0.36163467283758494,0.6356832402879087,3.10296271928841,2.773615982550232
2024-08-08,-0.0023475786943421032,-0.0025361176619993256,0.00018853896765722234,0.5437667634170893,0.3960936329274119,3.0956782701192704,2.7665817660692826
2024-08-09,0.006388596029072004,0.006170526238472601,0.0002180697905994031,0.4236833324315203,0.44733453792645145,3.1154553080230385,2.783653031447693
2024-08-10,-0.0001558376238739577,-0.0001671630735856999,1.1325449711742222e-05,0.41805352332015094,0.005629809111369253,3.114969802870551,2.78318770745116
2024-08-11,0.00017334664610568014,0.000154119567116233,1.922707898944715e-05,0.4193552663221717,0.010979728695462921,3.1155097724385987,2.783616651135836
2024-08-12,0.0013377383189683845,0.0010678744656390452,0.0002698638533293392,0.6436608508793898,0.682944359471068,3.11967750924431,2.786589204279711
2024-08-13,0.0037574456990487797,0.0036318162830673525,0.00012562941598142738,0.6932579502360159,0.36260075031191674,3.1313995280838394,2.7967095843260337
2024-08-14,0.0031275826438277583,0.00306026627803642,6.731636579133809e-05,0.8409917987733789,0.1477338485373632,3.1411932388987647,2.805268260356408
2024-08-15,0.007849584020781432,0.007824699088149669,2.488493263176206e-05,0.8915959203022824,0.05060412152890327,3.1658502991530115,2.827218640355234
2024-08-16,0.004607879835566728,0.004584015344791938,2.3864490774790016e-05,0.9419671034377425,0.050371183135460365,3.1804381569089015,2.8401786539857046
2024-08-17,0.00023169280171287507,0.00023004471541314677,1.6480862997282924e-06,0.9429015441239365,0.0009344406861940078,3.1811750415361506,2.840832022075883
2024-08-18,7.893232428731413e-05,7.849738727872491e-05,4.349370085892211e-07,0.9431483102080275,0.0002467660840908808,3.181426139076144,2.841055019967314
2024-08-19,0.003419534935655957,0.0033957212434012965,2.3813692254660205e-05,0.9937702594713288,0.0509187335183735,3.1923051369039244,2.850702450852289
2024-08-20,0.00825360265892216,0.008242788361927744,1.081429699441713e-05,0.9947367442507404,0.02561547511109969,3.2186531550699655,2.874200187837493
2024-08-21,0.000938261782956937,0.0009361039636227448,2.1578193341922074e-06,0.9957747426768546,0.0048033724870678,3.2216730943179614,2.876890738025573
2024-08-22,0.00022593374174267202,0.00021740815448154625,8.52558726112577e-06,0.9978174347179563,0.020172406561741935,3.2224009789748327,2.877516197531572
2024-08-23,0.000536398926815552,0.00019534633296560848,0.0003410525938499436,0.9980510595629134,0.2905680103830294,3.224129471401724,2.8780783097688087
2024-08-24,0.0002690407030911464,-1.396176153540677e-05,0.0002830024646265532,0.8533760889311498,0.1464255124592822,3.224996893461567,2.8780381267257673
2024-08-25,0.00132893282709975,0.001056434258240504,0.0002724985688592458,0.9980811919629712,0.14470510303182146,3.2292826977005826,2.8810785847993623
2024-08-26,0.004073274545992529,0.004031059864819583,4.2214681172945855e-05,0.9999999999999999,0.04106512482404974,3.2424364527149407,2.8926923850499384
2024-08-27,-0.007472702463311119,-0.007511617162896535,3.891469958541576e-05,0.9966483556472576,0.03926691710006211,3.2182066898476083,2.870963587283417
2024-08-28,-0.005998214077929819,-0.006000998908045018,2.7848301151988974e-06,0.9997901739426016,0.00821731558000657,3.1989031971748765,2.853734937931092
2024-08-29,-0.0005506362781480022,-0.0008337327865784729,0.0002830965084304707,0.9975954110168768,0.28761663624950906,3.197141765024228,2.851355685549134
2024-08-30,0.0015246120633859096,0.0015239928389671033,6.192244188063707e-07,0.9958460500319976,0.0017650159981960124,3.202016165927539,2.8557011311952594
2024-08-31,8.57168178724156e-07,8.393497432498449e-07,1.781843547431102e-08,0.9958563900159678,1.0339983970255803e-05,3.2020189105939036,2.8557035281272705
2024-09-01,-0.00013347617637354844,-0.00015929542291715396,2.5819246543605516e-05,0.9957431566519077,0.015485409980225453,3.201591517353042,2.8552486276260316
2024-09-02,-0.0003616435649388016,-0.0003617001966895429,5.663175074133078e-08,0.9957090294492839,3.4127202623932505e-05,3.2004336823832285,2.854215883635822
2024-09-03,0.0007937808685039177,0.0007932286410671044,5.522274368132126e-07,0.9955013410014351,0.0016009939440602514,3.20297412541122,2.8564799294225103
2024-09-04,-0.004801509278903131,-0.004805793487819649,4.284208916518378e-06,0.9960332239685125,0.014636898503166037,3.1875950154279713,2.842752276779604
2024-09-05,0.005178920137895068,0.005176563904313196,2.35623358187209e-06,0.9961713339902797,0.006573514564074194,3.2041033154448253,2.857467965604485
2024-09-06,-0.0043728845359081725,-0.004374486649838955,1.602113930782129e-06,0.9949465806275483,0.00512700716284641,3.1900921416052648,2.8449680101366055
2024-09-07,-0.00028566847254248885,-0.0002865053320767216,8.368595342327311e-07,0.9954425211651327,0.0004959405375843237,3.1891808328559024,2.8441529116321136
2024-09-08,0.00035632987218881413,0.0003421184981498107,1.421137403900341e-05,0.9958661309756345,0.0086115171689851,3.1903172332544614,2.8451259489547494
2024-09-09,-0.003940067821904779,-0.003946298803070358,6.230981165578392e-06,0.9966761668572789,0.020871781567321945,3.177747166982047,2.8338982318278045
2024-09-10,0.009077398797623546,0.009076188857284057,1.209940339489495e-06,0.9950946781207165,0.003812238634600229,3.2065928452947614,2.8596192273821974
2024-09-11,-0.002090127933180188,-0.0020916169133492328,1.4889801690450048e-06,0.9941604806133472,0.004220809036716242,3.199890656018475,2.853637999440466
2024-09-12,0.003818532769992692,0.003816659107481485,1.8736625112070168e-06,0.9964674978718309,0.005480248129185219,3.2121095433488747,2.8645293629004858
2024-09-13,0.0053738556391812135,0.0053732006727380925,6.5496644312134e-07,0.9959309207587981,0.001461344309491942,3.2293709563320676,2.8799210540003006
2024-09-14,0.00011627163325601568,0.00011612415872019037,1.4747453582532026e-07,0.9960252594359937,9.433867719580401e-05,3.22974644056755,2.880255482409877
2024-09-15,3.2658042362754693e-05,-0.00020554830366203945,0.00023820634602479413,1.0000000000000002,0.24011181006151755,3.2298519177636273,2.8796634507813543
2024-09-16,0.0009339208815198896,0.0009175878904149942,1.633299110489535e-05,0.9999999999999999,0.017631234462627907,3.2328683439138435,2.8823057950922624
2024-09-17,0.002858223409808338,0.002663007347504883,0.00019521606230345475,0.8661032071369063,0.13389679286309406,3.242108603895246,2.889981396602349
2024-09-18,-0.0037494045585846547,-0.0037952909101027824,4.5886351518127724e-05,0.9983817792634712,0.13259625778355644,3.2299526271163743,2.8790130764774577
2024-09-19,0.006068867266620225,0.005803763561582746,0.0002651037050374787,0.9992310953848158,0.2775264376429804,3.249554780887815,2.895722187664038
2024-09-20,0.0023801026862065922,0.002367543928892987,1.2558757313605144e-05,0.9982617386344113,0.013873434052250394,3.2572890549507822,2.902577937149203
2024-09-21,0.0019841882903768003,0.001983420756508009,7.675338687913724e-07,0.9987476997623038,0.00048596112789280055,3.263752129751988,2.9083349704771266
2024-09-22,0.003051771131971366,0.003015074789072819,3.6696342898547104e-05,0.9995502490953508,0.02226876532860144,3.273712354283475,2.9171038179247915
2024-09-23,0.0005033088516585232,0.0005010586576566916,2.2501940018315875e-06,1.0,0.004464425994030133,3.27536004268917,2.918565458048046
2024-09-24,0.003257536598756553,0.003253127036217677,4.409562538876105e-06,0.998702907146739,0.006107757175054062,3.286029647902335,2.928059922246593
2024-09-25,0.006243820193860339,0.00624223055578679,1.5896380735489613e-06,0.9999999999999996,0.004586896878878749,3.3065470261755316,2.946337547362415
2024-09-26,-0.003995248973543311,-0.003997204495554602,1.955522011291175e-06,1.0,0.0028463099386336005,3.2933365475632312,2.9345604336726767
2024-09-27,0.008630366823873288,0.008623350499705593,7.016324167694682e-06,1.0,0.0078066990980725426,3.32175925004317,2.959866176854804
2024-09-28,0.003297983031495918,0.00329752360048991,4.594310060078603e-07,0.9997072896442855,0.00029271035571477633,3.3327143556845265,2.9696264054272747
2024-09-29,-2.1493077405172135e-05,-5.043398680083081e-05,2.894090939565868e-05,0.991257121009638,0.017844975291070125,3.3326427253969104,2.96947663532834
2024-09-30,-0.0018770996070211201,-0.001886896964141749,9.79735712062884e-06,0.9875766972954216,0.014836092539767433,3.3263870230467263,2.963873538880049
2024-10-01,-0.0042676953159681156,-0.004272231333557729,4.536017589612866e-06,0.9963516568626903,0.010540934869070867,3.3121910167293724,2.951211185478543
2024-10-02,-0.010666882779008903,-0.010673338157341769,6.455378332865871e-06,0.999426331466165,0.013987388251050323,3.276860263412234,2.919711910522201
2024-10-03,-0.0025561513122695665,-0.002833426887519009,0.0002772755752494421,0.9981319021619918,0.28131118667763705,3.2684841127497886,2.911439120291118
2024-10-04,-0.0007313838077705842,-0.0007324556803494663,1.0718725788821053e-06,0.9949255012125413,0.0033290417319850048,3.266093596393768,2.909306620169469
2024-10-05,0.0005729766731132937,0.0005728627479368386,1.1392517645508895e-07,0.994987290237648,6.178902510665593e-05,3.267964991836706,2.91097325355449
2024-10-06,3.583306403508406e-05,-0.00013364360900017453,0.0001694766730352586,1.0000000000000002,0.17574124344403758,3.268082093035523,2.910584220583182
2024-10-07,0.0010335706884745791,0.0010317937355317076,1.77695294287142e-06,1.0,0.0029079963123471208,3.271459886894413,2.913587343148717
2024-10-08,-0.004912748549980188,-0.005004496932666253,9.174838268606509e-05,0.992892077070891,0.2530447290394568,3.2553880270787543,2.8990063042268743
2024-10-09,0.0003230266236901889,0.00025009141613891876,7.293520755127018e-05,0.9945591309865669,0.20773123180271713,3.256439604081943,2.899731320818894
2024-10-10,0.0035287264069827334,0.0035231222578216066,5.604149161126674e-06,0.9931717354677172,0.015521571987374421,3.2679306885056114,2.9099474287769738
2024-10-11,-0.0002654558156971909,-0.0004357591419494743,0.0001703033262522834,0.993270064354687,0.17900154245046535,3.2670631972990525,2.908679392582292
2024-10-12,0.0003394368193136356,0.0003392323549132127,2.044644004228785e-07,0.9934006061711496,0.00013054181646277854,3.2681721588392407,2.9096661107423247
2024-10-13,0.0009269151612395039,0.0007728556604863544,0.00015405950075314946,0.9999999999999994,0.1582817448285498,3.2712014771628093,2.9119148626661375
2024-10-14,0.004879817976392739,0.004877416977886895,2.400998505844873e-06,1.0,0.005439007388326367,3.2871643449354706,2.9261174856554666
2024-10-15,0.00803736454945374,0.00802258542877737,1.4779120676368761e-05,0.9923084514530731,0.02046471197234427,3.3135844831096835,2.949592513158777
2024-10-16,-0.0014119890610353046,-0.0014313147122912023,1.9325651255897706e-05,0.9961224040940959,0.03050730502649944,3.308905738066716,2.945370717999429
2024-10-17,0.008643851338520525,0.008633333060383516,1.05182781370089e-05,0.9985864273776373,0.02007258954945067,3.3375074273597423,2.970799084394219
2024-10-18,-0.0027202588606913907,-0.0027223427266752313,2.0838659838404185e-06,0.9981491428944925,0.002729117944385219,3.3284285432078438,2.962711551114405
2024-10-19,0.0019219096305854607,0.0019152035138909865,6.7061166944741655e-06,1.0,0.005888017187095298,3.3348254820797503,2.9683857466877446
2024-10-20,0.0010096758540273064,0.0009941074633247375,1.5568390702568907e-05,0.9999999999999997,0.011264724394098072,3.338192574846401,2.971336641112554
2024-10-21,0.0032427135014020812,0.0032344809394040798,8.232561998001269e-06,0.9967437666730806,0.017496791471432807,3.349017376979136,2.9809473728427855
2024-10-22,-0.009203507386382533,-0.009209535378704933,6.0279923224008325e-06,0.9965607658489843,0.018240830024386246,3.318194670812985,2.9534942325505322
2024-10-23,-0.00271556323546106,-0.002720919525835738,5.356290374677768e-06,0.9999999999999996,0.014903428594302222,3.309183903356822,2.9454580124237424
2024-10-24,-0.0006676112504215115,-0.000681224831128856,1.3613580707344473e-05,0.9971499383903035,0.029480876790959787,3.3069746549532275,2.943451493286632
2024-10-25,0.0015563842580574403,0.0015465022229236504,9.882035133789983e-06,0.9963196729175029,0.014199852055735925,3.3121215782479916,2.948003547564068
2024-10-26,-0.004386304387907663,-0.004386984775005887,6.803870982234874e-07,0.9958634139179067,0.0004562589995962072,3.2975936048360386,2.935070700884241
2024-10-27,0.0015164205009572922,0.0014973299080491217,1.909059290817042e-05,0.9953207942177216,0.011971754303454055,3.3025941433822372,2.9394654700269136
2024-10-28,-0.0012660861763304377,-0.001271490599610529,5.4044232800914195e-06,0.9922363461967466,0.004776652286209205,3.2984127745912715,2.9357279673138947
2024-10-29,-1.1241116620168717e-05,-2.5316386909578265e-05,1.4075270289409547e-05,0.998003941383277,0.02149871412931659,3.298375696748611,2.935653645288813
2024-10-30,0.0003437381250091628,0.0003348434909887719,8.894634020390906e-06,0.995312072411979,0.028302325729624673,3.299509474226187,2.936636629803735
2024-10-31,-0.0037858585654224515,-0.0037868187491779722,9.601837555205792e-07,0.9953064574641397,0.002114304498202358,3.287017998021495,2.925516119154471
2024-11-01,-0.003151810745548133,-0.003154443949645827,2.6332040976941443e-06,0.9954097646013077,0.004038836291788014,3.2766579393745205,2.916287742532813
2024-11-02,-0.0002690991385959879,-0.00026948501397855483,3.858753825669162e-07,0.9955412734734373,0.0002426697593736005,3.2757761935455614,2.915501846689751
2024-11-03,-0.0006762865750065105,-0.0006927407637608934,1.6454188754382864e-05,0.9922742419657615,0.00984593662824044,3.2735608300831407,2.913482159713729
2024-11-04,-0.00434496369836264,-0.004346605146776509,1.6414484138691497e-06,0.9906956536925692,0.004875974229853183,3.2593373271120476,2.9008184031632758
2024-11-05,-0.003788016692485224,-0.0037912602466558384,3.243554170614265e-06,0.9914437334201445,0.003977804292317848,3.246990902910507,2.889820645668595
2024-11-06,0.02273926445836477,0.02272454272969647,1.4721728668297596e-05,0.9917387139211685,0.03221471520368816,3.320825087745694,2.95549049841225
2024-11-07,0.011952924820625632,0.011844494786026746,0.0001084300345988859,0.9906080403174724,0.3018993994287164,3.3605186603619654,2.9904967902108455
2024-11-08,0.003822873582036857,0.003682077538237226,0.00014079604379963132,0.9973247197178587,0.3787139974174578,3.3733654983706054,3.001508031270251
2024-11-09,0.0025655760193379227,0.002544112438477111,2.1463580860811745e-05,0.9847421619466182,0.012582557771240635,3.382020123997687,3.0091442051867947
2024-11-10,0.0037056740807213462,0.0036883552255476634,1.7318855173682647e-05,0.9832580024176573,0.009685872367509733,3.394552788311663,3.0202429979404215
2024-11-11,0.010479507652711273,0.010467580415161467,1.1927237549807066e-05,0.9958180634773593,0.018742383244781495,3.4301260302343075,3.0518576343946915
2024-11-12,0.008521875387008463,0.008516683145129458,5.192241879006436e-06,0.9954542523886577,0.0061301443813933055,3.459357136825698,3.077849338870876
2024-11-13,-0.004792685627845847,-0.004813261136611575,2.0575508765727222e-05,0.9999999999999999,0.02513933097408131,3.4427775255944475,3.0630348462637427
2024-11-14,0.0009770143458109409,0.0009613026652631129,1.5711680547827987e-05,1.0,0.019231073252972394,3.4461411686263888,3.0659793498252497
2024-11-15,-0.007601437004775653,-0.00760466847699551,3.2314722198569737e-06,0.9985701811339733,0.006708871039278055,3.4199455436235113,3.0426635933125143
2024-11-16,0.0052462724426795455,0.005246079831980459,1.9261069908610293e-07,0.9986646346423308,9.445350835754745e-05,3.4378875096844883,3.0586256494248922
2024-11-17,0.004957459845365248,0.004925742096583031,3.171774878221715e-05,0.9999999999999998,0.022390233328469088,3.4549306989666317,3.0736916505439535
2024-11-18,-0.001969635768989425,-0.0019772193457252983,7.5835767358734245e-06,0.9999999999999999,0.005980625702581793,3.448125743882567,3.067614287949704
2024-11-19,0.0002751685397552645,0.00018699922723701754,8.816931251824696e-05,0.9910321344089241,0.21242225283791208,3.449074559608404,3.0681879294510117
2024-11-20,0.003417473778078969,0.0032944116949698374,0.0001230620831091319,0.9989157188140128,0.2563331797738917,3.4608616814745052,3.0782958036481602
2024-11-21,0.0034753132773359383,0.0034690151550177996,6.2981223181388505e-06,0.9989768555493127,0.012000704579996191,3.472889260027157,3.0889744584426437
2024-11-22,0.010795776794471856,0.010790843999124491,4.932795347365365e-06,0.9999751365524795,0.01147505660060879,3.510381797310328,3.1223070999409783
2024-11-23,0.005498368400752624,0.005497474726955732,8.936737968920367e-07,0.9999999999999998,0.0006774512888297715,3.5296831696592363,3.1394719043126984
2024-11-24,0.0036847363200928273,0.0036660364374702568,1.869988262257067e-05,1.0,0.01087407131176822,3.5426891214329004,3.150981322708323
2024-11-25,0.0028908165635021157,0.0028831755145949747,7.641048907141148e-06,1.0000000000000002,0.006136246169838879,3.5529303858244776,3.160066154904902
2024-11-26,-0.0029380470290086757,-0.0029469384761341985,8.891447125522996e-06,0.9955130131835954,0.017781693136221816,3.542491709260131,3.150753634365883
2024-11-27,6.675144421140225e-05,-5.0039807875989135e-05,0.0001167912520873914,0.9999999999999999,0.2531861779098503,3.5427281756978313,3.1505959712593548
2024-11-28,0.004292262423149729,0.004289408536121517,2.853887028211551e-06,0.9987064393403123,0.001293560659687452,3.5579344947218132,3.164110164512345
2024-11-29,-0.0002283879515817486,-0.00022859350753184424,2.055559500956274e-07,0.9991647230208551,0.0004603493942100473,3.5571219053507015,3.1633868694716223
2024-11-30,0.0035892581306386953,0.003586977406581643,2.2807240570523356e-06,0.9980889956931845,0.001075727327670475,3.5698893340711546,3.1747338667006937
2024-12-01,0.00044897324704005977,0.0004239851309386005,2.4988116101459276e-05,0.9869434944032823,0.011610592756925083,3.571492118877046,3.1760799066548624
2024-12-02,0.006362314070338967,0.006360264054265414,2.050016073552885e-06,0.9876354282999987,0.002771751132015896,3.5942150734370824,3.1962806135186344
2024-12-03,0.0020927015019055143,0.002016040507828873,7.666099407664144e-05,0.9999999999999998,0.22952194394426434,3.6017366927194354,3.202724444709876
2024-12-04,-0.0008681583533447175,-0.0008754574917146015,7.299138369884059e-06,0.9999999999999997,0.021113593319898382,3.598609814923103,3.199920595600857
2024-12-05,-0.0009986223340686714,-0.0010825398493408214,8.391751527214996e-05,0.9999999999999998,0.21067545748145924,3.595016162790322,3.1964565540413927
2024-12-06,-0.0024510076598598792,-0.0024650485131437016,1.4040853283822288e-05,0.9997431435392845,0.009208112447724483,3.586204750638003,3.188577133565525
2024-12-07,0.0032031856096167905,0.0032013429490825454,1.842660534245139e-06,0.9999999999999999,0.001341938784248318,3.597692030088386,3.1987848624896706
2024-12-08,0.0006198849389251076,0.0006073531542741673,1.2531784650940362e-05,0.9997693360327135,0.005186252461099555,3.599922185192729,3.200727654565748
2024-12-09,0.0006559134447683395,0.0006482100739733603,7.703370794979172e-06,0.9978894124825191,0.015417927732968711,3.602283422554117,3.2028023984754825
2024-12-10,-0.013247525732927683,-0.013249012589582861,1.4868566551771678e-06,0.9981558070019155,0.0047144154033943175,3.5545620802165327,3.1603684291761347
2024-12-11,0.001134313659905686,0.001029589632721687,0.00010472402718399912,0.9999909834090823,0.2579192930816098,3.5585940685391053,3.1636223117463955
2024-12-12,0.001645674005136611,0.0016280502130220323,1.7623792114578564e-05,0.9967329608300057,0.016229766766479463,3.564450354292534,3.1687728477249553
2024-12-13,-0.002583951267159548,-0.002584897878280368,9.466111208200907e-07,0.9970619365075454,0.0025735667630776356,3.5552399882828323,3.1605818935141183
2024-12-14,0.0008344503944775963,0.0008332042898688531,1.2461046087432051e-06,0.9964607599823114,0.0006100275775905331,3.558206659693517,3.1632153039062763
2024-12-15,-0.001432648879831117,-0.001479139344906307,4.649046507519015e-05,0.9999999999999996,0.025125513908962917,3.5531089989082996,3.158536467693859
2024-12-16,0.001740000121033272,0.0017388456053388025,1.154515694469495e-06,0.9999999999999999,0.0031579609396674853,3.5592914089964443,3.164028674950011
2024-12-17,-0.0062079101544931445,-0.006283313566754971,7.54034122618259e-05,0.9956316760760061,0.25039548113698845,3.537195647715735,3.144148090651096
2024-12-18,0.0006766785211369511,0.0006720575810145799,4.620940122371259e-06,0.9971164634200357,0.004856852785527592,3.5395891920356033,3.1462611392112505
2024-12-19,-0.01683184565492697,-0.01683470628474627,2.860629819300681e-06,0.9956034875648376,0.005942478237965068,3.4800113730734124,3.0932947570375178
2024-12-20,-0.011849995457736578,-0.01185019970043771,2.042427011324839e-07,0.9957674568530736,0.0002609929924939358,3.4387732541096208,3.0566385964343064
2024-12-21,8.659594774469158e-05,-4.934534794774756e-05,0.00013594129569243914,0.9322054793311131,0.06356197752196029,3.4390710379386396,3.056487765539215
2024-12-22,-0.000903616628902414,-0.0009676349758440916,6.40183469416776e-05,0.9588987597158021,0.030461882179805524,3.435963436160782,3.0535302010740395
2024-12-23,0.004649173377737185,0.00443844047600348,0.00021073290173370497,0.4963310146523942,0.47054373832844343,3.451937825895059,3.0670831131131853
2024-12-24,0.0024635842903954347,0.0024561205127520374,7.463777643397206e-06,0.517920573412194,0.02158955875979949,3.460441965694356,3.074616238861618
2024-12-25,0.00019093085501753091,0.00019004236557242026,8.884894451106493e-07,0.5183132133767895,0.000392639964595608,3.461102670837604,3.075200546204879
2024-12-26,0.0029794178825811447,0.0028419351341358525,0.00013748274844529207,0.7344681044357239,0.21615489105893462,3.471414742028547,3.083940066681652
2024-12-27,-0.0035966862766704777,-0.003606749040786955,1.0062764116477294e-05,0.747422571830271,0.012954467394547028,3.458929152265261,3.0728170688043033
2024-12-28,2.4883613561606184e-07,-8.403980709152249e-05,8.428864322713856e-05,0.7034611771696375,0.044720537606827156,3.458930012971825,3.0725588298506135
2024-12-29,0.0001764511226787571,0.00016326023497366268,1.3190887705094412e-05,0.7036759519125649,0.0068041265050890745,3.459540345055881,3.0730604565271453
2024-12-30,-0.005815763063710395,-0.005862492301409977,4.6729237699581785e-05,0.8440625393293824,0.14038658741681773,3.439420478099689,3.0550446632589874
2024-12-31,0.00017157029362019536,0.00015518219110157843,1.6388102518616944e-05,0.8927749456772377,0.04871240634785494,3.4400105804809997,3.055518751783745
2025-01-01,4.890391438103011e-05,4.882867480610548e-05,7.523957492463152e-08,0.8928232362610791,4.829058384127815e-05,3.4401788104638973,3.0556679487152403
2025-01-02,0.0045707012713402965,0.004541532562823836,2.9168708516460636e-05,0.9898849430948241,0.09710774917430386,3.4559028401265226,3.0695453642055073
2025-01-03,-0.0022291141676141777,-0.0022338835511909053,4.769383576727827e-06,0.9899594199894163,0.0156223574018626,3.4481992381436983,3.0626883573067745
2025-01-04,0.003035003700799389,0.002920494840645868,0.00011450886015352089,1.0000000000000002,0.09975033313672711,3.458664535592558,3.0716329228527948
2025-01-05,6.793927250264713e-05,6.048044754785774e-05,7.458824954789392e-06,1.0,0.004031469341301009,3.458899514744937,3.071818696586672
2025-01-06,0.0025316193351198925,0.0025236060237063588,8.013311413533552e-06,0.99081588283487,0.014046669646437446,3.467656131634702,3.0795707567531116
2025-01-07,-0.00021207703421935044,-0.00023170639464750113,1.9629360428150685e-05,0.9798896936432564,0.014231475497215448,3.4669207214066127,3.078857200516002
2025-01-08,-0.008165202062957642,-0.008190494643542557,2.529258058491403e-05,0.991783875094804,0.07567143621798911,3.4386126131800725,3.0536398371069433
2025-01-09,0.00010929336644196061,1.9319938331589054e-05,8.997342811037156e-05,0.9408174226230538,0.05113207287549976,3.4389884307284566,3.0536988332402832
2025-01-10,-0.000988901556558501,-0.0010057737152976884,1.6872158739187367e-05,0.9909657129175103,0.051707905212259826,3.4355876097163227,3.050627503219375
2025-01-11,0.0001711805388388198,0.0001694440390209188,1.7364998179010123e-06,0.9918519153518636,0.0008862024343532383,3.4361757154545822,3.051144413865069
2025-01-12,0.00033042738516997686,0.00031783433884010595,1.2593046329870917e-05,0.9911516189707698,0.006021831963592985,3.437311122011225,3.0521141723325558
2025-01-13,-0.007834101143571921,-0.007911207673939439,7.710653036751788e-05,0.9900812190562533,0.2688807246014586,3.410382879019464,3.027968263270659
2025-01-14,0.00713863588927395,0.007135795455772309,2.8404335016413456e-06,0.9896085217983164,0.010516093807333276,3.434728360635798,3.0495752254439283
2025-01-15,0.007090299435624394,0.00708489556917445,5.403866449943764e-06,0.9875431987810782,0.017422898290155975,3.459081613192737,3.07118114744654
2025-01-16,0.006111661703284013,0.0060233325777386375,8.83291255453755e-05,0.9894840526895798,0.08407272599994738,3.4802223498166205,3.0896798929040914
2025-01-17,0.007060060197487127,0.007042675410429731,1.7384787057396316e-05,0.9914159667990766,0.024144959534714093,3.5047929291069657,3.1114395055119464
2025-01-18,0.0024409211350460013,0.0024406410628905906,2.8007215541046626e-07,0.991485104462345,0.00014092945098009022,3.5133478522415826,3.1190334125337986
2025-01-19,-0.0008431438115070855,-0.0008600142754549056,1.6870463947820103e-05,0.9930747267684213,0.007546535700442112,3.5103855947422935,3.116350999273399
2025-01-20,-0.0032739351890664127,-0.00327477911732002,8.439282536069531e-07,0.9926240607389746,0.0004506660294463381,3.498892819816475,3.106145638098739
2025-01-21,0.0019208354749263713,0.0019131732324130023,7.662242513369028e-06,0.993657024233795,0.020705272216652203,3.505613617267743,3.1120882327895254
2025-01-22,0.008074703414031315,0.008065308103555241,9.395310476074972e-06,0.992426293964468,0.02100322382218453,3.5339204075113697,3.1371881832324218
2025-01-23,-0.002117539916502286,-0.0021334385111175147,1.5898594615229016e-05,0.9952597094951583,0.04488144350402759,3.5264371899867224,3.130495185145691
2025-01-24,0.003417338289771814,0.003407441032310828,9.897257460985959e-06,0.997579601280199,0.016153020988890557,3.5384882188225393,3.141162162891008
2025-01-25,-0.00016824520290425045,-0.00017053560338541475,2.290400481164289e-06,0.9987698152593388,0.0011902139791397904,3.5378928851541893,3.1406264829062276
2025-01-26,0.00042276547805179267,0.000404376670524321,1.8388807527471684e-05,0.9935147745391978,0.009238019746294054,3.5393885841310775,3.141896478986746
2025-01-27,-0.006802902260316545,-0.006808129088797107,5.2268284805621695e-06,0.9923646038865442,0.010705977708856531,3.5153104695319537,3.120506042174167
2025-01-28,0.007567433257485464,0.007532585700397785,3.4847557087678356e-05,0.9979102946920115,0.10082464316332766,3.541912346889477,3.1440115213654534
2025-01-29,-0.0025330376386291,-0.002544448681733509,1.1411043104409114e-05,0.9960932725309676,0.02288484735630216,3.5329405496020807,3.13601174539456
2025-01-30,0.0030786148989084615,0.003073019655097637,5.595243810824606e-06,0.9981774782059433,0.007408124705526611,3.5438171130150433,3.145648771126775
2025-01-31,0.0076947381669778625,0.007692633275022585,2.1048919552772043e-06,0.9974705101319864,0.003496866903840769,3.5710858578113496,3.169847093535079
2025-02-01,-0.00026029366081431964,-0.0002603503302817265,5.6669467406875336e-08,0.9974377658219987,3.274430998776324e-05,3.5701563268003373,3.1690218227973346
2025-02-02,-0.003259568585796973,-0.003267582336552032,8.013750755059307e-06,0.9995070767504127,0.004166231811531153,3.5585191573911144,3.1586667830650144
2025-02-03,-0.008029000103547419,-0.00812813244256304,9.913233901562188e-05,0.9488079237077554,0.05897683342817842,3.5299478067079453,3.1329927211103374
2025-02-04,0.003250591181821824,0.003240925393587768,9.665788234056161e-06,0.948304699717175,0.027004419040915065,3.541422223920722,3.1431465167781094
2025-02-05,-0.0013650863438688413,-0.0014663540109423336,0.00010126766707349238,0.9967667562212208,0.07468314651069943,3.536587876804974,3.1385375512762526
2025-02-06,0.0034711043718187447,0.003358982447262889,0.00011212192455585579,0.997668573794394,0.10488765539841462,3.548863742445473,3.149079843821065
2025-02-07,-0.0003215308949364218,-0.0003218793151724303,3.4842023600854434e-07,0.9972879814481415,0.0007157756155043313,3.547722673110357,3.1480662201575123
2025-02-08,7.579350359884586e-05,7.56343448114736e-05,1.5915878737226116e-07,0.9973716135110178,8.363206287595546e-05,3.5479915674415494,3.1483043220834968
2025-02-09,9.264961159156567e-05,7.626067019271452e-05,1.6388941398851146e-05,0.9973641094172634,0.009527555680429668,3.5483202874822033,3.1485444138810696
2025-02-10,0.0014968545734459532,0.001495412297743456,1.442275702497262e-06,0.9987817835260612,0.002282412683021809,3.553631606932572,3.153252785917579
2025-02-11,-4.3896995726612465e-05,-4.521893244967567e-05,1.3219367230632104e-06,0.9988409319724552,0.004466656030654439,3.5534756131811087,3.153110199192856
2025-02-12,-0.0017849302355442177,-0.0017983712400676604,1.344100452344278e-05,0.9985564184620652,0.038164925968821664,3.5471329071178723,3.1474397364938635
2025-02-13,0.004401978892129617,0.004399250204489118,2.728687640498425e-06,0.9985445521229371,0.009570137434766708,3.5627473113025836,3.1612861113982516
2025-02-14,0.0005527042775087286,0.0005522200224472444,4.842550614841443e-07,0.9980732611291041,0.0010362194389976539,3.564716456981223,3.1630318368856503
2025-02-15,6.021455558760027e-05,6.0121133505714455e-05,9.342208188581682e-08,0.9981322943706342,5.903324152996053e-05,3.564931104798476,3.163222001944998
2025-02-16,0.00019083786166238583,0.00017292718344332096,1.7910678219064863e-05,0.9982282674252254,0.009967398338744719,3.5656114286274896,3.163769009016401
2025-02-17,-0.00014654519212781687,-0.00014665528609127368,1.1009396345680733e-07,0.9981652607113002,6.300671392505319e-05,3.565088905415628,3.163305025567257
2025-02-18,-0.0019383365752463915,-0.0019401034468611066,1.766871614715078e-06,0.9992561910947322,0.006086252425911626,3.5581785631962557,3.157167886583681
2025-02-19,0.002809046458833477,0.0028046907536079142,4.355705225562447e-06,0.9992902169489162,0.014072776362273243,3.5681736520890994,3.16602276616277
2025-02-20,0.000934487802120395,0.0009206521363119307,1.3835665808464238e-05,0.9988957317736039,0.04343276158132452,3.5715080668428243,3.1689375717860497
2025-02-21,0.000502626835127688,0.00035954546719642766,0.00014308136793126034,0.9996374786088223,0.4857052027736136,3.573303202639094,3.1700769489258143
2025-02-22,-0.0025631854276871816,-0.0027279171770681677,0.00016473174938098624,1.0,0.1573576170530755,3.5641441639413816,3.1614292415642113
2025-02-23,5.718202907844759e-05,-0.00010638735895767779,0.00016356938803612539,0.9994750677162709,0.16212561452952481,3.564347968936604,3.16109290545667
2025-02-24,-0.003230726868015959,-0.003260411680980465,2.968481296450592e-05,0.9134121897399103,0.08635206440245095,3.552832534186402,3.1507864412230546
2025-02-25,-0.0005259505522387155,-0.0005563219365349793,3.0371384296263744e-05,0.9999999999999997,0.08658781026008917,3.5509639199530354,3.1490335896084654
2025-02-26,-0.0015143864213160464,-0.001514925868159289,5.394468432424212e-07,0.9985758642182241,0.0014839082958709418,3.5455863884100753,3.144263037163865
2025-02-27,-0.0035503235523603265,-0.0035508384300213082,5.148776609816154e-07,0.998461022566493,0.0011721115782504965,3.532998409548375,3.1330982671374077
2025-02-28,-0.006420654605011523,-0.0064308193024329606,1.0164697421437031e-05,0.9981307754169553,0.0296439426526319,3.51031424704061,3.1129498783246814
2025-03-01,-7.117687000382919e-06,-7.2565403821917175e-06,1.3885338180879832e-07,0.9982147687560738,8.399333911869415e-05,3.5102892617225265,3.112927289078182
2025-03-02,-0.00019859366568755318,-0.00021886228849583614,2.0268622808282953e-05,0.9954840730591447,0.011656675640357014,3.5095921405104176,3.112245986687773
2025-03-03,0.012753230946604058,0.01275258713202772,6.438145763383287e-07,0.9946283455600056,0.0017410209464760558,3.5543507796067333,3.1519351748093123
2025-03-04,-0.0149290335248447,-0.015252903437829644,0.00032386991298494336,1.0,0.6987453633009486,3.5012877576589267,3.1038590119456475
2025-03-05,-0.005846644523501473,-0.006406863412099557,0.0005602188885980847,0.9986988722737903,1.2999268929520242,3.4808169727654072,3.0839730112056976
2025-03-06,0.0003804733392057033,0.00013884287520641187,0.0002416304639992914,0.33063564451211763,0.6680632277616726,3.482141330822199,3.0844011988856326
2025-03-07,-0.0007008253125724928,-0.000719173101280268,1.83477887077751e-05,0.36853092261023507,0.037895278098117394,3.4797009580356035,3.0821829805098377
2025-03-08,0.00014090355335710623,0.00013891012166399787,1.9934316931083464e-06,0.36948454170303124,0.0009536190927961832,3.4801912602652108,3.082611126922651
2025-03-09,2.2961276961639155e-05,-3.6031785398203594e-05,5.899306235984275e-05,0.3693997200879601,0.022930745784188626,3.480271169900617,3.0825000549400596
2025-03-10,-0.002308145072097831,-0.0023241829735999777,1.6037901502146793e-05,0.4032339200701574,0.03383419998219729,3.4722381991502465,3.0753357607962473
2025-03-11,-0.0026244818933096655,-0.0026956218704744066,7.113997716474114e-05,0.6470260757352534,0.2441208006368984,3.4631253728673186,3.0670458184603926
2025-03-12,-0.00023035491616105896,-0.0002865595482627461,5.6204632101687154e-05,0.7938812518023117,0.14685517606705825,3.462327624912396,3.0661669271961536
2025-03-13,0.0036162154097919316,0.0034886577482386516,0.00012755766155327975,0.5780140838652932,0.3815941790256303,3.4748481474233524,3.07686373420411
2025-03-14,0.006694520345443438,0.006588893899444661,0.0001056264459987769,0.8926515169066003,0.35268287122059266,3.498110589043604,3.09713686289183
2025-03-15,0.0003346852839038914,0.0003289116928256715,5.773591078219897e-06,0.8945027185116645,0.0018512016050643218,3.4992813551792255,3.098155547420316
2025-03-16,0.00010723121551686563,9.998698631702735e-05,7.244229199838281e-06,0.8968334756991612,0.00233075718749666,3.499656587372377,3.0984653226566437
2025-03-17,0.0043057200086472035,0.004285394737026551,2.0325271620652205e-05,0.9444509429975442,0.04871922107036154,3.5147251287640198,3.1117434696432156
2025-03-18,0.006276090375911002,0.006149754681495586,0.000126335694415416,0.6447484668065513,0.4115431287693441,3.5367838613186278,3.130879928613267
2025-03-19,7.869342558068204e-05,6.683645185460073e-05,1.1856973726081307e-05,0.636659961340486,0.01718272366070981,3.5370621829562134,3.1310891855188783
2025-03-20,0.005543925476861864,0.005431066475569826,0.00011285900129203833,0.9479143654932696,0.3708037753294717,3.556671392105549,3.148094339026369
2025-03-21,-0.004016846195047906,-0.004054933314534068,3.808711948616188e-05,0.9488406245944109,0.015108595283743522,3.542384790157134,3.1353290264137548
2025-03-22,-0.00035010134564361487,-0.0003516303346209423,1.5289889773274238e-06,0.9493722656782898,0.0005316410838791001,3.5411445964753128,3.1342265496190502
2025-03-23,-0.00012849828746633253,-0.0001691268979160656,4.062861044973307e-05,0.9505283509437552,0.021031862278088634,3.540689565458995,3.133696467605347
2025-03-24,0.0021210713684360174,0.002115298570096682,5.772798339335384e-06,0.954481301329866,0.012590490474266745,3.5481996207208106,3.14032517126239
2025-03-25,0.0042518255725657525,0.004145562919420595,0.00010626265314515677,0.6268929162302644,0.33959155391794743,3.563285946604759,3.1533435868472988
2025-03-26,0.002475031640168288,0.0019498800781951396,0.0005251515619731485,0.9947861877317479,0.3678932715014832,3.572105192065573,3.159492228686997
2025-03-27,-0.00892133902549057,-0.008946907129556916,2.5568104066346377e-05,0.9952437945763369,0.01765156983704099,3.540237230612441,3.1312245451403777
2025-03-28,0.004301354866232132,0.004299692739990401,1.662126241731312e-06,0.9954773927129931,0.0016885908422786184,3.5554650472519516,3.144687848584397
2025-03-29,-0.015691648792077507,-0.015692774077491787,1.1252854142791627e-06,0.9960985346459748,0.0006211419329816351,3.4996739384379665,3.0953389726323284
2025-03-30,-0.000906623799661088,-0.0013640308297013764,0.0004574070300402885,0.7369335538888203,0.25916498075715444,3.496501050754325,3.0911168348452818
2025-03-31,-0.006697519610100476,-0.006700143056033033,2.6234459325568923e-06,0.7341214666072303,0.0028120872815899966,3.473083166400161,3.070405909848906
2025-04-01,0.009154185398245267,0.009054580899176892,9.960449906837475e-05,0.9935711993729196,0.25968676588147166,3.504876413608913,3.0982071485529437
2025-04-02,-0.004687399600135883,-0.004698418543949312,1.1018943813429182e-05,0.9928704212468508,0.02739439845057335,3.488447657309237,3.083650474633186
2025-04-03,-0.011180436873551485,-0.011422424671788335,0.00024198779823685114,0.9934934839734635,0.6432942299969487,3.4494452884900024,3.048427709372564
2025-04-04,-0.009670241769455825,-0.009713369075817905,4.312730636208003e-05,0.9931750710067726,0.02347176880892149,3.416088318579794,3.0188172059304783
2025-04-05,-0.0009689664365491827,-0.0009715260183246519,2.559581775469177e-06,0.9945340365197823,0.0013589655130097217,3.4127782436548024,3.015884346470351
2025-04-06,-0.0005513818531690856,-0.0005867056374451404,3.5323784276054765e-05,0.9940759487349178,0.024325479731704333,3.410896499662361,3.014114910122394
2025-04-07,-0.03717493160992295,-0.03718477149017833,9.839880255381373e-06,0.9914387817718133,0.020215152461914777,3.284096655558887,2.9020357359443536
2025-04-08,0.02177018377836415,0.021729961843334606,4.022193502954169e-05,0.9912292353007901,0.06942740220676538,3.355592043296315,2.965096861754418
2025-04-09,-0.012208786447255775,-0.012507655264054564,0.00029886881679878945,0.4077608775868319,0.5834683577139583,3.3146243366355996,2.9280104523830635
2025-04-10,0.02387534886176556,0.023861532441448296,1.3816420317262347e-05,0.3910504619878281,0.017931260900758174,3.393762149018473,2.997877268781502
2025-04-11,-0.0007763421634133347,-0.0007917629413075402,1.5420777894205507e-05,0.41141787022094684,0.020367408233118764,3.3911274283695936,2.9955036606574925
2025-04-12,0.0003035900015957046,0.000299651023885985,3.938977709719571e-06,0.40938155248294,0.002036317738006801,3.3921569407509837,2.9964012663964628
2025-04-13,0.0012699000101134641,0.0012494425224551747,2.0457487658289436e-05,0.41032844368113913,0.009640696652388304,3.39646464088435,3.000145097553037
2025-04-14,-8.703849356878844e-06,-0.00044978482560825505,0.00044108097625137623,0.5520748031937658,0.2683076235676464,3.3964350785677695,2.998795677813535
2025-04-15,-0.0014048942471163654,-0.0018119389593005864,0.000407044712184221,0.37070446847388633,0.22613840347635777,3.3916634464651856,2.9933620430939225
2025-04-16,-0.0008405171201401993,-0.0009029968635094831,6.247974336928386e-05,0.4490298701982031,0.0783254017243167,3.388812695272678,2.9906590465576603
2025-04-17,-0.002365809931457469,-0.002388770455486706,2.2960524029237257e-05,0.476406026430486,0.027376156232282983,3.3807954085423524,2.983515048584809
2025-04-18,0.0005036062016383589,0.0005008221807231767,2.7840209151821723e-06,0.4777419091104046,0.0013358826799185581,3.382497998076565,2.985009259097662
2025-04-19,-0.00019128923027075389,-0.0001941251389891956,2.8359087184417123e-06,0.4791018678274468,0.0013599587170423201,3.3818509626381204,2.984429793760355
2025-04-20,0.0008476390736887151,0.0007878657617437565,5.977331194495862e-05,0.4794380735581794,0.029545987056804127,3.384717551655444,2.986781123813187
2025-04-21,-0.00018280260110255508,-0.0007222257834122442,0.0005394231823096892,0.78158013734772,0.30222120151693155,3.384098816483004,2.98462399347616
2025-04-22,0.0019800724576861015,0.0019578913733940104,2.218108429209116e-05,0.8086147207263004,0.02747908341159741,3.3907995773436106,2.9904675630458115
2025-04-23,0.02768426628524925,0.02766112134564413,2.314493960511733e-05,0.8247313150154849,0.018955785766676447,3.4846713757627015,3.0731872491874346
2025-04-24,0.004659460340959493,0.004658078782878755,1.3815580807375586e-06,0.8236414221607896,0.0010898928546951132,3.500908063839345,3.087502397508688
2025-04-25,0.005197472754615721,0.0050696376534394025,0.00012783510117631884,0.7257376730077941,0.09790374915299568,3.5191039381175644,3.103154915918182
2025-04-26,-0.0003982551390707376,-0.00040357663736684176,5.321498296104157e-06,0.7285221021458758,0.002784429138081612,3.517702436889285,3.101902555091988
2025-04-27,0.0010460137819321253,0.0010009144952011612,4.5099286730964136e-05,0.7073156892793712,0.021206412866504563,3.5213820021190076,3.105007294322081
2025-04-28,0.0030925672919719896,0.003088284703790177,4.28258818181266e-06,0.7130079416377613,0.005784081092820585,3.5322721129212997,3.1145964408542923
2025-04-29,0.0023355857584710055,0.0022412429292284304,9.434282924257487e-05,0.7651701084469219,0.05770004645551291,3.5405220373632833,3.121577008104757
2025-04-30,-0.00800460172753138,-0.008107311098604608,0.0001027093710732278,0.9202937819777822,0.15512367353085993,3.512181568546642,3.0962694121818
2025-05-01,-0.001893466412658035,-0.0019583070411887393,6.484062853070446e-05,0.9959848417655419,0.07569105978775956,3.5055313707114424,3.0902059659905072
2025-05-02,0.013719563979993247,0.013718464463403822,1.0995165894257816e-06,0.995211934369079,0.000877618855913622,3.5536257326357914,3.1325988467195467
2025-05-03,-0.0012119232514845653,-0.0012153867418247045,3.4634903401390545e-06,0.9975366051468706,0.002324670777791575,3.549319010983336,3.1287915276137883
2025-05-04,-0.0047298334218986585,-0.004803791243295957,7.395782139729874e-05,1.0000000000000002,0.05019989666046809,3.5325313233002067,3.1137614662713387
2025-05-05,-0.0059948905817170115,-0.006091894869734558,9.700428801754644e-05,0.9999999999999998,0.09543884683904619,3.5113541845405343,3.094792758769383
2025-05-06,0.002557456263458278,0.0025439702174663904,1.3486045991887503e-05,1.0000000000000002,0.02273663460369245,3.5203343192930077,3.1026658193769228
2025-05-07,0.008454042121079171,0.008407325164173975,4.671695690519703e-05,0.9950918692768198,0.04999786131944799,3.5500953739085914,3.128750939796193
2025-05-08,0.0025817344426673785,0.0025770514872682374,4.682955399140982e-06,0.995337655079601,0.006383967265727564,3.559260777410165,3.136813892058887
2025-05-09,0.043224755012225245,0.043216979447462514,7.775564762731728e-06,0.9961418362353586,0.007409614023258902,3.7131089525383425,3.272377513562511
2025-05-10,0.015949475834842696,0.015948432258242187,1.0435766005102515e-06,0.9967529046640399,0.0006110684286812218,3.7723310940489907,3.3245668046609573
2025-05-11,0.0214587662872508,0.021219079619510032,0.00023968666774076952,0.9025347609233634,0.1345611392592067,3.853280665354317,3.395111052389438
2025-05-12,-0.0016653782686392874,-0.0016881710717532108,2.2792803113923466e-05,0.8896400982112441,0.012894662712119108,3.8468634954712675,3.3893795241254048
2025-05-13,0.0004451746741847365,0.00038253173489718095,6.264293928755557e-05,0.8878824420902759,0.054044593760167285,3.848576021674497,3.3906760693549933
2025-05-14,0.009577785807738218,0.009559969623373707,1.7816184364511833e-05,0.8583506157881979,0.02969035039187619,3.8854368584748924,3.423090829580727
2025-05-15,-0.01574528214924183,-0.01584852513390582,0.00010324298466399026,0.974015807069392,0.11566519128119407,3.8242595588651414,3.3688398885324746
2025-05-16,-0.004499559807545313,-0.004504934394531931,5.374586986617972e-06,0.9683003261747539,0.005715480894638002,3.807052074260451,3.3536634858489536
2025-05-17,-0.0005463913218224203,-0.0005871706876597909,4.077936583737063e-05,0.9459190172464178,0.02238130892833598,3.8049719340453487,3.351694312953788
2025-05-18,-0.005657244619499627,-0.005703589287503571,4.634466800394439e-05,0.9398493301292167,0.021728889583909828,3.7834462770441233,3.332577625175438
2025-05-19,0.010832455651296594,0.010807071002007599,2.538464928899639e-05,0.8950390707248106,0.044810259404405875,3.8244302910492673,3.368593028190411
2025-05-20,8.689261054824806e-05,7.396091613811366e-05,1.2931694410134395e-05,0.8847590100841843,0.010280060640626445,3.824762605781116,3.3688421724168727
2025-05-21,0.0008536173861754842,0.0008375336349557353,1.608375121974882e-05,0.8665341159173008,0.018224894166883665,3.8280274896394046,3.371663691047129
2025-05-22,0.0012868184738212515,0.0012716170705326243,1.5201403288627218e-05,0.8851957738044874,0.018661657887186642,3.8329534661313684,3.3759511561527598
2025-05-23,-0.001888478758506277,-0.0026261648641740343,0.0007376861056677573,0.9987333352314269,1.1312575268677802,3.825715014928236,3.3670853518433037
2025-05-24,-0.005418589026364201,-0.005419349756250699,7.607298864971675e-07,0.998339248150217,0.000412862314144146,3.8049850375303493,3.3488379386625162
2025-05-25,0.0009329236738995942,0.0006202890168182172,0.0003126346570813771,1.0,0.26756109225677527,3.8085347981506947,3.3509151860549733
2025-05-26,0.0011615687644099602,0.0011258927594570323,3.5676004952927895e-05,0.9999999999999997,0.031403771984766876,3.812958673210395,3.3546879572005075
2025-05-27,0.007713191389777389,0.007707402215661427,5.789174115962032e-06,1.0,0.005083600113998629,3.8423687532181785,3.3805438865946873
2025-05-28,0.007635317150492793,0.007184260524530284,0.00045105662596250885,0.8745705538022502,0.9243605027721729,3.871706457258143,3.4048305945905915
2025-05-29,-0.0034518579943280526,-0.004123128051046029,0.0006712700567179754,0.9995506136564701,1.1081026388395487,3.858341876371965,3.3907920420569755
2025-05-30,-0.003363508562234725,-0.0033706193551341765,7.11079289945186e-06,0.9999999999999998,0.006559789837101022,3.845364310434759,3.3793629727707835
2025-05-31,-0.005238918501500328,-0.005239433102404972,5.146009046437027e-07,0.9999999999999999,0.0005027309561839878,3.825218760203813,3.3616570265462067
2025-06-01,0.00041797625780710983,0.00039604081456302116,2.1935443244088672e-05,0.9979372679924827,0.0142516698568802,3.8268176108264966,3.362988379933282
2025-06-02,0.002358330025060945,0.0023521209132667696,6.209111794175475e-06,0.9931662994619661,0.0052508469793090835,3.8358425096985407,3.3708985352327963
2025-06-03,0.003606244310069449,0.0036051896993567175,1.0546107127316386e-06,0.9945117650708416,0.00260251866596738,3.849675494923464,3.383051263909594
2025-06-04,0.0065145977556859,0.006506878075241393,7.719680444507175e-06,0.9975001703463615,0.015700036538484178,3.8747545822628116,3.405064366006145
2025-06-05,-0.0018139824552581532,-0.0018185907936592177,4.60833840106456e-06,0.9984674262948603,0.006786713771480538,3.867725845432156,3.398871947298309
2025-06-06,-0.0049226490843254245,-0.004926786278993512,4.13719466808792e-06,0.9999999999999998,0.005258086572469414,3.8486863883407176,3.3821264316243034
2025-06-07,6.937874652948446e-05,-5.931355129792798e-05,0.00012869229782741244,0.9204312297842979,0.08039065550915206,3.848953405378126,3.381925825694705
2025-06-08,0.0011969711985865585,0.0011001072155340658,9.68639830524926e-05,0.9831162895430287,0.06394798069684562,3.853560491749066,3.3856463066979527
2025-06-09,0.0006300032072342206,0.0005995260864994231,3.0477120734797434e-05,0.9999999999999999,0.03725916825785881,3.8559882472181384,3.387676089978479
2025-06-10,0.006213625026838,0.006206807131803848,6.817895034151838e-06,0.989246961417156,0.010753038582843513,3.8799479122942464,3.408702742093998
2025-06-11,0.006747219544542031,0.006708227830873454,3.899171366857653e-05,0.9986740133160029,0.07314472089941085,3.9061267726798827,3.4315690966956875
2025-06-12,-0.004752100407920181,-0.004754778050341799,2.677642421617715e-06,0.9999999999999999,0.003647611542413501,3.887564466050043,3.415252747276488
2025-06-13,-0.0024578151682499282,-0.0024681358360204068,1.0320667770478583e-05,0.9999999999999997,0.012012800143783645,3.8780095511378354,3.4068234395818675
2025-06-14,-0.0007989575834522981,-0.0008014177910832849,2.4602076309868583e-06,1.0000000000000004,0.002630705160579128,3.8749111859982537,3.404093150666307
2025-06-15,-0.0008381645917957139,-0.0008512877970512458,1.3123205255531997e-05,0.9993377823123368,0.009682232231850819,3.8716633726457967,3.401195287707119
2025-06-16,0.00012047345660738856,4.0354923876396684e-05,8.011853273099187e-05,0.9470606263872953,0.054393088830971624,3.8721298053151196,3.401332542684043
2025-06-17,-0.003480954059640595,-0.0035580996612892576,7.714560164866258e-05,0.9962736470637082,0.05346814095121089,3.858651099349853,3.3892302625159867
2025-06-18,-0.005800534010213821,-0.005808641357257442,8.107347043621227e-06,0.9974839779343431,0.006353850853588581,3.836268862414525,3.3695434394438677
2025-06-19,2.025808793432058e-05,-5.468787972606633e-05,7.49459676603869e-05,0.9500240001524511,0.048083668128172156,3.8363465778864794,3.3693591662575195
2025-06-20,-0.0023832845283140256,-0.0024000385400252994,1.6754011711273643e-05,0.9966904428830444,0.04666644273059353,3.827203472442152,3.361272574403314
2025-06-21,-0.0002498524420474225,-0.0002499471817624427,9.473971502019227e-08,0.9967502728559011,5.982997285649237e-05,3.8262472363083497,3.3604324337962064
2025-06-22,-7.172695302077055e-05,-7.922358854317508e-05,7.496635522404528e-06,0.9966400294898994,0.004954426615923166,3.825972791252585,3.360166208279744
2025-06-23,-0.0009259450557969175,-0.0009277845109364172,1.8394551394996697e-06,0.9947294921120597,0.0053409596436748445,3.8224301506629113,3.3570486981175303
2025-06-24,0.010337306267454011,0.010335621761461827,1.6845059921841366e-06,0.9940801297400649,0.004630610703934098,3.8619437818162643,3.391745883696081
2025-06-25,0.003972096416827347,0.0038599057729596688,0.00011219064386767887,0.9938432160489096,0.14048167441576273,3.877283794874005,3.4048377032129715
2025-06-26,-0.0017798506617980072,-0.001792563137832294,1.2712476034286804e-05,0.9966214865478938,0.011331451201460147,3.87038280874572,3.3987343166558905
2025-06-27,0.0014257330112187477,0.0013680132441156489,5.771976710309876e-05,0.9976872275732696,0.14668964108748253,3.8759009412822025,3.403383830214306
2025-06-28,0.0006691608723108207,0.000660590214495593,8.570657815227734e-06,0.9999999999999997,0.007472463455341357,3.8784945425370614,3.4056320722687183
2025-06-29,0.0009406486864132411,0.000928724898540814,1.1923787872427087e-05,0.9999999999999996,0.008690114070372927,3.8821428433337597,3.4087949675695035
2025-06-30,0.007484093454674138,0.007432776059944214,5.1317394729923745e-05,0.9976008743252537,0.14487982097655328,3.9111971631776634,3.4341317771977122
2025-07-01,0.0012183307206090213,0.0012180036802375343,3.2704037148703274e-07,0.9973360839257166,0.00026479039953654674,3.915962294835922,3.43831456234076
2025-07-02,0.0075335985621831775,0.007530883791709976,2.7147704732021764e-06,0.9999999999999999,0.0026639160742834385,3.9454635827498614,3.4642081097490927
2025-07-03,0.0026312652138899394,0.002495587036849497,0.00013567817704044253,1.0,0.1837942132586896,3.955845143827821,3.4728533426007315
2025-07-04,0.0005156010955259017,0.0004102833389802868,0.00010531775654561489,0.9999999999999999,0.10974478595208072,3.957884781917709,3.4742781964659226
2025-07-05,-0.0017086593316371851,-0.001709100674565188,4.413429280029448e-07,1.0,0.000453075062923363,3.9511221051515406,3.4683403052567154
2025-07-06,0.00022458730853144317,0.00021982260101538513,4.764707516058043e-06,1.0000000000000002,0.003751896425526361,3.952009477030815,3.469102724843824
2025-07-07,0.0008744110487041812,0.0008667525503814063,7.658498322774862e-06,0.998661487836176,0.014677585178863018,3.9554651577821147,3.4721095784781175
2025-07-08,-0.005867308158873831,-0.005868339457601368,1.031298727537171e-06,0.9978414625576963,0.0010388061564379917,3.9322572247897187,3.451734060837619
2025-07-09,0.003188722408109983,0.0031703342705443685,1.8388137565614594e-05,0.9998012075009536,0.05164148287082462,3.9447961015168582,3.462677211623498
2025-07-10,0.0020900696744745426,0.002007528730646536,8.254094382800661e-05,0.9981386785686172,0.17371944464866626,3.953041000220624,3.469628635610787
2025-07-11,0.003558083789418912,0.0035542291503478417,3.854639071070127e-06,0.9990459250160972,0.0034227790112234943,3.9671062513224173,3.4819604908483566
2025-07-12,0.0014118706729059182,0.0014061507640584774,5.7199088474408735e-06,0.9956373930379033,0.0036551646634664153,3.972707292294961,3.486856652252984
2025-07-13,-0.0004924190283215065,-0.0005193731667370508,2.6954138415544305e-05,0.9920705214344787,0.017589103509751722,3.970751055630283,3.4850456724715455
2025-07-14,0.0007248621613551419,0.0006495506943223836,7.531146703275829e-05,0.9957518650771432,0.19547832742244786,3.9736293028226704,3.487309386307845
2025-07-15,0.003120870920337245,0.003114000529962013,6.8703903752323215e-06,0.9999999999999997,0.020547666428438888,3.9860304869620493,3.4981688695849487
2025-07-16,-0.006148460211028111,-0.0061513184132985016,2.8582022703902586e-06,0.9999999999999997,0.006955761285380432,3.961522537113018,3.476650519004643
2025-07-17,0.0027307513097042176,0.002728071675185811,2.679634518406787e-06,0.9999999999999998,0.0034017167844943874,3.972340469969662,3.48613507081006
2025-07-18,0.011050343527259294,0.01104138693147556,8.956595783734673e-06,0.998280536227628,0.015127025653513431,4.016236196770062,3.524626837022261
2025-07-19,0.00023311144987577572,0.0002314994743125354,1.6119755632403225e-06,0.9992745174474056,0.0009939812197776068,4.017172427412934,3.525442786282179
2025-07-20,0.0017765926294280253,0.001763065903299511,1.3526726128514244e-05,0.9993824287575487,0.007126016816330826,4.024309306338617,3.531658374252706
2025-07-21,0.0019220853347637183,0.0019076419532819463,1.4443381481771911e-05,0.9996014498326992,0.03551562036562369,4.032044372238884,3.53839551393209
2025-07-22,0.0016017775023276478,0.0015969384595638002,4.839042763847586e-06,0.9990443551093916,0.010234267631976098,4.038502810202723,3.5440461138134363
2025-07-23,0.00907109645605558,0.009067583532432297,3.5129236232819786e-06,1.0,0.010468777488545251,4.075136458732124,3.576182047993232
2025-07-24,-0.004987303691906029,-0.004990276224693007,2.9725327869781334e-06,0.9999999999999996,0.0049603807078434274,4.054812515626469,3.5583359117439572
2025-07-25,-0.0013267414626281678,-0.0013452540603450906,1.8512597716922826e-05,0.9999999999999999,0.02332871826067235,4.049432827738803,3.5535490459106116
2025-07-26,0.0009106541063251763,0.0009013808712609361,9.273235064240207e-06,0.9946601133650841,0.00533988663491564,4.053120460371671,3.556752147045683
2025-07-27,0.0005358622661611981,0.0004979554367065533,3.790682945464477e-05,0.9999999999999994,0.025530744540657898,4.05529237468659,3.5585232511143223
2025-07-28,0.0035688970437584813,0.0035566866199453896,1.221042381309157e-05,0.9999999999999997,0.01599633607298675,4.069765295654185,3.5711798031483255
2025-07-29,-0.004546059026683781,-0.004619648991212654,7.35899645288734e-05,0.9931446529707864,0.22501920023406002,4.051263902395392,3.5546822059732723
2025-07-30,-0.001491646687074228,-0.001497581573146242,5.9348860720140345e-06,0.9995560351573194,0.009871553095520593,4.04522084801692,3.549358779403216
2025-07-31,-0.006362077603595039,-0.006451820768309844,8.974316471480499e-05,0.998473992998963,0.23117752436015926,4.019484839058156,3.5264589527160792
2025-08-01,-0.012002109259897677,-0.01210471955108948,0.00010261029119180318,0.9981193845775654,0.22974087378040536,3.9712425428512774,3.4837721560850223
2025-08-02,-0.0005502314906042806,-0.0006910370667982525,0.00014080557619397196,0.9111906254820865,0.08782663511448185,3.969057440147373,3.4813647403928876
2025-08-03,-0.0003090387535667628,-0.00033973302257131395,3.0694269004551146e-05,0.9100321777951531,0.01686209233395706,3.967830847583235,3.480182005826961
2025-08-04,5.133092200997513e-05,1.530603082155761e-05,3.6024891188417515e-05,0.9949271720730979,0.08555319589293987,3.968034519999021,3.480235273600006
2025-08-05,0.00766546186479053,0.007564174442403248,0.00010128742238728276,0.992888038375732,0.28757192336733617,3.9984513372902457,3.506560380310122
2025-08-06,-0.0015999202805886585,-0.0017016052979215218,0.00010168501733286325,0.9933825867978995,0.28602733809213776,3.992054133904768,3.5005935985895045
2025-08-07,0.0044046644298299876,0.004293915565250428,0.00011074886457955971,0.9952107630984672,0.3051039083219762,4.0096377927503335,3.5156248519301037
2025-08-08,-0.00222998688525399,-0.0023336653979771096,0.00010367851272311962,0.9948795702383861,0.2890640241990547,4.000696353057881,3.507420559860886
2025-08-09,0.0008755904798865388,0.0007362980417334644,0.00013929243815307443,1.0000000000000002,0.13405464307652046,4.004199324697535,3.5100030667506465
2025-08-10,0.0016170272650692086,0.0016021853196084247,1.4841945460784001e-05,1.0,0.00834122451893336,4.0106742241803435,3.515626742135975
2025-08-11,0.0022370657126112056,0.0021190025647566577,0.00011806314785454782,1.0000000000000002,0.2904093788213834,4.0196463659717105,3.523076364219288
2025-08-12,-0.0023682338321723982,-0.002372089659429632,3.855827257233937e-06,0.9999999999999998,0.007903353786114908,4.010126903454448,3.514719311206343
2025-08-13,0.012499452310912075,0.012496707746870724,2.744564041350745e-06,0.9967468974216613,0.007218763020398165,4.060251293444883,3.558641731250771
2025-08-14,0.0033364308265852213,0.003326205308166615,1.0225518418606376e-05,0.9961313914045322,0.025936342179134923,4.073798041024015,3.570478504267121
2025-08-15,0.00020744864175137998,0.0002007335310645875,6.715110686792491e-06,0.9993611552698369,0.00893360785706145,4.074643144894395,3.5711952190248724
2025-08-16,-0.0011843585450256855,-0.0012147577943584452,3.0399249332759806e-05,0.9999999999999998,0.028506806883115396,4.06981730646781,3.5668570817973864
2025-08-17,0.0008007454612732902,0.0007804951188939306,2.025034237935962e-05,0.9999999999999993,0.013636499211122973,4.073076194204176,3.5696409963395213
2025-08-18,-6.42550215739513e-06,-0.00010574173826762153,9.931623611022639e-05,0.996035453017266,0.30243531120561534,4.073050022644303,3.569263536295577
2025-08-19,-0.0012741953200527938,-0.0012761706108063882,1.97529075359434e-06,0.9982673372066106,0.0032348348795901193,4.067860161367109,3.5647085470683337
2025-08-20,0.0031561031379466788,0.002961410692780656,0.00019469244516602272,0.9999071412093506,0.18541583267599357,4.080698747587128,3.5752651130762687
2025-08-21,-0.003044059435637403,-0.003044240274234192,1.8083859678921912e-07,0.9996331177892114,0.00027402342013952937,4.068276858060542,3.5643811470279774
2025-08-22,0.003683606976098206,0.003683167672889195,4.393032090108127e-07,0.9999999999999999,0.0006337574326632277,4.083262791075592,3.5775093604425665
2025-08-23,0.0008430463914225637,0.0008428681545440893,1.7823687847442915e-07,0.9999066829205837,9.331707941603005e-05,4.086705171036838,3.5805247291550666
2025-08-24,-0.0005131415223019753,-0.0006614980019637991,0.00014835647966182384,0.9999999999999999,0.1357607591177723,4.084608112924173,3.5781562192007486
2025-08-25,0.006222886381712833,0.006079013752460748,0.00014387262925208492,0.9969296966726843,0.13291899681536945,4.110026165124723,3.5999078800657225
2025-08-26,-0.004442522797365414,-0.004570487921514599,0.00012796512414918503,0.9267584505135652,0.4011351877350724,4.091767280188388,3.583454544581317
2025-08-27,0.0026313541649487307,0.0024991373565676073,0.00013221680838112346,0.9999999999999998,0.4122285423868794,4.102534169063112,3.5924100896992424
2025-08-28,0.0037458646021550357,0.0036154770358316343,0.00013038756632340151,0.9988989485431592,0.4242756485265425,4.117901706586138,3.60539836588184
2025-08-29,-0.00022799379509666032,-0.00022824194900330087,2.481539066405443e-07,0.9993862155757689,0.0005699134513172904,4.1169628505482185,3.604575462731878
2025-08-30,-0.00031027118631565934,-0.0003103305233289186,5.933701325925289e-08,0.9994138002736388,2.7584697869923944e-05,4.115685475600562,3.6034568529421493
2025-08-31,-1.1238126015821498e-05,-2.041219306618538e-05,9.17406705036388e-06,0.9993461358494814,0.004484321105857832,4.115639223008546,3.6033832984851615
2025-09-01,-4.151667233470821e-05,-4.18448668711067e-05,3.281945363984878e-07,0.9991946245601784,0.00015151128930306719,4.115468355363476,3.6032325153907507
2025-09-02,-0.0011155721190649745,-0.0011182364896746256,2.664370609651236e-06,0.999532135688624,0.007194301966923245,4.110877253609338,3.599203249311259
2025-09-03,0.006006557139009738,0.006003804925110643,2.7522138990941488e-06,0.9995366048685248,0.00854770701159059,4.135569472724598,3.620812163505948
2025-09-04,-0.0003725887644153341,-0.00039160526200756164,1.9016497592227495e-05,0.999621227573366,0.060329839616519824,4.134028606004602,3.619394234409978
2025-09-05,0.007501083436964082,0.007488043957510574,1.3039479453507956e-05,1.0,0.03924360791982742,4.165038299509038,3.6464964175368006
2025-09-06,1.2658875611518567e-05,1.2655958161446271e-05,2.917450072296141e-09,0.9999985889810601,1.411018940041149e-06,4.165091024210788,3.646542567442897
2025-09-07,-9.165126264363338e-05,-0.00010782765087603533,1.6176388232401948e-05,0.9991711670727729,0.008053783839219099,4.1647092883593935,3.64614936932403
2025-09-08,-0.0028436427544325698,-0.002844008463062887,3.657086303169979e-07,0.9989635928650148,0.0005196478770282531,4.152866342967232,3.635779689660081
2025-09-09,0.0022726981612947645,0.002180832297052668,9.186586424209671e-05,0.9998082568202838,0.30456125505869597,4.162304554668997,3.64370871543226
2025-09-10,0.0041136532670654,0.0041109447633964034,2.7085036689967818e-06,0.999301157379122,0.007953468972816666,4.179426832398832,3.6586878006953083
2025-09-11,7.664450081757142e-05,7.24646377951862e-05,4.1798630223852165e-06,0.9999249302860761,0.012387003077220671,4.179747162482105,3.658952926181591
2025-09-12,0.005807992342860002,0.005670105520037021,0.0001378868228229807,1.0,0.14602626522302334,4.204023101996892,3.679699575365889
2025-09-13,0.0024123711598919026,0.002412171639612887,1.9952027901575075e-07,1.0,0.0001962786322583054,4.214164766083669,3.688575642323882
2025-09-14,0.0008628562254231457,0.0008481061141872416,1.4750111235904054e-05,1.0,0.008979693477410542,4.2178009843870425,3.6917039458787784
2025-09-15,-0.0020112788460623083,-0.0020137410901382435,2.4622440759352144e-06,0.999617254483173,0.0028311839792312587,4.209317810490244,3.684269809950337
2025-09-16,0.00011787450226645903,0.00011370458393350076,4.169918332958266e-06,0.9963714373993378,0.00500039707301421,4.2098139817320375,3.684688728316176
2025-09-17,0.00181457918255977,0.0018102945368527264,4.284645707043603e-06,0.9994058374042675,0.011379226236977343,4.217453022545737,3.69135910019105
2025-09-18,0.00046817412802021007,0.00046568977681978523,2.484351200424853e-06,0.9994394627860735,0.004238085717432933,4.219427524937033,3.69307812838658
2025-09-19,0.0018724176689760576,0.001871434953344276,9.827156317816515e-07,0.9999760563548489,0.002190849224929793,4.227328055587689,3.6999894838814735
2025-09-20,-0.0021922143731743517,-0.0021966429122017624,4.428539027410617e-06,1.0000000000000004,0.004920689136647716,4.218060846264106,3.691861928206484
2025-09-21,0.0006595480177342731,0.0006572460704253258,2.301947308947202e-06,0.9999999999999999,0.002549367391116689,4.220842859933942,3.6942883899513506
2025-09-22,-0.0020707029900436614,-0.0020890526741540187,1.8349684110357488e-05,0.9995833306975486,0.050012058214794,4.212102748003373,3.6865708269112263
2025-09-23,0.0010675805230750818,0.0010626716585965237,4.908864478557987e-06,0.9957454372065059,0.005900048018628139,4.216599506858333,3.6904884412463934
2025-09-24,-0.0006697140375835214,-0.0008016814330870846,0.0001319673955035632,0.9989185843849824,0.14616798414560045,4.213775590977722,3.6875298451840237
2025-09-25,-0.00406158144299214,-0.004064577848618841,2.996405626700671e-06,0.9992242484574357,0.009269988228097126,4.196660998232473,3.672541593059168
2025-09-26,-0.0001062348377966527,-0.00010681797916964229,5.831413729895881e-07,0.9990382633511607,0.001875592479368629,4.196215166632038,3.6721492995877805
2025-09-27,0.00025230096541744966,0.000252163071133772,1.378942836776216e-07,0.9991105054282609,7.224207710023562e-05,4.197273875769679,3.6730752800328266
2025-09-28,-2.1677600855978205e-05,-2.8720351519184403e-05,7.042750663206197e-06,0.9988238921295104,0.004175135940842062,4.197182888941916,3.672969788019628
2025-09-29,0.005929377841343483,0.005928783538380358,5.94302963125963e-07,0.9976275623123256,0.0020107611724852034,4.222069572159674,3.694746030835807
2025-09-30,-0.001646264849511566,-0.0016464980783995069,2.3322888794082103e-07,0.997880983841173,0.0008041944289255208,4.215118927430835,3.6886626385958614
2025-10-01,0.0030269777017519874,0.002875053933700517,0.00015192376805147066,0.9995891113822633,0.16171628751722308,4.2278779984344,3.6992677426250506
2025-10-02,0.007977480956448351,0.00796492133156059,1.2559624887761488e-05,0.999129558647084,0.027485020639495365,4.261605814653098,3.728732119179439
2025-10-03,0.00313199102532978,0.003120564918266913,1.1426107062867073e-05,0.9999999999999997,0.00989761271669921,4.274953125818085,3.7403678698201652
2025-10-04,0.0009416297621817775,0.0009340512717088274,7.57849047295003e-06,0.995288620676962,0.004711379323037797,4.278978548913288,3.7438615651856297
2025-10-05,-0.0011336894164230135,-0.0011471944950575536,1.3505078634540005e-05,0.9931997852241654,0.00556152055492171,4.274127516219283,3.7395666278077915
2025-10-06,0.004480385164937729,0.004474126760041596,6.258404896133573e-06,0.9950044815043912,0.007618062365850113,4.293277253736004,3.756297922928225
2025-10-07,0.002644158076880721,0.0026417298718304323,2.428205050288896e-06,0.9960745368695618,0.003107615540422888,4.304629357462759,3.766221047358719
2025-10-08,-0.002372944707294629,-0.002378466795717725,5.522088423095859e-06,0.9999999999999996,0.013781869488199443,4.294414710012103,3.757263215652243
2025-10-09,0.0032617403010077608,0.0032560501226928085,5.690178314952099e-06,0.9999999999999998,0.010876186825655068,4.30842197554099,3.769497053006557
2025-10-10,-0.00561254059266268,-0.005620375486945582,7.834894282901939e-06,0.9992677160669928,0.014695603782931086,4.2842407823129465,3.748311064171725
2025-10-11,-0.012824129469639527,-0.012825611539794477,1.4820701549496323e-06,0.9987337671843871,0.0005339488826055833,4.2292991238414555,3.7002366825323447
2025-10-12,0.0005122511636811675,0.00036694103309737187,0.00014531013058379557,0.9281491983133795,0.07084051451318635,4.2314655872391995,3.701594451203338
2025-10-13,-0.0078774169755621,-0.00788030552976385,2.888554201749186e-06,0.9291368881435559,0.007172279106412412,4.198132568390775,3.672424755980577
2025-10-14,0.00016765351053446364,0.00014228642595178932,2.536708458267433e-05,0.9977996102703551,0.06902427216420053,4.198836400053554,3.6729472921736823
2025-10-15,0.014013446901354079,0.01400483850454953,8.608396804548732e-06,0.9920390766973909,0.02133054438629221,4.257676570993176,3.724386325836297
2025-10-16,0.0028106591640461864,0.00280816637288157,2.4927911646161434e-06,0.9920853799569177,0.0069392431033066925,4.269643448664983,3.7348450222761307
2025-10-17,-0.005703535095054939,-0.00571511365797623,1.1578562921290854e-05,0.9960997441574262,0.029590744738651868,4.24529138741215,3.7134999584788955
2025-10-18,-3.4314643163532805e-05,-3.4415063813017616e-05,1.0042064948481206e-07,0.9960647513689717,3.49927884547201e-05,4.245145711753066,3.713372158140855
2025-10-19,8.634238183587478e-05,8.56622644764157e-05,6.801173594590813e-07,0.9963017648222383,0.0002370134532666162,4.245512247745059,3.7136902540087653
2025-10-20,0.007109031330770173,0.007107968160811571,1.0631699586020334e-06,0.9971616222507611,0.003680080444180142,4.275693727329447,3.7400870460933757
2025-10-21,0.0032883465933915366,0.003284986221485917,3.3603719056194416e-06,0.9953586006345114,0.009458367588447866,4.289753690232096,3.7523731805069502
2025-10-22,-0.0034316687156271,-0.003436191434115432,4.522718488332077e-06,0.9973192686401217,0.012722280111779647,4.275032676695581,3.7394793079264876
2025-10-23,0.00014100415830394135,0.00012880650169044735,1.2197656613493986e-05,0.9982585634725697,0.03212396383138632,4.27563547407988,3.7399609771742854
2025-10-24,0.0035655567217601305,0.003555554155592855,1.0002566167275504e-05,0.9972795037074461,0.026160572334863477,4.290880494884281,3.753258610968433
2025-10-25,0.0002191074935518898,0.00021894143582855985,1.6605772332995686e-07,0.9972125301099809,6.697359746540279e-05,4.291820658954645,3.754080354797754
2025-10-26,7.663387075568978e-05,7.653156764534149e-05,1.0230311034830303e-07,0.9971712469399427,4.128317003788658e-05,4.29214955778433,3.7543676604523735
2025-10-27,6.082047855493073e-05,5.442519295043094e-05,6.395285604499799e-06,0.9974057210585825,0.016405108131415852,4.292410608374463,3.7545719926367003
2025-10-28,0.001746213692964721,0.001603987183136999,0.0001422265098277221,0.9999999999999997,0.11536875654854888,4.299906074554634,3.760594277991055
2025-10-29,-0.0036527556238862315,-0.0036657046001292424,1.2948976243010961e-05,0.9984431288926141,0.01637796977791533,4.284199568458622,3.7468090502470033
2025-10-30,-0.01252141669600988,-0.012522797693013791,1.3809970039111758e-06,0.9989678497481904,0.002394477542471488,4.230555320453085,3.6998885185164068
2025-10-31,0.0003850939318511043,0.0002515849367387724,0.0001335089951123319,0.997831900253777,0.12521294010317965,4.232184481635352,3.7008193547352786
2025-11-01,0.0004532849796285141,0.0004522929085643392,9.920710641749208e-07,0.9983214745890937,0.000489574335316597,4.234102867291894,3.7024932090853033
2025-11-02,0.0001314673966437257,0.00011187698475310421,1.9590411890621484e-05,0.9983114485882016,0.009440414358043627,4.234659513772979,3.7029074328616045
2025-11-03,0.00042659479470522185,0.000424447031137504,2.147763567717858e-06,0.993744235793009,0.004567212795192911,4.236465997478904,3.704479120928059
2025-11-04,-0.007929775941304534,-0.007930240871952944,4.6493064840943396e-07,0.993847270349477,0.0011780348966212435,4.202871771335941,3.6751017091939793
2025-11-05,-0.0007974939723673027,-0.0008044641855251612,6.970213157858425e-06,0.9943525417694487,0.018920731336926594,4.199520006431668,3.6721452214907706
2025-11-06,0.0007403904460310608,0.0007149663168118482,2.542412921921265e-05,0.9920741531018338,0.01773824821844789,4.202629290922347,3.6747706816345778
2025-11-07,-0.0031234546833470603,-0.003217726079839507,9.427139649244708e-05,0.9918445608989618,0.27176297359860535,4.1895025687812435,3.6629462761748526
2025-11-08,0.00035495129258541406,0.000352567268863664,2.3840237217500887e-06,0.9911144174989618,0.0007301433999997962,4.190989638133322,3.6642377111394375
2025-11-09,-0.0008790303545690164,-0.0008799960121593639,9.656575903474476e-07,0.9908316537059602,0.00028276379300177287,4.187305631025719,3.6610131965660306
2025-11-10,0.006318819753454129,0.006229972886765556,8.884686668857267e-05,0.991740473794411,0.26657059716968123,4.213764460560793,3.683821209518728
2025-11-11,0.0035800184926517895,0.0035762915664738237,3.72692617796561e-06,0.9906218921814361,0.005594304488799193,4.228849815253279,3.6969956282427274
2025-11-12,0.007783270451074291,0.007692856927924147,9.041352315014404e-05,0.9929011204870668,0.274234368439587,4.261764097062371,3.72543608667396
2025-11-13,0.0014117192259390273,0.001320641425795254,9.10778001437733e-05,0.9939339831848,0.27287853645044224,4.26778051137461,3.7303560518991747
2025-11-14,-0.010663602004992454,-0.010666815835890391,3.21383089793697e-06,0.995976934165363,0.00933258080107437,4.222270598556648,3.690565030891267
2025-11-15,0.0010651704853877912,0.0010632475210263438,1.9229643614473116e-06,0.9965051115377579,0.000528177372394893,4.226768036579552,3.694489015011549
2025-11-16,0.0007539147275240059,0.0007370253101355632,1.6889417388442758e-05,0.9967177765686352,0.006264563712937562,4.229954659252156,3.69721194692363
2025-11-17,0.00015587547440129506,6.220414651627717e-05,9.367132788501789e-05,0.9961494679680981,0.28331537195359463,4.230614005441363,3.6974419288372786
2025-11-18,-0.008988974284514372,-0.008997332349910304,8.358065395931028e-06,0.992682497723834,0.021512775328599916,4.192585124938744,3.6641748149590363
2025-11-19,-0.0014854795911400354,-0.0016391973826308322,0.00015371779149079686,0.9938160678155309,0.14093620909848556,4.18635712530153,3.6581685091928535
2025-11-20,0.005501472825443287,0.005494316280945892,7.156544497394785e-06,0.9914636880438829,0.011302984834653567,4.209388255263977,3.6782676439913558
2025-11-21,-0.006215435738818632,-0.006331125661030054,0.00011568992221142202,0.9910515099031179,0.31758600818506477,4.183225073063645,3.6549800693223458
2025-11-22,0.002201058541666753,0.0022009115837772673,1.4695788948582647e-07,0.9910897295986226,5.931763623511746e-05,4.192432596342426,3.6630243572953924
2025-11-23,-5.766418962133913e-05,-6.474852650227802e-05,7.084336880938902e-06,0.9939573381882875,0.0028676085896650943,4.192190843114216,3.6627871818657156
2025-11-24,0.0066068238785824,0.006539675041402457,6.714883717994284e-05,0.9953122164846483,0.3124025544262909,4.219887909680077,3.6867406197809314
2025-11-25,-0.0016847882720166885,-0.0016921076333398276,7.319361323139243e-06,0.9904927967174866,0.02014705197411056,4.212778292020623,3.6805022578360562
2025-11-26,0.007059865992378892,0.006968576299124288,9.128969325460456e-05,0.993331671849093,0.31268016539223953,4.242519942217891,3.706150118638886
2025-11-27,-0.001408344354516594,-0.0014101488213486937,1.80446683209973e-06,0.9925448099690434,0.0009962406932918768,4.236545013208344,3.700923895417346
2025-11-28,0.0025756762652916704,0.002559990581807275,1.568568348439543e-05,1.0000000000000009,0.011669698648515563,4.247456981645705,3.7103982257336
2025-11-29,0.0008395530566987528,0.000823472457494549,1.6080599204203852e-05,1.0000000000000004,0.01423138981286306,4.251022947137842,3.7134536364788278
2025-11-30,0.0008024913639970927,0.0007830654139906182,1.942595000647448e-05,1.0000000000000002,0.013578606178331551,4.254434356341073,3.716361513588012
2025-12-01,-0.00021453996823298709,-0.0002959462668063986,8.140629857341153e-05,0.9940160616942499,0.3089776863765429,4.253521610129415,3.7152616702719627
2025-12-02,0.0036403909403704715,0.003637587306109728,2.8036342607434555e-06,0.9947780187897819,0.006946240165569018,4.2690060916635995,3.7287762589626197
2025-12-03,-0.006283506570328139,-0.006289991047135992,6.4844768078527425e-06,0.9959471789779446,0.011674396176921729,4.24218176383786,3.7053222896769715
2025-12-04,0.0023526253581107933,0.00234741805190885,5.207306201943457e-06,0.9970598663444526,0.00565486307768742,4.25216202822918,3.714020230107899
2025-12-05,0.0005746669924056167,0.0005664553005195161,8.211691886100672e-06,0.9951262267753476,0.006460470127969889,4.254605605393164,3.7161240565534808
2025-12-06,0.0033436058663358532,0.0033236426967902296,1.9963169545623792e-05,0.9999999999999999,0.015068021700827248,4.268831329654302,3.7284751251344113
2025-12-07,-0.00022284358176527565,-0.00023459807105019517,1.175448928491951e-05,1.0,0.007478733360462986,4.267880047990849,3.727600432062096
2025-12-08,-0.00024117252834447304,-0.00032863157721488946,8.745904887041641e-05,0.9939130327225051,0.30300695322526305,4.266850752569004,3.726375424852881
2025-12-09,-0.006028086747791751,-0.006029976831935621,1.8900841438706437e-06,0.9957200600068606,0.0033634892636073927,4.241129806092638,3.703905467373924
2025-12-10,-0.005667038575581156,-0.0056705668074093175,3.5282318281618157e-06,0.9968161087134332,0.008779580186708859,4.217095159877464,3.6829022239728513
2025-12-11,0.00805517252322879,0.008048321231055533,6.851292173256564e-06,0.9951569585129292,0.018125017279126777,4.251064588937149,3.712543404133954
2025-12-12,0.011339548326061733,0.011272019360592094,6.752896546963913e-05,0.9936154623256688,0.06598168855028849,4.299269741280612,3.7543912652623908
2025-12-13,0.0026293328832832454,0.0026282703408621296,1.0625424211160654e-06,0.9942139204010637,0.0006407167791625014,4.310573952585465,3.764258820472872
2025-12-14,-0.00089897430211396,-0.0009065865453226209,7.612243208660859e-06,0.9891249935063192,0.0050889268947443295,4.306698857374729,3.7608461940731197
2025-12-15,0.004147223555052788,0.0041447345924075585,2.4889626452296697e-06,0.9895669982939219,0.0027687380612540723,4.3245597003205525,3.776433903390419
2025-12-16,0.0010472179090426728,0.0010269755606702685,2.02423483724043e-05,0.9918065312959468,0.033490755578853657,4.329088456687452,3.7803122087156873
2025-12-17,-0.00431087311799578,-0.0043193797031173785,8.50658512159884e-06,1.0,0.01652519475583857,4.310426305634092,3.7639836048899142
2025-12-18,0.00420027735982505,0.0041920495999562,8.227759868849876e-06,1.0,0.00809266541651117,4.328531291656842,3.7797624108550343
2025-12-19,0.00013307665438973718,0.0001315808188442055,1.4958355455316644e-06,0.9987905108956616,0.0029350014613130845,4.329107318119556,3.780259755088091
2025-12-20,-0.004125709911781759,-0.00414586191751886,2.015200573710163e-05,0.9872720670158138,0.011518443879847443,4.311246677148024,3.764587320131142
2025-12-21,1.9745099930088335e-05,6.9127946988170464e-06,1.2832305231271289e-05,0.989500488485067,0.006915367114578624,4.311331803144488,3.7646133439504124
2025-12-22,0.002655429757253622,0.0025541500411985934,0.00010127971605502871,0.9978349268165352,0.34195356354897416,4.322780241907951,3.77422873127796
2025-12-23,0.00024379798227697137,0.00023596381803192738,7.834164245043982e-06,0.9944134510238923,0.021201066687099337,4.323834127008755,3.7751193126995184
2025-12-24,0.00236806777352236,0.002359465012068238,8.602761454121998e-06,0.9995436547631941,0.02599035054389176,4.334073259262981,3.7840265746342157
2025-12-25,0.000639108894285402,0.000623683154966818,1.5425739318584054e-05,1.0000000000000004,0.01616659466640787,4.33684320403146,3.786386608266762
2025-12-26,0.006346484899053322,0.006251126430064815,9.535846898850697e-05,0.9994837272295128,0.3412678480792308,4.364366913935408,3.810055789668142
2025-12-27,-0.0007628432990741911,-0.000762895704010439,5.240493624793875e-08,0.9994487659379645,3.496129154806891e-05,4.361037585880411,3.8071491144741643
2025-12-28,-0.002177762564721135,-0.0021820312544385007,4.2686897173658295e-06,0.9994007327961423,0.0029879863869810056,4.3515402814825395,3.798841796116074
2025-12-29,-0.0041912757061863285,-0.004192061403884596,7.856976982673429e-07,0.9995287894096428,0.0009044889274733992,4.3333017764162705,3.782916818043112
2025-12-30,0.0006898816326603455,0.0006864872407019056,3.39439195843982e-06,0.9986568985826738,0.006366982138012668,4.336291241720595,3.7855137421713354
2025-12-31,-0.00012370115724808542,-0.00023466498815555845,0.00011096383090747305,0.9980134005283129,0.3493619740243998,4.335754837475829,3.784625414633866
2026-01-01,0.001123232600520257,0.0011226927321442643,5.398683759927136e-07,0.9976473315902442,0.0003660689380687505,4.340624898657144,3.7888743860807637
2026-01-02,-0.00508865555331645,-0.005103794497888952,1.5138944572501873e-05,0.9999999999999998,0.016514731768049306,4.318536953661729,3.769536749835892
2026-01-03,-0.00400446517356674,-0.004004821769314527,3.565957477865052e-07,0.9999999999999997,0.00037130268950289256,4.301243522830029,3.7544404269999183
2026-01-04,0.00016922815329437229,3.843928819993225e-05,0.00013078886509444002,0.9301949097069945,0.08862893750264843,4.301971414328267,3.7545847450175214
2026-01-05,0.004743865499747485,0.004652466755773803,9.139874397368201e-05,0.9211770019870389,0.34446759629436446,4.322379388101599,3.772052825725451
2026-01-06,0.004920833572208712,0.004895142812344891,2.569075986382146e-05,0.9968220569823888,0.07566970417211248,4.3436490977063915,3.7905175630030863
2026-01-07,0.005884535804908093,0.005880437939395185,4.0978655129080325e-06,0.9972548856741696,0.011384440031572957,4.369209456345801,3.812807466290513
2026-01-08,-0.010291032932330352,-0.010293198768536325,2.1658362059722613e-06,0.9985144219769694,0.00536275406346632,4.324245777942297,3.7735614811738256
2026-01-09,0.010790228300030047,0.010789048122035946,1.1801779941007712e-06,0.9999999999999997,0.002575087935696015,4.370905377111735,3.8142746175856708
2026-01-10,-8.461083317277364e-06,-8.670062585978483e-06,2.0897926870111982e-07,0.9998718253040128,0.0001281746959868246,4.370868394517167,3.814241547586016
2026-01-11,8.555926672830923e-07,-8.990388692452031e-06,9.845981359735123e-06,0.9939213601260443,0.005950465177968571,4.370872134200115,3.8142072560719367
2026-01-12,0.00293725416931814,0.002829501844536105,0.00010775232478203487,0.9913530137474466,0.39152786340142304,4.383710496599852,3.8249995625384354
2026-01-13,0.004593409970699014,0.0045906366160511835,2.7733546478301655e-06,0.9999999999999998,0.008646986252553257,4.4038466761035915,3.842558745586604
2026-01-14,-0.0036211655419365624,-0.003627367498205707,6.201956269144345e-06,0.9999999999999998,0.015069820351338852,4.387899618268113,3.828620372882917
2026-01-15,0.005759593697536945,0.0057582941071484435,1.2995903885019211e-06,0.9999999999999999,0.003725856610365636,4.413172137254915,3.850666695014597
2026-01-16,-0.0012932004207195054,-0.001295023873827994,1.8234531084885586e-06,0.9989591995316913,0.005644665526302512,4.40746502119031,3.845679989714399
2026-01-17,1.4649679323907874e-07,1.4649679323907874e-07,0.0,0.9989591995316913,0.0,4.407465666869801,3.845680553094185
2026-01-18,-0.001180161972652802,-0.0012180297156188934,3.786774296609141e-05,0.9999999999999998,0.01709664846745678,4.402264143493989,3.840996399903738
2026-01-19,0.0005292971061243985,0.0005287788511549076,5.18254969490954e-07,1.0,0.0002469667047217686,4.404594249165536,3.8430274375673696
2026-01-20,-0.00869623862353694,-0.008702268777372877,6.030153835936908e-06,1.0,0.006152861798391341,4.366290846534934,3.80958437988684
2026-01-21,-0.00025218119894965826,-0.000253681215046177,1.5000160965187327e-06,0.9980769334560256,0.00203176262320098,4.3651897500742916,3.808617959892529
2026-01-22,0.005057072822752636,0.004858259666093277,0.00019881315665935912,0.996932197593391,0.39734899820802644,4.387264832525551,3.8271212149106333
2026-01-23,0.0013617294188448827,0.0013485279730101809,1.3201445834701942e-05,0.9968590732339742,0.011897546768797678,4.393239100116264,3.8322821949250407
2026-01-24,0.0006950541999672785,0.0006901765258137677,4.877674153510827e-06,0.9995276730753488,0.002668599841374651,4.39629263940426,3.8349271461362724
2026-01-25,-3.950013253182836e-06,-3.500772111137812e-05,3.105770785819529e-05,0.993138495661283,0.011817837703231304,4.39627527399007,3.8347928940762577
2026-01-26,0.008990831826537546,0.008979899307555817,1.0932518981729812e-05,0.9932476477056086,0.015770093777448636,4.43580144564168,3.869228948130393
2026-01-27,-0.0016476429387923227,-0.001663874696165144,1.6231757372821276e-05,0.9968331729513334,0.029740675389634617,4.428492828711883,3.8627910359899293
2026-01-28,0.004993681779321583,0.004981480260886269,1.2201518435313916e-05,0.9999999999999999,0.025930100228242492,4.450607312660479,3.8820334532876415
2026-01-29,0.003445417225292609,0.003442469876541529,2.9473487510796483e-06,0.9995387568933791,0.003133564531077278,4.465941511758532,3.895397236510311
2026-01-30,-0.0025175170846580917,-0.002533431926740245,1.5914842082153377e-05,0.9999999999999998,0.025640875385140902,4.454698427703597,3.885528512784
2026-01-31,0.0012130044125824647,0.0012078710323965554,5.13338018590918e-06,1.0000000000000002,0.004804181923943168,4.460101996553125,3.890221730120143
2026-02-01,0.005519608014213461,0.005510275257206142,9.332757007318496e-06,0.9992257993594788,0.006761276054518314,4.484720011277509,3.911657922664669
2026-02-02,0.0010494266063230404,0.0010167663544577029,3.266025186533742e-05,0.9999893699005742,0.04995462420529468,4.489426395779253,3.915635164830583
2026-02-03,0.0028473292109568457,0.0028139179976983614,3.3411213258484435e-05,1.0000000000000004,0.05699139717723546,4.502209270696396,3.92665344109332
2026-02-04,0.008028082644327925,0.00801648946868167,1.1593175646254578e-05,1.0,0.016480514479563592,4.538353378803606,3.958131417051007
2026-02-05,0.0005465897905336769,0.0005433655560805945,3.2242344530824336e-06,0.9999999999999997,0.004422968192436592,4.5408339964262945,3.960282129329473
2026-02-06,0.011426998616231912,0.011423032866155092,3.965750076820571e-06,0.9999999999999997,0.0034062002128812927,4.592722100219996,4.005520562252051
2026-02-07,-0.008423697774759284,-0.008426019682448643,2.321907689358452e-06,0.9988740545828091,0.0011287285674955521,4.554034397284285,3.9717699671560625
2026-02-08,0.0005463294414694419,0.0005089013416538677,3.7428099815574115e-05,0.9910399406484209,0.019709987215905583,4.556522400352986,3.973791206221089
2026-02-09,0.008728213989498593,0.00870885239744856,1.936159205003334e-05,0.9838170739289386,0.012492161960148431,4.59629270291121,4.0083983672943475
2026-02-10,0.004006665424196871,0.00400202694507302,4.638479123850762e-06,0.9919814813524291,0.008214074980427893,4.614708509963453,4.024440085566846
2026-02-11,0.003804457110202065,0.0037414829240381333,6.297418616393176e-05,0.9999999999999996,0.13794051474372868,4.632264970565694,4.039497459425809
2026-02-12,0.0026861978301367766,0.0026825537546767493,3.644075460027326e-06,0.9999999999999997,0.004332882080964026,4.6447081506782455,4.0503336285025995
2026-02-13,-0.008658939930639565,-0.008659207653301075,2.6772266151015946e-07,0.9999999999999999,0.0004094358502437054,4.60448990180617,4.015260948548247
2026-02-14,-0.0019107043486545699,-0.0019109442568453546,2.399081907845893e-07,0.9998940609716231,0.00011846079089334292,4.595692082927453,4.007588008698883
2026-02-15,-0.00241619055457452,-0.002424789946141771,8.599391567250822e-06,1.0,0.0068695939694740915,4.58458801512495,3.997870449587111
2026-02-16,0.001730887575879326,0.0017292638297408546,1.623746138471353e-06,1.0000000000000004,0.0012732687536098001,4.592523421560855,4.0047838223515715
2026-02-17,0.003913740720613564,0.003909550125021981,4.190595591583507e-06,0.9999999999999999,0.003885070600011339,4.610497367486189,4.0204407254449315
2026-02-18,-0.0006686077814702386,-0.0006754201955065709,6.8124140363323764e-06,0.9952136758398243,0.014626010957141966,4.607414753069839,4.017725238584129
2026-02-19,0.000591599061900662,0.0005890073518560688,2.5917100445931138e-06,0.9976136184962429,0.004238237814246951,4.610140495315543,4.020091708287392
2026-02-20,-0.0025940920564895896,-0.00263795282461421,4.386076812462051e-05,0.9973984816662238,0.1336416482189804,4.598181366477344,4.009486896010308
2026-02-21,-0.001572368948767444,-0.0015774527564529203,5.0838076854763275e-06,1.0,0.0026660093749720087,4.590951328875894,4.003162119854235
2026-02-22,0.0002420787696418797,0.00023457123168973423,7.5075379521454755e-06,1.0,0.006333722080855726,4.592062700725074,4.004101146523343
2026-02-23,0.0038146879914351447,0.0037804937702070737,3.4194221228071207e-05,1.0,0.10390867428418811,4.609579987165447,4.0192386259630535
2026-02-24,-0.0006980113338896539,-0.0007471472813060433,4.913594741638939e-05,0.9963358053824913,0.15178578302089005,4.606362448089935,4.016235662750745
2026-02-25,0.005690803152206448,0.00563874066088995,5.2062491316498056e-05,0.9975096486770012,0.15624829981655264,4.632576350029731,4.038882174086014
2026-02-26,-0.005065464924461053,-0.005066834282028752,1.369357567698645e-06,0.9972951613051485,0.0012378754536957635,4.609110197018768,4.018417827425281
2026-02-27,-0.0039065427224386886,-0.003920408910356724,1.3866187918035839e-05,0.9991248761946041,0.009961566423143643,4.591104511121686,4.0026639863691065
2026-02-28,0.0013321734059469072,0.0013196532463276703,1.252015961923698e-05,0.9920225984565912,0.007102277738012905,4.597220658455325,4.007946114892678
2026-03-01,-0.000730786330869157,-0.0007471413503877688,1.6355019518611745e-05,0.9868719543395812,0.008648619972941408,4.593861072438136,4.004951612620116
2026-03-02,0.0032066453564446383,0.003175569154499295,3.107620194534341e-05,0.9921617572434268,0.10053581680402993,4.608591955714221,4.017669613426414
2026-03-03,-0.008680861067056143,-0.008683018600847317,2.1575337911728925e-06,0.9959934554831633,0.006936884971311761,4.568585409231914,3.9827841134409736
2026-03-04,0.00644645727079957,0.006407039763535741,3.941750726382875e-05,0.9974979526895366,0.11079998425483133,4.598036599860526,4.008301969625369
2026-03-05,-0.004127278075222577,-0.004133401276782153,6.123201559576014e-06,0.9946143618416952,0.010336558082703572,4.579059224212851,3.9917340491463906
2026-03-06,-0.010374160528021608,-0.010495549294629918,0.00012138876660830956,0.9966524275303621,0.10557207752031711,4.531555328753549,3.949838607662522
2026-03-07,-0.00021086316192583382,-0.0002109253706718152,6.22087459813775e-08,0.9966140018499812,3.8425680380804565e-05,4.530599790668486,3.949005486490107
2026-03-08,0.0012783133604316512,0.0010027896025370533,0.00027552375789459795,1.0,0.24964117828942003,4.536391316911667,3.952965508132321
2026-03-09,-0.002274932475011209,-0.0022754552252521668,5.227502409575868e-07,0.9999999999999999,0.0008467251322643638,4.526071332985466,3.9439707121115997
2026-03-10,0.0032010396556466842,0.0027641729451214412,0.00043686671052524297,0.840110195920965,1.0003190228401673,4.540559466806639,3.95487252925037
2026-03-11,-0.00249536561045691,-0.0030680634295474083,0.000572697819090498,0.9911116038262845,1.1381972127888835,4.529229110860935,3.942738729474855
2026-03-12,-0.00792363055373039,-0.008074827049514044,0.00015119649578365375,0.99146575802399,0.22071708171357624,4.493341172693272,3.910901796132925
2026-03-13,-0.0004618841782067412,-0.00046225721364181695,3.730354350757438e-07,0.9907107236701242,0.0009163673285633434,4.4912657694983205,3.909093953565818
2026-03-14,0.00028367067118183074,0.00025999941682417757,2.367125435765317e-05,1.0000000000000002,0.018986522728792025,4.49253980987361,3.9101103157140558
2026-03-15,4.64585660922516e-05,-6.066226238493359e-06,5.252479233074496e-05,1.0,0.03149796823069097,4.492748526831289,3.9100865961002635
2026-03-16,-9.887252006065777e-05,-0.0005041210933776629,0.0004052485733170051,0.6945816674615318,0.9988833956074652,4.492304317462442,3.908115438970236
2026-03-17,0.0037147270039278747,0.00371299093219893,1.7360717289449308e-06,0.6938282561303448,0.0034631094007847455,4.508992001620382,3.9226262361571194
2026-03-18,-0.0028975820157979538,-0.0029075703701150527,9.988354317098849e-06,0.7077827137229393,0.020064200030639762,4.49592682748711,3.9112209243398333
2026-03-19,-0.010647998099897459,-0.010668156288791471,2.015818889401212e-05,0.7565408693268288,0.048758155603889505,4.448054207170749,3.8694954082389845
2026-03-20,0.00327910920311602,0.0032723001071692038,6.809095946816402e-06,0.7720166970200395,0.015475827693210535,4.462639862657441,3.882157558478056
2026-03-21,-0.0005365456880756565,-0.0007859370529422938,0.0002493913648666373,0.8810472718209156,0.15868003673607564,4.460245452481697,3.879106427007488
2026-03-22,0.0038512856624941024,0.003788420269171371,6.286539332273104e-05,0.8949998245352708,0.04212799402905608,4.477423131844045,3.8938021124218363
2026-03-23,6.475358347660053e-05,5.193341197725745e-05,1.2820171499343079e-05,0.8882799099764681,0.00989910985130451,4.477713061036573,3.8940043308510988
2026-03-24,-0.008285899282826175,-0.008338212982414177,5.2313699588002626e-05,0.7438649925796297,0.15352103290379318,4.440611181595428,3.861535293386019
2026-03-25,0.008854953522283639,0.008568228813504502,0.0002867247087791373,0.7206801595721812,0.2481170395975887,4.479932587218989,3.8946218113511737
2026-03-26,-0.0021390246438807658,-0.0021933776283518413,5.4352984471075384e-05,0.8386384552431667,0.11795829567098555,4.470349901012003,3.886079434999265
2026-03-27,-0.009081160651333115,-0.009090349918793504,9.189267460387948e-06,0.8263737374243572,0.01612565156392865,4.429753935393242,3.8507536131228943
2026-03-28,0.004636631083937335,0.004329286783148319,0.0003073443007890163,0.9649590490121752,0.1978017233027265,4.45029307018428,3.867424629845348
2026-03-29,0.0007281076531389786,0.0006114425887152183,0.00011666506442376039,0.9999999999999999,0.0733144158472232,4.453533362627392,3.8697893379726813
2026-03-30,0.0013212006582817115,0.0013117905469663736,9.410111315337778e-06,0.9999999999999997,0.009480479215905162,4.459417373837775,3.874865691044985
2026-03-31,-0.004642470874377246,-0.0046608124995428605,1.834162516561485e-05,0.9859642620193751,0.026280459709471883,4.4387146585630415,3.856805668598113
2026-04-01,0.010474888611137644,0.010460329197868644,1.4559413269000141e-05,0.9876946080378289,0.03011527163192083,4.485209700188113,3.897149125543855
2026-04-02,-0.00695507218822887,-0.006993326057442305,3.825386921343535e-05,0.9873368627685569,0.0793371341223404,4.4540147429439605,3.8698950910144507
2026-04-03,0.004567131412571318,0.0045648081895044,2.3232230669176243e-06,0.9882668053318471,0.0014570246985974155,4.474356813588515,3.8875604198184366
2026-04-04,-0.0022191165241631314,-0.002232505381173558,1.3388857010426695e-05,0.9965541452429553,0.008287339911107878,4.464427694448479,3.8788814202615547
2026-04-05,0.00031517162044133464,0.0002893221096277708,2.584951081356385e-05,0.9801871171344749,0.016367028108480196,4.465834755359281,3.880003666417061
2026-04-06,0.006802900568173233,0.0067878233309548435,1.5077237218389395e-05,0.9705381408150162,0.012080080025055109,4.496215385153883,3.906340445828157
2026-04-07,0.0011544384473337324,0.0009085133111685747,0.0002459251361651577,0.8045028430894969,0.1755081333047414,4.501405989061998,3.909889408121148
2026-04-08,0.009914411997881147,0.00966318030971111,0.00025123168817003797,0.988334895981251,0.5684792065734594,4.546034782607288,3.9476713744628524
2026-04-09,-0.0007492644919782518,-0.0009373403461324732,0.00018807585415422137,0.9884207903851534,0.3253875783866535,4.542628600165383,3.9439710628102964
2026-04-10,0.007924390420607873,0.007385307762222369,0.000539082658385503,0.9894377256972704,1.1860256903135116,4.578626162728913,3.9730985029144494
2026-04-11,0.00011467053502883411,0.0001146355206132758,3.5014415558315e-08,0.9894564671607529,1.8741463482642093e-05,4.57915119624069,3.9735539611297783
2026-04-12,2.8662775206132364e-05,1.2890850476061335e-05,1.577192473007103e-05,0.9887276457184648,0.011095876579802683,4.579282447422063,3.9736051836197492
2026-04-13,-0.007466467253191283,-0.007466780880980355,3.136277890714601e-07,0.9885216431765131,0.0002760494315692311,4.545091384985272,3.9439351444061326
2026-04-14,0.000838630904871974,0.0008299346322610376,8.696272610936456e-06,0.9909846112882537,0.02614483031539804,4.548903039086189,3.947208352769867
2026-04-15,0.004430208604397058,0.00441551363366021,1.4694970736848107e-05,0.9895098995457361,0.0353660292994846,4.569055628470516,3.9646373050664194
2026-04-16,0.0007151817155929678,0.0007100320098261539,5.149705766813876e-06,0.9896947039824392,0.011103077903420444,4.572323333513526,3.967452324460367
2026-04-17,0.0026911681246909744,0.0026895966459639423,1.5714787270318852e-06,0.9906778555495759,0.004589853768893342,4.584628224324459,3.9781231709252576
2026-04-18,-1.2559284822821178e-05,-1.2562208016799604e-05,2.9231939784257778e-09,0.990679275607401,1.4200578250002371e-06,4.584570644672783,3.978073196914468
2026-04-19,-0.00021601042967048519,-0.00021617289130949134,1.624616390061539e-07,0.9907576128899314,7.83372825304985e-05,4.5835803295979725,3.9772132453296503
2026-04-20,0.004978130785413971,0.004977761954294771,3.6883111920050015e-07,0.990792778986021,0.00040794716715018923,4.606397991944162,3.9970108661063692
2026-04-21,-0.0011558262914633083,-0.0011565588246822077,7.325332188994347e-07,0.9912453647192352,0.002024134114998852,4.601073796036129,3.992388087916823
2026-04-22,-0.0039553555960436726,-0.003956324556408392,9.689603647199206e-07,0.9924760586798897,0.0021025991104081715,4.582874913049167,3.9765929048858855
2026-04-23,3.357710082237435e-05,3.26045237025626e-05,9.725771198117508e-07,0.9922211272701701,0.0022747964684325436,4.583028792702179,3.9767225598035076
2026-04-24,0.0057575090761941795,0.0057559007703930866,1.6083058010928764e-06,0.9913505011977113,0.003704340472625604,4.60941562257262,3.9996121802491205
2026-04-25,0.00019246413385084763,0.00019232537271987962,1.3876113096802134e-07,0.9912831888853362,6.731231237513957e-05,4.610302769757977,4.000381407152422
2026-04-26,-3.4745281743407345e-05,-5.847068487809182e-05,2.3725403134684476e-05,0.9913661892241261,0.012201626543766728,4.61014258348932,4.000147502111772
2026-04-27,-0.004051861252975152,-0.004059941589032428,8.080336057276644e-06,0.991450134006231,0.017597740818913094,4.5914629253845884,3.983907136905684
2026-04-28,0.003773166527262302,0.003771141471724676,2.025055537626384e-06,0.9924485655559117,0.005672833253939724,4.608787279605815,3.998931014329169
2026-04-29,-0.004124443123922916,-0.004134229324675157,9.786200752240919e-06,0.9917524011043506,0.018499720273182915,4.589778598600822,3.9823985164623767
2026-04-30,0.0007470677145652726,0.0007453201862541628,1.7475283111098774e-06,0.9925812628442952,0.0045233060637469204,4.59320747400884,3.985366678466405
2026-05-01,0.01258642961674253,0.012584850276211873,1.579340530656599e-06,0.9916892167128498,0.003970127149152201,4.651019556595548,4.035521921410708
2026-05-02,0.0005518509068581073,0.0005413037030624441,1.0547203795663189e-05,0.9916788047459407,0.005981513390923803,4.65358622595567,4.037706364370557
2026-05-03,2.8466239369015052e-05,1.2531932578161798e-05,1.5934306790853254e-05,0.9924096868172828,0.009708358141182254,4.653718696055102,4.037756964634485
2026-05-04,-0.007062451643521416,-0.007063296720646162,8.450771247463991e-07,0.991993226561428,0.0007593687126002986,4.620852032801661,4.009237089107416
2026-05-05,-0.0013724391866128105,-0.0013933329014393493,2.0893714826538736e-05,0.9938425028337075,0.06138046536365675,4.6145101943963045,4.003650887161492
2026-05-06,0.003704265056010302,0.0037033298473977436,9.352086125583495e-07,0.9931495125280939,0.0014144496215222225,4.63160356326001,4.018477726990478
2026-05-07,0.002034208591143601,0.00202662464248739,7.583948656211027e-06,0.9928642590521253,0.020896515541995755,4.641025211019165,4.026621672977284
2026-05-08,-0.0013456476093327166,-0.0014718210542566305,0.00012617344492391391,0.9936205551151162,0.3663202549393316,4.6347800265391035,4.02069520642147
2026-05-09,0.00010076206430743988,0.00010070863893440714,5.3425373032735726e-08,0.9936600113842938,3.9456269177727196e-05,4.6352470365421885,4.0211001251632785
2026-05-10,-0.0002943581407088231,-0.00033240057258876525,3.804243187994214e-05,0.9933688583761308,0.021885669378562386,4.633882613842786,4.019763509179238
2026-05-11,-0.004026515328175332,-0.004026767923987937,2.5259581260486207e-07,0.9937197551689164,0.0004185745101984462,4.615224214469183,4.003576854418458
2026-05-12,0.001143345493007876,0.0011430490195535746,2.964734543015184e-07,0.9936610947055845,0.00018444286801794658,4.620501010274017,4.008153139016608
2026-05-13,-0.0005983333782651286,-0.0005994051823481906,1.071804083061991e-06,0.9931030664061316,0.0005580282994534864,4.6177364102952625,4.005750631253436
2026-05-14,0.006300339955766638,0.006299815655993326,5.242997733123658e-07,0.9932974642549075,0.0005194324415900024,4.646829719506244,4.030986121794212
2026-05-15,-0.00024451276575498487,-0.000244583621502963,7.085574797812056e-08,0.9931960324149497,0.00011953487910786644,4.645693510319536,4.030000208610315
2026-05-16,-0.000711347416471474,-0.0007117487821743785,4.013657029045294e-07,0.9930228282721857,0.0001732041427639202,4.642388808243251,4.027131860869674
2026-05-17,-0.00020081606046475049,-0.00021889051167197021,1.8074451207219716e-05,0.9928115522598212,0.009842203348000775,4.6414565420116345,4.0262503599160775
2026-05-18,-0.002808169074818538,-0.0030951968659277693,0.000287027791109231,1.0000000000000002,0.3048005533664223,4.628422547288244,4.013788322420625
2026-05-19,0.006649055390393685,0.006648823872779733,2.3151761395255935e-07,0.9999999999999989,0.00024936381837603323,4.6591971851753105,4.0404752940390205
2026-05-20,0.003409402809651495,0.003355680169591704,5.3722640059790886e-05,0.9936059440384796,0.061641463630898403,4.675082265149167,4.054033836858952
2026-05-21,-0.0006057893104969006,-0.0007477549733830487,0.00014196566288614818,0.9949335006172708,0.3551413279183145,4.672250150287246,4.051002412895178
2026-05-22,0.004854117875463224,0.004707288068146837,0.00014682980731638783,0.9955994019062138,0.3571347857860484,4.694929803260391,4.070071648217434
2026-05-23,0.004042058383412709,0.004003020304888944,3.903807852376424e-05,0.9685354534778171,0.027063948428396833,4.713906983631193,4.086364227667601
2026-05-24,-0.002418471106686861,-0.00242585991515068,7.3888084638191835e-06,0.9696422973037483,0.004449790556701969,4.702506535791671,4.076451280488996
2026-05-25,0.0017904962875483434,0.0017679863481447943,2.2509939403548993e-05,0.9848362872484193,0.015784985982788206,4.710926356286178,4.083658390701778
2026-05-26,0.0017381033620040335,0.0016310176278270304,0.00010708573417700307,1.0000000000000004,0.33696309626089194,4.719114433224193,4.090318909523037
2026-05-27,-0.00040658249074930204,-0.0004324948362077408,2.5912345458438747e-05,1.0000000000000002,0.08010827263145522,4.717195723923801,4.0885498677162255
2026-05-28,0.0026757754659423893,0.0026587485780411053,1.7026887901283892e-05,0.9976384349502384,0.023714252934911237,4.729817880509924,4.0994202938632665
2026-05-29,0.000806231752567769,0.0007845000223346612,2.1731730233107803e-05,0.9975449741931178,0.02472709095581744,4.733631209869054,4.102636289175361
2026-05-30,-0.00018126450597124645,-0.00024388252713365363,6.26180211624072e-05,1.0000000000000002,0.07067351027459924,4.732773170546347,4.101635727869247
2026-05-31,-0.004882962562502544,-0.004914645224482102,3.168266197955809e-05,1.0000000000000002,0.01979297633665064,4.709663216337752,4.081477643426709
2026-06-01,-0.005396453133324425,-0.005559639186928578,0.00016318605360415367,0.9808571988631551,0.42985553124592496,4.684247739517044,4.0587861003797405
2026-06-02,-0.000850330680622191,-0.0008672423510367452,1.691167041455418e-05,0.9763125506162939,0.016654383857444756,4.680264579948497,4.055266149179692
2026-06-03,0.015446986390341947,0.015431403624563569,1.558276577837854e-05,0.996444662676837,0.020132112060542853,4.752560563218161,4.117844597932714
2026-06-04,0.011411795268108078,0.011377789182025637,3.4006086082440824e-05,0.996284112658762,0.035852551854163264,4.806795811364891,4.164696565652336
2026-06-05,0.005218682345541844,0.004948472076806895,0.0002702102687349488,0.9988394747882745,0.5052863252355946,4.831880951804285,4.18530545031584
2026-06-06,0.012294554273150179,0.012222688873954585,7.18653991955941e-05,0.9999999999999998,0.07210658408210043,4.891286774407643,4.236461136677517
2026-06-07,0.0010577480700307838,0.0009774287173547685,8.031935267601521e-05,0.9976957004838493,0.0770654189542264,4.896460523553239,4.240601975452463
2026-06-08,-0.009166815536025892,-0.009341738847222539,0.00017492331119664696,0.9344648562223269,0.4873125575338955,4.851575573154394,4.200987379242769
2026-06-09,-0.0008560319171119045,-0.0010080522699331238,0.00015202035282121926,0.9711869948925196,0.47557844899476287,4.847422469615493,4.196752564379163
2026-06-10,0.004248518541012106,0.004209749300585545,3.876924042656202e-05,0.9982827360800635,0.10545762700921452,4.8680168338537735,4.2144198405517885
2026-06-11,0.000254046208887387,0.0002489654456142775,5.080763273109497e-06,0.998102877078458,0.007386984142856982,4.869253535075214,4.215469085465397
2026-06-12,0.0016857077989465437,0.0016849415831437433,7.662158028005568e-07,0.9989549671140283,0.0021864902788002773,4.877461673734338,4.222571904619954
2026-06-13,6.960657540251301e-05,6.905613672040737e-05,5.504386821056436e-07,0.9992530519351756,0.0003157547038346196,4.877801177138103,4.222863499122711
2026-06-14,-0.0013684496724286493,-0.0013736740692810341,5.2243968523847075e-06,0.9961745416850905,0.0031150018895149388,4.871126151715076,4.217062661035853
2026-06-15,0.0001013264723920295,9.39130611443095e-05,7.41341124772001e-06,0.9924089948095519,0.007872504777979407,4.8716197257446066,4.217458698299389
2026-06-16,0.0010812808225850398,0.0010782984078872811,2.9824146977587106e-06,0.9946610897187039,0.004583014160418571,4.8768873147289815,4.222006377299095
2026-06-17,-0.0020736594409543657,-0.0020914742859311146,1.7814844976748682e-05,0.9991170729618359,0.0530852429701181,4.866774311306323,4.213176159525936
2026-06-18,-0.001072959438508416,-0.0010762199538964724,3.260515388056483e-06,0.9993399763089623,0.005901733411308512,4.861552459873917,4.208641855273774
2026-06-19,0.002038279094635658,0.0020376516332551837,6.274613804740191e-07,0.999706178370485,0.00036620206152274386,4.871461660620352,4.217217601223958
2026-06-20,0.0004479004038587098,0.00043546814999566395,1.243225386304587e-05,1.0,0.011769410789932946,4.873643590265526,4.2190540651708925
2026-06-21,-0.0012659787509806063,-0.0012774946279965887,1.151587701598239e-05,1.0,0.009624972518651218,4.867473661040397,4.21366424626741
2026-06-22,-0.0005942759522178545,-0.0005954827146268192,1.2067624089647532e-06,0.9999999999999999,0.0034799160639535044,4.864581038495587,4.211155082043517
2026-06-23,-0.0004448065929288691,-0.0004658618249873241,2.105523205845498e-05,0.9930744974703724,0.05893402351551342,4.862417240777828,4.209193265651691
2026-06-24,0.0052503669641141,0.005247787914549677,2.579049564424076e-06,0.9988527274931138,0.007577066312914835,4.887946715624547,4.231282219201181
2026-06-25,0.002196087849234927,0.002184693457830914,1.1394391404012813e-05,0.9987638189473147,0.015677135568343752,4.898681076014437,4.240526273783706
2026-06-26,-0.00041331386707803535,-0.00041590855397568004,2.594686897644703e-06,0.9998084670605468,0.006635113221973587,4.896656383195328,4.238762602633081
2026-06-27,-0.0016244522728876684,-0.0016251542752611968,7.020023735285472e-07,0.9993639593264091,0.000461249985665769,4.8887019986040965,4.2318739594675945
2026-06-28,0.00072774347256745,0.0007057691034674933,2.1974369099956657e-05,0.9986717983559958,0.014076674979625892,4.892259719572908,4.234860685357956
2026-06-29,0.00725670378241698,0.007253082642855442,3.6211395615386183e-06,0.9974572303661265,0.004190686238430958,4.927761399184499,4.265576479889836
2026-06-30,-0.0032026572659763397,-0.003204929038045386,2.2717720690459526e-06,0.9974934957540106,0.004481858441689822,4.911979468334403,4.2519056099654335
2026-07-01,0.0007109645373689982,0.0006987097132825745,1.2254824086423668e-05,0.9999999999999998,0.029975364005537422,4.915471711544674,4.254876457715078
2026-07-02,0.002086909393497218,0.002070946549029229,1.5962844467989193e-05,0.9993500089409958,0.024187179826047334,4.925729855632967,4.263688079431728
2026-07-03,-0.0019359667328219322,-0.0019366665583631496,6.998255412174126e-07,0.9991231538726802,0.0004218420114438506,4.916193806497594,4.255430737313001
2026-07-04,-0.00232596729993951,-0.0023299564734759618,3.989173536451796e-06,0.9999999999999998,0.0036689392843825496,4.9047589004635155,4.24551576891917
2026-07-05,-0.0006589467122768774,-0.0006723999096136562,1.3453197336778721e-05,0.9996690306427274,0.009032676300404028,4.901526925711544,4.242661084499885
2026-07-06,0.006314674078453587,0.006311444401720708,3.229676732878355e-06,0.9979371237311973,0.0024689777403953685,4.9324784707341776,4.26943840405005
2026-07-07,0.002546309986577452,0.0024432010696669297,0.00010310891691052247,0.9352184142968802,0.08298503922058931,4.945038089922786,4.279869500525702
2026-07-08,-0.004341724367248281,-0.004364584836672331,2.2860469424049733e-05,0.9999999999999997,0.06478158570311933,4.923568097550797,4.261189647000771
2026-07-09,-0.006312855186844876,-0.006313321519148332,4.6633230345549754e-07,1.0,0.0009910655137702503,4.89248632514839,4.234287386705189
2026-07-10,0.003773957051870253,0.003654798736669527,0.00011915831520072622,0.9991770083305894,0.12626181271577705,4.910950358416362,4.249762854896814
2026-07-11,0.00015160744893170155,5.725221314361659e-05,9.435523578808497e-05,0.9391429169806031,0.06540472969638053,4.911694895072031,4.250006163225593
2026-07-12,-0.00010850674028563618,-0.00012377633756134897,1.5269597275712754e-05,0.9391627968895695,0.009324318564278528,4.91116194306969,4.2494801130280955
2026-07-13,0.002253659137294808,0.0022323663412503903,2.1292796044417686e-05,0.9980394117107193,0.05887661482114962,4.922230028057423,4.258966509400232
2026-07-14,-0.0019603431777044733,-0.001961467665165343,1.1244874608697544e-06,0.9987654782762068,0.0036051497259454853,4.912580768002829,4.250612684305022
2026-07-15,-0.003230421137041838,-0.0033453291188167223,0.00011490798177488401,0.9991616107610765,0.11907416388568294,4.896711063252447,4.236392985919404
2026-07-16,0.001065402516718109,0.0009496149389299352,0.00011578757778817384,0.9987962743594602,0.11910495996893637,4.901928031542877,4.240415927986011
2026-07-17,0.005939673488407103,0.005939136220668538,5.372677385651118e-07,0.998158903653102,0.0009725336343944899,4.931043883513912,4.265600335814613
2026-07-18,-6.160869289080694e-05,-6.929054969763151e-05,7.681856806824574e-06,0.9982507123869744,0.0051667503706591955,4.930740088345661,4.265304770022554
2026-07-19,8.337193509162127e-05,6.426172991078215e-05,1.911020518083912e-05,0.9982883625415748,0.011575156860879145,4.93115117368826,4.265578865885672
2026-07-20,-0.0038597534932700434,-0.003862103134505128,2.3496412350845713e-06,0.99833462050242,0.006550509883310955,4.9121181457197745,4.249104760377256
2026-07-21,-0.003935549436867716,-0.003937523466288459,1.9740294207440033e-06,0.9993982870066003,0.005256560393917959,4.89278626191756,4.232373810672553
2026-07-22,0.004581457352601117,0.004579567363817101,1.8899887840163404e-06,0.9987469497230862,0.0022212543359648824,4.915202353511927,4.251756251647383
2026-07-23,-0.0017780470785036327,-0.0017790794295927312,1.032351089098525e-06,0.998005509172553,0.0031252300420423155,4.906462892327011,4.244192039560435
2026-07-24,0.002453737004210915,0.002450072495475658,3.664508735257233e-06,0.9988674470628784,0.00860361687031446,4.918502061885701,4.254590617742079
2026-07-25,-0.00019449489358009588,-0.00019514021982932912,6.453262492332511e-07,0.9992718515008203,0.00040440443794149267,4.917545438350601,4.253760375993649
2026-07-26,-0.0008816269705531589,-0.0009996611973144304,0.0001180342267612714,1.0,0.12396571277878549,4.91320999766323,4.249508056803095
2026-07-27,0.008241144785888102,0.008121768357898665,0.00011937642798943688,0.9984915813778655,0.12318544265583084,4.953700472617446,4.284021576875474
2026-07-28,0.0059957320614814485,0.005971503575010332,2.4228486471115865e-05,0.9403045890069253,0.05853927045305886,4.983401533364094,4.309603627037207
2026-07-29,-0.0006208868846081547,-0.0007333561086133498,0.00011246922400519507,0.9999999999999998,0.09564246408499649,4.980307404711292,4.306443152891617
2026-07-30,-0.0074201985581083905,-0.007428234488850325,8.035930741935118e-06,0.9999999999999999,0.018102375662529535,4.943352534887917,4.274453883339034
2026-07-31,-0.0031106792848895363,-0.003111207711783052,5.284268935159588e-07,0.9998769954659419,0.000889636465526928,4.927975350559735,4.261155169453529
2026-08-01,-0.0002889715233322712,-0.000397474627972188,0.00010850310463991684,0.9389306860618731,0.07684581414400152,4.92655130601574,4.259461468387818
2026-08-02,0.00030976706551398477,0.0001956689587449575,0.0001140981067690273,0.9978237258964647,0.07939726256581525,4.928077389356908,4.260294912778152
2026-08-03,0.0026134409033707414,0.0025977906968794222,1.5650206491319192e-05,1.0000000000000002,0.027681192159181457,4.940956628381229,4.27136226726853
2026-08-04,7.04605399778389e-05,5.1716705616280565e-05,1.8743834361558343e-05,0.9999999999999996,0.027340265342677295,4.9413047708532725,4.271583168053486
2026-08-05,0.007907927056787513,0.007902806216691566,5.120840095947195e-06,0.9983044840879444,0.01767838680343299,4.980380248546536,4.305340662069094
2026-08-06,0.00120130564220629,0.001055389958505374,0.00014591568370091618,0.9983186701217959,0.14984951882779174,4.986363207439447,4.309884475371786
2026-08-07,-0.0055365483616107835,-0.005546697593935587,1.014923232480345e-05,0.9999234692225667,0.02564693720005717,4.958755966392902,4.285978849522101
2026-08-08,1.0154376685424314e-05,1.0054007410642728e-05,1.0036927478158564e-07,0.9999932642491485,6.979502658169094e-05,4.958806319468876,4.286021940785216
2026-08-09,3.558923281958093e-05,2.6494134231181194e-05,9.095098588399736e-06,0.9999945923816665,0.006267045967181881,4.958982799581487,4.286135495225833
2026-08-10,0.003953725010044969,0.0039536235733608985,1.0143668407035502e-07,1.0,0.00026025174716516944,4.978589253900576,4.303081261558376
2026-08-11,0.0028814640503172294,0.0028753965134063063,6.067536910923031e-06,0.9991078949169959,0.01403421865884147,4.9929348798569855,4.3154543264147645
2026-08-12,-0.0028642537722804993,-0.0030431016744746995,0.0001788479021942003,0.9997139195713161,0.19276705942232605,4.978633847292604,4.302321960127933
2026-08-13,0.004620654793072413,0.004616000196213688,4.654596858725192e-06,0.9999999999999998,0.0050130754334636336,5.00163839564205,4.322181479140058
2026-08-14,-0.00030120462919643585,-0.00030155998801794135,3.553588215055223e-07,0.9994214590834991,0.0006081552634400224,5.000131879003716,4.320878082144997
2026-08-15,0.0006952502007016429,0.0006942859932879444,9.642074136984698e-07,1.0,0.0007927263638120821,5.003608221696127,4.323878007276135
2026-08-16,-0.00018243699610941057,-0.0002092059337090781,2.6768937599667538e-05,1.0,0.024527539129062127,5.002695378442453,4.322973426340378
2026-08-17,-0.001810441106857549,-0.0018108423311747454,4.012243171965337e-07,1.0,0.0003265139120505434,4.993638293084234,4.315145203063417
2026-08-18,-0.0003718578387721589,-0.00037332525412274193,1.467415350583055e-06,0.9998861725270107,0.002029054015856112,4.991781369540958,4.313534250383907
2026-08-19,0.00013974766970396244,-4.19376394848523e-05,0.00018168530918881475,0.999593676677937,0.2180216636957223,4.992478959355024,4.313353350939609
2026-08-20,-0.0014261766294935076,-0.0014274146022963624,1.23797280285473e-06,0.9995179153676146,0.003770240716995042,4.985358802539954,4.307196407381614
2026-08-21,-0.00040632701950735857,-0.0006526998381459553,0.00024637281863859665,0.9995429090844837,0.7311785263387827,4.983333116556543,4.304385100983653
2026-08-22,0.0018744658755698968,0.0018720787464918556,2.3871290780410805e-06,0.9981267414668789,0.0014161676176050152,4.992674204430125,4.312443248847921
2026-08-23,0.0005404805537002616,0.0004963233628852843,4.415719081497732e-05,0.9975461955144648,0.02272113308896414,4.99537264774858,4.314583615183441
2026-08-24,0.0018887165914226443,0.0018837096765577828,5.006914864861513e-06,0.996566054842242,0.003302425805451938,5.004807490948721,4.32271103808968
2026-08-25,0.003069447807519152,0.003069084012009132,3.6379551002014867e-07,0.9970294325690681,0.0006028809704997846,5.020169486328869,4.335977801425217
2026-08-26,-0.0008266431967660797,-0.0008277594648283362,1.1162680622564566e-06,0.9997417518190457,0.002746013493960401,5.016019597376382,4.332388654760801
2026-08-27,-0.0047221372245203185,-0.004722265966900159,1.2874237984060087e-07,0.9999999999999997,0.00028007263430281613,4.992333264516688,4.31192996326104
2026-08-28,0.001588579311390573,0.0015874646893091785,1.1146220813943216e-06,0.9995680314126849,0.0005680066832138771,5.000263981856266,4.318774999820492
2026-08-29,-0.00037550293364495036,-0.0003759885631560886,4.856295111382401e-07,0.9997898237888432,0.0002217923761582384,4.9983863680620795,4.317151189813715
2026-08-30,0.0003148255351374698,0.0002957699593234343,1.9055575814035487e-05,0.9994284075896335,0.009706287973185623,4.999959987725228,4.318428073445519
2026-08-31,-0.0019436991340821047,-0.001944530324116655,8.31190034550397e-07,0.9999589264275752,0.000779294536209091,4.990241569826642,4.310030759104188
2026-09-01,0.00038106593409940496,0.0003807514553291854,3.144787702195339e-07,0.9994493900269474,0.0007310583874923636,4.99214318089183,4.31167180958823
2026-09-02,-0.003973364764350672,-0.00397371323465409,3.484703034176781e-07,0.99933793783747,0.00030404978875385816,4.972307575078281,4.294538462254984
2026-09-03,-8.271574193379013e-05,-8.28929823264863e-05,1.7724039269616763e-07,0.9994079469337718,7.000909630171335e-05,4.971896286968086,4.294182475154132
2026-09-04,0.0008217127649750658,0.000821499539023011,2.1322595205480964e-07,0.9994884490687379,8.050213496613515e-05,4.975981757613219,4.297710144077952
2026-09-05,0.0006029692841679416,0.0005778598288161794,2.510945535176219e-05,1.0,0.01875084389730215,4.97898212177164,4.3001936181261105
