,ret_net,ret_gross,nav_net,gross_exposure
2010-01-04,,,1,0
2010-01-05,,,1,0
2010-01-06,-0.0015850382641091573,-0.0015850382641091573,0.9984149617358908,0.7565572836875222
2010-01-07,-0.000592282095670787,-0.000592282095670787,0.9978236184300049,0.7565572836875222
2010-01-08,-2.724645677718363e-05,-2.718645614017686e-05,0.9977964312719141,0.7561572794408103
2010-01-11,0.007328577347875022,0.007329727136363955,1.005108859595924,0.7635237201998519
2010-01-12,-0.005484725934589532,-0.005484724855232422,0.9995961129666127,0.7635165244857891
2010-01-13,-0.0014518237048917661,-0.0014517393944133482,0.9981448756344901,0.7640785943419093
2010-01-14,0.0037693453093187116,0.0037695550428746643,1.0019072283394834,0.762680370635558
2010-01-15,0.0006652133927846355,0.0006652685913614815,1.0025737104461026,0.7623123801232519
2010-01-19,-0.005759197821169254,-0.005759054587006764,0.9967996901173397,0.7632672745398493
2010-01-20,0.00431015171384215,0.0043101770660507474,1.0010960480100564,0.7634362892638284
2010-01-21,-0.0016704670412157857,-0.0016702473030668712,0.9994237500567642,0.7619713682710647
2010-01-22,-0.013873109058976759,-0.013871829638018645,0.9855586353760952,0.7705008413251531
2010-01-25,-0.007360036612737374,-0.007358815970784346,0.9783048877357278,0.7777798676483179
2010-01-26,-0.006282908563987234,-0.006281267950353392,0.9721582875783824,0.7815415918232467
2010-01-27,0.001243694364088612,0.0012439787427412211,0.9733673553616456,0.7796457341391854
2010-01-28,0.006067838059071647,0.006068080128090846,0.9792735908459671,0.7780319406778559
2010-01-29,-0.005785478413526003,-0.005785430706251951,0.9736080246251916,0.7783499891715324
2010-02-01,-0.004321643024110268,-0.004320983994407723,0.9694004382973523,0.7799075843759457
2010-02-02,0.0052972837709948485,0.005297923051235948,0.9745356275067402,0.7784135318732451
2010-02-03,0.005523820769915532,0.00560625988640071,0.9799187876469846,0.9881232573196908
2010-02-04,-0.009766614373087512,-0.009748905387235697,0.9703482987310931,0.9898439994485762
2010-02-05,-0.019932279458084862,-0.019928394395540013,0.9510070452691077,0.9910346048552072
2010-02-08,0.0020563388992991434,0.002191045790428551,0.9529626380498021,0.9888727682994803
2010-02-09,0.002474282166957996,0.0024762115602384753,0.9553205365109059,0.9845314920229731
2010-02-10,0.00147892982798851,0.001479110479627199,0.9567333885476418,0.9849401428659499
2010-02-11,-0.003030587465056263,-0.0030303822903503894,0.9538339243329085,0.9854067201346688
2010-02-12,0.00405593988796671,0.0040560617802535975,0.9577026173931061,0.9856849768618697
2010-02-16,0.011816970288947685,0.01182829179367615,0.969019760768488,0.985116204881911
2010-02-17,0.010013330760569499,0.010013668655632748,0.9787228761465907,0.985874825887482
2010-02-18,-0.0014996821990628279,-0.0013613029871608004,0.9772551028714181,0.9880709776411905
2010-02-19,0.00492110755266318,0.00506097245359931,0.9820642803390373,0.9899325619864229
2010-02-22,0.008423539195349538,0.008434409478596288,0.9903367372968259,0.9896366939564455
2010-02-23,-0.006414524840858939,-0.006414134265319852,0.9839841976946203,0.9905408556262358
2010-02-24,-0.00433778440507103,-0.004337136149650951,0.9797158863870242,0.9920685252523562
2010-02-25,-0.0066711519432994795,-0.006670659110692795,0.9731800528476721,0.9909070952403211
2010-02-26,0.010125394861103443,0.010125713249019138,0.9830338851537044,0.990133515135099
2010-03-01,0.002310968717828744,0.0023114486556447505,0.9853056457108601,0.9889501493498941
2010-03-02,0.009614141871234536,0.009614859209673598,0.9947785139752526,0.9907385145045295
2010-03-03,0.0014887720119195885,0.0014889368576003243,0.9962595123849181,0.9911478209323187
2010-03-04,0.000550413610600969,0.0005510824270921431,0.9968078671802254,0.9928265221100853
2010-03-05,0.005994828289183716,0.005994930810225793,1.0027835591812784,0.9930875164643084
2010-03-08,0.007942036065243782,0.007942071373726245,1.0107477023739295,0.9931829686904857
2010-03-09,-0.0007749139286452864,-0.0007745281860685785,1.0099644599010138,0.9942212537654872
2010-03-10,0.004489749241371937,0.00449026176226366,1.0144989470686672,0.9956011240886685
2010-03-11,0.002396170559578708,0.002396220141107407,1.0169298595783567,0.9954666514555358
2010-03-12,0.008873336429595481,0.008873620746312552,1.0259534203476968,0.9962397616576302
2010-03-15,-0.004576514354532847,-0.00457636108576811,1.0212581297923935,0.9966533647408434
2010-03-16,0.00590335754141943,0.005903915792864803,1.0272869816746393,0.9981829528366107
2010-03-17,0.006073460168200545,0.006073748289850182,1.0335261682391512,0.9973910619999964
2010-03-18,0.0013399740819206513,0.0014755803631085233,1.0349110665175785,0.9984011945095221
2010-03-19,0.0003278926580642763,0.00046721192112050906,1.035250406258039,0.9994418345316733
2010-03-22,-0.007648351298152218,-0.007509760940679735,1.0273324474694228,0.9997537863330999
2010-03-23,0.010386802463667693,0.010524856986140588,1.038003146665804,0.9998343491079729
2010-03-24,0.0010863859924422651,0.0012232557808494757,1.0391308187444528,0.9982367304032647
2010-03-25,0.0016179849027824016,0.001753594945088693,1.0408121167211972,0.9999999999999997
2010-03-26,-0.00414544371182582,-0.00414544371182582,1.0364974886767433,0.9999999999999997
2010-03-29,0.003907959715571061,0.004043585450333852,1.0405480791077826,0.9999999999999999
2010-03-30,0.001914788205801616,0.0019154145263099885,1.0425405082972279,0.9992923422770073
2010-03-31,-0.0013420558546867118,-0.001337364251023428,1.0411413607043196,1.0
2010-04-01,0.004772616142511096,0.004900841785146557,1.046110328769053,0.9999999999999994
2010-04-05,0.003693748529704553,0.003821333921278279,1.0499743972578524,0.9997139945796593
2010-04-06,0.00041126594522884876,0.0004173709338500221,1.0504062159708067,1.0
2010-04-07,0.005060985930141504,0.0050613243930817745,1.0557223070507682,0.9999999999999999
2010-04-08,-0.004367177960774117,-0.004367154063163134,1.0511117798587184,1.0
2010-04-09,0.006219712345023628,0.00622042975725094,1.0576493927719055,0.9999999999999996
2010-04-12,0.005792872418262599,0.005796617290407611,1.063776220767486,0.9990581596841417
2010-04-13,-0.002155656955836607,-0.0021552293943605046,1.061483084157735,1.0
2010-04-14,0.006050440513064281,0.006052762516429808,1.0679055244140554,1.0
2010-04-15,0.003930199906472967,0.00405390291189243,1.0721026066062294,0.9995386288123326
2010-04-16,-0.0023469985409117896,-0.002221807771739169,1.0695863833528167,1.0
2010-04-19,-0.011956960718580247,-0.011955807618576945,1.0567973809819389,0.9999999999999998
2010-04-20,0.012990168593261957,0.013114300291517163,1.070525357129812,0.9995287991080746
2010-04-21,0.0034802189240042457,0.003607674996229597,1.0742510197363213,0.9969883988859074
2010-04-22,-0.008451767154632753,-0.008323084035002688,1.065171700251883,0.9992169325587515
2010-04-23,0.00686059329828308,0.006987699591920846,1.0724794100801518,0.9999783282036538
2010-04-26,0.00805829027728622,0.00805920255400847,1.0811217604829904,0.9985619049863939
2010-04-27,-0.006219464177442539,-0.006217976472870679,1.0743977624222127,0.9999999999999997
2010-04-28,-0.004830471642438492,-0.004826193667626078,1.069207914498133,0.9999999999999998
2010-04-29,0.0035624579380117783,0.0035650652562552016,1.073016922720522,0.9986844381213471
2010-04-30,0.008767906515913113,0.008769066998438931,1.0824250347889284,0.9976555332051835
2010-05-03,-0.005294788316911509,-0.005284056408694317,1.0766938233607954,0.9984095962213665
2010-05-04,0.0005995621195989398,0.0006030768956622592,1.0773393681916887,0.9999999999999998
2010-05-05,-0.020008018270564077,-0.019996677413842763,1.0557839424293114,0.9989015095392313
2010-05-06,0.002466305605874528,0.0024847038695377933,1.0583878282851171,0.9990272632707773
2010-05-07,-0.01020688444911875,-0.01005230616484545,1.0475849860194573,0.9949586830072505
2010-05-10,0.008375111302196703,0.008387183913702361,1.0563586268758804,0.9954378115566291
2010-05-11,0.003074550080639816,0.0030866476588842003,1.0596064543773263,0.9929742778796582
2010-05-12,0.006389809316097876,0.006520746817525247,1.066377137570904,0.9950347912877368
2010-05-13,0.004789295306578545,0.004924691928616705,1.071484332590915,0.9958082101287516
2010-05-14,-0.010439444602389448,-0.010311061782297461,1.0602986312585039,0.9977273409079952
2010-05-17,-0.005095628625615411,-0.00509374949093285,1.0548957432013621,0.9989946421471445
2010-05-18,0.0015978003250963233,0.0016900487032553728,1.0565812559627918,0.9963336613187994
2010-05-19,-0.011026791476132189,-0.011024910346833243,1.0449305547757004,0.9950301113251239
2010-05-20,-0.01100382347981648,-0.01099804843339919,1.033432323402282,0.9955266304805389
2010-05-21,-0.02015980500417661,-0.020151464518925914,1.0125985292774788,0.9922802867021059
2010-05-24,0.010321185367101011,0.010735880053726167,1.0230497464006056,0.9666041862697905
2010-05-25,-0.00033103593908858443,-0.00028040072983461504,1.0227110801670716,0.8542792453814032
2010-05-26,0.0050974635213263215,0.005099912387697333,1.0279243125910795,0.853144979339264
2010-05-27,-0.002148366314077577,-0.0021399095112291586,1.0257159546244876,0.8403931336127373
2010-05-28,-0.00019760198960921445,-0.00019322411757338444,1.02551327111108,0.8286825034411628
2010-06-01,-0.0038806435048278094,-0.003521142111832106,1.021533619696428,0.9853338514639098
2010-06-02,-0.0028411045153701993,-0.0024717344463128614,1.018631335916906,0.8547656574336476
2010-06-03,0.0005148991620143768,0.0005221749830148929,1.019155828338171,0.8430866799986065
2010-06-04,-0.00573139948701764,-0.005352205713533637,1.0133146391464425,0.9838918877399779
2010-06-07,-0.004180946344758984,-0.004175666585421446,1.0090780250098124,0.9839812159070838
2010-06-08,0.0013380320079375355,0.001719167298951582,1.010428203705782,0.886586926511352
2010-06-09,-0.0016992100673376318,-0.0016926172095486174,1.008711273929723,0.9001715320632709
2010-06-10,-0.0030843677604342006,-0.003069474282810735,1.0056000373968277,0.9323447011670636
2010-06-11,0.0019313887215155925,0.0019357072113158767,1.0075422419674116,0.9368746305771767
2010-06-14,-0.0009525918388773635,-0.0009323636134073445,1.0065824654503892,0.9808709826810887
2010-06-15,-1.1176801494674452e-05,-9.658042055415077e-06,1.0065712150779849,0.9811558458955019
2010-06-16,0.0037177315575718686,0.0037234860320800507,1.0103133766492236,0.9810256679690165
2010-06-17,0.004524440677715127,0.004957519117556279,1.0148844795877752,0.9810243069189926
2010-06-18,0.0031742298309447208,0.003174598973485791,1.0181059561778456,0.9815376353958629
2010-06-21,0.0030990719971532225,0.0031004916565546556,1.0212611398367715,0.9829241187763639
2010-06-22,-0.0064932917557295935,-0.006491894782371755,1.0146297932970223,0.9838152822135701
2010-06-23,-0.007851364659839368,-0.00784882550123768,1.0066635647951099,0.9846870766538667
2010-06-24,-0.0027922926117440435,-0.00242305446178933,1.0038526655606206,0.9828576331252998
2010-06-25,-0.00033976026662714716,-0.0003371950770896587,1.0035115963113153,0.9806599767622917
2010-06-28,0.002917813317896823,0.0029186936616673654,1.0064396558116964,0.9803276562083322
2010-06-29,-0.004299192770534665,-0.004298678306961413,1.0021127777194514,0.9802810582596027
2010-06-30,-0.003502189721301789,-0.003500349570549956,0.9986031886497372,0.9806841377253404
2010-07-01,-0.005473838903235057,-0.005471657104617467,0.9931369956668117,0.9800894945569355
2010-07-02,-0.009004645897296689,-0.00900446856704711,0.984194148693327,0.9796068598501374
2010-07-06,-0.0012911411580988227,-0.0012810337800367015,0.982923415120389,0.9788535561457041
2010-07-07,-0.0028051181348772423,-0.0027962630733508074,0.9801661988234394,0.9776165914578518
2010-07-08,0.008537938289396425,0.008540848782154326,0.9885347973423462,0.9774416768281904
2010-07-09,0.0005408778457318864,0.0005426917912637372,0.9890694739139637,0.9770675077631004
2010-07-12,0.0029833143030978827,0.0029839983788544893,0.9920201790222488,0.9782063006415376
2010-07-13,0.0035008849746165434,0.0035025824414121084,0.9954931275615042,0.9782787963321717
2010-07-14,-0.001192798708170566,-0.0011921785890037764,0.9943057046449562,0.9786774873635151
2010-07-15,-0.0004359843980691718,-0.00043267341583419,0.9938722028708198,0.9791448191168599
2010-07-16,-0.00584051683750883,-0.0058398800527477935,0.9880674755356208,0.9789856663636869
2010-07-19,-0.006365183378085353,-0.006360450191303629,0.9817782448639147,0.9789279044318862
2010-07-20,0.0004775216346031392,0.0004798361088136522,0.98224706521622,0.9781494568213938
2010-07-21,0.01064435817171752,0.010645383426712401,0.9927024547914998,0.9773094375062801
2010-07-22,-0.005026359949444774,-0.005023885761947836,0.9877127749310203,0.9773723734814058
2010-07-23,0.000415886385943498,0.0004177267940630934,0.9881235512273366,0.9787691017630629
2010-07-26,-0.0009515275630626027,-0.0009501325266803159,0.9871833244326326,0.9781103474214488
2010-07-27,-0.0011074804450468816,-0.0011069887160212856,0.9860900382051471,0.9781650380914331
2010-07-28,-0.004540861526294865,-0.004136730622490439,0.9816123398891987,0.9780405100407357
2010-07-29,-0.0003774274783921664,-0.00019980522312423206,0.9812418524189956,0.9778953841393927
2010-07-30,-0.01137055204432553,-0.011370149150566361,0.970084590867995,0.9767522116423881
2010-08-02,0.012079267812984486,0.012638979979348448,0.9818025024423389,0.9767097906106375
2010-08-03,0.00035511996098070147,0.0003559841109351966,0.9821511601086971,0.9742914726125083
2010-08-04,0.001616024936177128,0.0021765815887911126,0.983738340874528,0.9755067175508365
2010-08-05,-0.0009947448864763356,-0.000901002070911562,0.9827597721903124,0.9755411118596725
2010-08-06,-0.0013307009924471676,-0.001327379330050004,0.9814520127861216,0.9760053433198362
2010-08-09,0.008886071077410119,0.008977031048158843,0.9901732651308063,0.9757838446583297
2010-08-10,-0.00434172951445453,-0.004339650654148529,0.985874200641164,0.9754570440088428
2010-08-11,-0.007775202562395538,-0.007774541808617839,0.9782088290301393,0.977372920032254
2010-08-12,-0.015592216613620053,-0.015572188768841947,0.9629563850745457,0.9764353657824019
2010-08-13,0.002226796497875344,0.0027266540370347128,0.9651006929804363,0.7993504298708723
2010-08-16,0.0053400562617283475,0.005415162283407041,0.9702543849791848,0.6503946685510444
2010-08-17,0.008573754964216225,0.008579145152243247,0.9785731083289526,0.646813699423932
2010-08-18,-0.002266133134055055,-0.002171076864601738,0.976355531384073,0.9232656479409802
2010-08-19,0.0012755646984754098,0.0013071097632019204,0.9776009360330679,0.8684598489474951
2010-08-20,-0.0030998689095555363,-0.003083004894657184,0.9745705012855066,0.9072849579826295
2010-08-23,-0.0004950429330600788,-0.0004911317140569434,0.9740880470460763,0.9117894231353618
2010-08-24,-0.00920766103106023,-0.009203986643465733,0.9651189744944686,0.9086680562953324
2010-08-25,0.004585305100509606,0.0045904609452258795,0.9695443394508166,0.9096880435473271
2010-08-26,0.004743414886345227,0.0047467104733078126,0.9741432905035394,0.9040893959288556
2010-08-27,-0.0025232574860989954,-0.0025134130230691177,0.9716852761532433,0.8960208519108522
2010-08-30,-0.0014954367065859678,-0.0014928765331813224,0.9702321823240346,0.889746061982841
2010-08-31,-0.0013522031028584491,-0.0013194748960084488,0.968920231356603,0.9723080278091489
2010-09-01,0.008660618251573507,0.00868170589702339,0.9773116795966089,0.9721608604589921
2010-09-02,0.005310793389927557,0.005320309992119317,0.9825019800045095,0.9720416703174982
2010-09-03,0.00272171364015169,0.0027287176248261295,0.9851760690449637,0.9728001555116945
2010-09-07,0.009497001191042333,0.009499850606365354,0.99453228734607,0.9732609851074969
2010-09-08,-0.0019570671343506455,-0.001952055505236686,0.9925859208924545,0.9674782534189754
2010-09-09,0.004892673260683981,0.0049058299079709445,0.9974423194865364,0.9743318207221929
2010-09-10,-0.006915774189634874,-0.006911189099562944,0.9905442336377819,0.9741602767182753
2010-09-13,0.006831391363034261,0.006835717412697523,0.9973110289601584,0.9745819412682779
2010-09-14,0.00018333794324304137,0.0006781382273273615,0.9974938739129815,0.973983687238803
2010-09-15,-0.0004276244737990991,-0.00042520527315824164,0.9970673211200317,0.9745730654424711
2010-09-16,0.0022568630858916827,0.002258560154762953,0.9993175655512164,0.9747448148148496
2010-09-17,0.006214561458098828,0.006217351474250893,1.0055278859784922,0.9746368437965167
2010-09-20,5.222566422045745e-05,5.540936160161696e-05,1.0055804003402296,0.9752105348766444
2010-09-21,0.009751044301858459,0.00975621306077909,1.0153858593730276,0.9767955151399345
2010-09-22,0.0012298843698377744,0.0012299806060719523,1.0166346665708248,0.9768097025993188
2010-09-23,-0.005023219316936314,-0.00501960845807903,1.0115278876754392,0.9793225386974016
2010-09-24,0.007388950885707914,0.007393408724515869,1.019002017556997,0.9796418926897822
2010-09-27,0.006757301871496661,0.006758310651311172,1.0258877217972937,0.9783460330507904
2010-09-28,-0.001133344042275507,-0.0011318071440233183,1.0247250380597512,0.9802540889069262
2010-09-29,0.0014242205664140415,0.0014310425680639396,1.0261844725338753,0.9820101612600094
2010-09-30,0.0036692874254201048,0.003675450245579114,1.0299498383151051,0.9817155793183044
2010-10-01,-0.0016089960647124107,-0.0016065644840023018,1.028292653078405,0.9820862785690186
2010-10-04,-0.0033004996475916744,-0.0033002216908064835,1.0248987735392985,0.9830338467415691
2010-10-05,0.004736480467486032,0.004737876950464506,1.0297531865613179,0.9826179488499753
2010-10-06,0.008409806898428043,0.008410513600146673,1.0384132120133394,0.9817659970813899
2010-10-07,0.00418392409913986,0.004185634100798265,1.0427578540759472,0.9829882311035315
2010-10-08,-0.005415075965519082,-0.005414432779318253,1.0371112410824843,0.9851670680145319
2010-10-11,0.0008878990714001434,0.0008885430137377577,1.03803209119038,0.9862581815274626
2010-10-12,-0.0010098766659852464,-0.00100897737562397,1.0369838068029429,0.9848467209028632
2010-10-13,0.007170535731447528,0.007172250699569248,1.044419536242556,0.9850768941516589
2010-10-14,0.0014036070356416041,0.0014043242295589758,1.0458854908517874,0.9848145488774175
2010-10-15,0.0024035415765836024,0.0024050641680409984,1.0483993201133952,0.9866747802139579
2010-10-18,-0.004675732991644018,-0.004673225566710794,1.043497284823924,0.9870414608041
2010-10-19,-0.007301537328101246,-0.007299759813694162,1.0358781504470098,0.9876677606785209
2010-10-20,-0.0005737890184397987,-0.000572678230933852,1.0352837749398416,0.9864458077901377
2010-10-21,0.011361909630707202,0.01136690715662853,1.0470465756328455,0.9845424239238252
2010-10-22,-0.0012037296006690702,-0.0012013857203068004,1.0457862146764771,0.9843938955000062
2010-10-25,0.008421303003153352,0.008430011062475649,1.0545930972667885,0.9873498978021858
2010-10-26,-0.00858210423852416,-0.008579261013432028,1.045542469376817,0.9870350756341653
2010-10-27,-0.0008720745352410441,-0.0008629653456491001,1.0446306784137604,0.989245506071689
2010-10-28,0.006067261990876714,0.006068099684552481,1.0509687264234042,0.9869730187092078
2010-10-29,-0.0017592468231339405,-0.0017585640778009421,1.0491198130302308,0.9867445670937649
2010-11-01,0.006496288978754278,0.0064969108733823645,1.055935198509012,0.9883539086636596
2010-11-02,0.00010615599135018224,0.00010655212331305727,1.0560472923568114,0.987884815594258
2010-11-03,0.003013932961353388,0.0030154456081028123,1.0592301480999937,0.9896106448334708
2010-11-04,0.00959994004213763,0.009603048056723929,1.0693986940125781,0.9896390891832015
2010-11-05,0.005392816921183578,0.005394242494806367,1.075165765385141,0.99044416053918
2010-11-08,1.7545749174961636e-05,2.1812058043749915e-05,1.0751846299739818,0.9930221194002814
2010-11-09,0.0037510597403746055,0.0038181674392361734,1.079217711752947,0.9944821259331693
2010-11-10,-0.009038043362895324,-0.009038008136172743,1.069463695276119,0.9944880291868957
2010-11-11,-0.004736965625599199,-0.004736593112854891,1.0643976825137698,0.9954657229737792
2010-11-12,-0.0016891047980747444,-0.001686714060205677,1.062599803281176,0.9931446667994623
2010-11-15,-0.0043383181826725506,-0.004337087708161511,1.0579899072336971,0.9919385646593675
2010-11-16,-0.009202221293193076,-0.009202066106061724,1.048254049981368,0.9915109673701412
2010-11-17,-0.006968016758902187,-0.0069577208482953035,1.0409497981935107,0.9904133336810761
2010-11-18,0.008246554270425331,0.008248953623097773,1.0495340471971017,0.9880901619189657
2010-11-19,0.0023437321583965583,0.002344445355104419,1.0519938738948498,0.9863200336266862
2010-11-22,0.0001986188930603757,0.000200898891010534,1.0522028197535889,0.9884051679569106
2010-11-23,-0.004468219605753671,-0.004468001652594703,1.0475013464851366,0.9890025344792922
2010-11-24,0.0019941123467464203,0.001994256271807912,1.0495901818533961,0.9890533920781366
2010-11-26,-0.0007152190233996739,-0.0007134643539611108,1.048839494988561,0.9879228878920502
2010-11-29,-0.0034217024070326892,-0.003420948004388969,1.045250678363968,0.9884257883204945
2010-11-30,-0.004310873236765924,-0.004310291919028598,1.0407447351888972,0.9882458958477817
2010-12-01,0.015818860629459763,0.015820009577487214,1.0572081311056944,0.9873867310839086
2010-12-02,0.007837509176323887,0.007840616294759246,1.0654940095345196,0.9863048076011672
2010-12-03,0.006398179312731124,0.0064047654301449194,1.0723112312641623,0.990255330863642
2010-12-06,0.004465878818985069,0.004466602447426045,1.0771000432792248,0.992223464444928
2010-12-07,0.008343994709502022,0.008344692236111438,1.0860873603419512,0.99379752974727
2010-12-08,-0.008879369167597437,-0.00887794881008506,1.0764435897212135,0.9948953499225862
2010-12-09,0.005915979196480942,0.005916750198137544,1.0828118076041893,0.9969430160061069
2010-12-10,0.0003829962529464363,0.00038380867180207276,1.0832265204691478,0.9947641080994496
2010-12-13,0.006983887620237211,0.006984422465472871,1.090791652755365,0.9962010019559245
2010-12-14,-0.0015399252234468658,-0.001539883407153242,1.0891119151757618,0.996294843931637
2010-12-15,-0.0008485667293502173,-0.0008479359279199422,1.0881877310400048,0.9979986029755891
2010-12-16,-0.0010188525720130658,-0.0010186205530460094,1.0870790281714016,0.9976210399990583
2010-12-17,0.0026561873374600655,0.0026579658115112145,1.0899665137208487,0.9974136539955167
2010-12-20,0.002612861638113356,0.002615896808215543,1.0928144454113782,0.9971646751488701
2010-12-21,0.00283428580188947,0.0028354425294647738,1.0959117938781073,0.9978175375433377
2010-12-22,0.000829313037179369,0.0008306702323328079,1.0968206478163691,0.9984558740626709
2010-12-23,1.0617923924498132e-05,1.1400552664819612e-05,1.0968322937745665,0.999150650932718
2010-12-27,-0.0018900322595192859,-0.0018898271801423628,1.09475924535605,0.999355205708831
2010-12-28,0.005005822468315157,0.005006811101703814,1.100239415783849,0.9993580165322963
2010-12-29,0.0015149062352266417,0.0015150727308631858,1.101906175335062,0.9988917474190623
2010-12-30,-0.0012139362711574063,-0.0012132851331094346,1.1005685314614104,0.9999999999999993
2010-12-31,-0.0018922894569701604,-0.0018918101909767106,1.0984859372326528,0.9999999999999999
2011-01-03,0.008249755363913803,0.00825073047152205,1.1075481774855218,0.9997008502450051
2011-01-04,0.0011440069943101593,0.0011441654290326993,1.1088152203471007,0.9992341091865451
2011-01-05,-0.006038628011312723,-0.006037489871672883,1.1021194976981428,0.9999999999999996
2011-01-06,0.005713376355029146,0.005721817526953754,1.108416321176708,0.9999999999999997
2011-01-07,-0.001459286578189601,-0.001458805375185228,1.1067988241161686,0.9985191906895745
2011-01-10,-0.0039752017201301875,-0.0039747294258653905,1.102399075526704,0.9999305966424913
2011-01-11,0.005105338975151002,0.00510617011580935,1.1080271964931607,0.9995676560024869
2011-01-12,0.0032010861814630327,0.0032033255981096516,1.1115740870405402,0.9985826312097612
2011-01-13,0.0012015560655577679,0.0012021790795781534,1.1129097056271406,0.9998485580931414
2011-01-14,-0.004052592495117219,-0.004051928228037632,1.108399536106373,0.9999999999999998
2011-01-18,0.00707230742184973,0.00714675793510796,1.1162384783719528,1.0
2011-01-19,0.002733322752295497,0.002733667427949696,1.1192895184018745,0.9989991212641822
2011-01-20,-0.008207409488378599,-0.008207060298954887,1.1101030509883003,1.0
2011-01-21,0.006390752152028039,0.0064722442661485505,1.1171974444503767,1.0
2011-01-24,-0.005697254448230674,-0.005616210980606148,1.11083248634043,0.9982025447333581
2011-01-25,0.0013256036384631503,0.0014149510070741137,1.112305009926046,0.9997740959708931
2011-01-26,0.005894568557471283,0.005896684457598196,1.118861568063874,0.9985918883656884
2011-01-27,0.0005451660632613211,0.0006371810983851363,1.1194715334202698,0.9989283925648923
2011-01-28,-0.0003787525816298524,-0.00028563031894684445,1.1190475306869256,0.9999999999999999
2011-01-31,-0.014523103299527683,-0.014426575872798608,1.1027954878016781,1.0
2011-02-01,0.005836598009762904,0.005836624923790552,1.109232061750957,0.9999321191420508
2011-02-02,0.0065940303339546225,0.006595204578476197,1.116546371613538,0.9969917524190274
2011-02-03,-0.0005698190759331644,-0.0005693471200431278,1.1159101421918287,0.9981815955972149
2011-02-04,0.005099820754302137,0.0051003377907880955,1.1216010838949146,0.9994971368536
2011-02-07,0.0030107519815782443,0.0031115529961474155,1.1249779465807916,0.9993823056183834
2011-02-08,0.003005760724643362,0.003106901107701069,1.1283593611087142,1.0
2011-02-09,0.002308830419397112,0.002308830419397112,1.1309645515256532,1.0
2011-02-10,-0.004061299210203977,-0.004061299210203977,1.1263713660857735,1.0
2011-02-11,0.0009446645353374768,0.0009446645353374768,1.1274354091689343,1.0
2011-02-14,0.007967954819250623,0.007968274816264338,1.1364187635708156,0.9991933297185576
2011-02-15,-0.0013807908528203064,-0.001380717718959557,1.1348496069371037,0.9993795268242555
2011-02-16,0.003856059362912807,0.0038563022939262677,1.1392256543894315,1.0
2011-02-17,-0.0010917444587138368,-0.000991782285258178,1.1379819110940272,0.999728006379723
2011-02-18,0.0073520395052557455,0.007352121768296775,1.1463483990606569,1.0
2011-02-22,-0.0043140550642805295,-0.004313649280494816,1.1414029889442594,0.9997719741819051
2011-02-23,-0.007006349627654403,-0.007005540047684204,1.133405920537666,1.0
2011-02-24,-0.005023881705898498,-0.005022978151187829,1.1277118232681198,0.9990096801360905
2011-02-25,0.0027509360959321535,0.0027562955869984136,1.1308140864285574,0.9974105579704058
2011-02-28,0.006487272408808661,0.0064883675958904395,1.1381499854509376,0.9962703963069162
2011-03-01,0.006273578615772393,0.006274539277756532,1.1452902588612042,0.9968862163569849
2011-03-02,-0.012367606127269528,-0.012361730786683331,1.1311257600382103,0.998336920984733
2011-03-03,0.007318202496096514,0.007320055923522865,1.139403567398721,0.9997403006301677
2011-03-04,0.006087128736081621,0.006094792888420762,1.1463392635958276,0.996895393386862
2011-03-07,0.0004929582283857312,0.0004949172735889,1.1469043609683387,0.9985704519745839
2011-03-08,-0.007798439907548385,-0.007797724904650157,1.137960296229622,0.9999481027988525
2011-03-09,0.003913694489126216,0.00391872257842436,1.1424139251698204,0.9999999999999998
2011-03-10,-0.007478797847344201,-0.007476982562555229,1.1338700423654844,0.9982533686714308
2011-03-11,-0.009355678007386166,-0.009355234704079894,1.1232619193468916,0.9991139638153194
2011-03-14,0.0033616733850450656,0.003362983324884348,1.1270379590455946,0.9974708211873877
2011-03-15,-0.02376426888978051,-0.023762020755933016,1.1002547259378455,0.995430709475719
2011-03-16,0.007929266853918407,0.007932723567279814,1.1089789392670915,0.9961590737569386
2011-03-17,-0.0023643689606497958,-0.0023600963961000463,1.106356903885074,0.9910119493885522
2011-03-18,0.007414697690423544,0.007415413102263636,1.1145602058650947,0.9927157220791586
2011-03-21,0.0049282208981441,0.004929692761948688,1.1200530047638788,0.9922070214619151
2011-03-22,0.0020400420785370087,0.002041735959851177,1.1223379600237888,0.9938001463956894
2011-03-23,-0.002785230653611547,-0.0027840222500124115,1.1192119899338187,0.9948615963069564
2011-03-24,0.01005354277631385,0.010054590696858342,1.1304640355503814,0.9953032535145594
2011-03-25,0.005961640507885329,0.0059621223185442026,1.137203455737426,0.9946995137882627
2011-03-28,-0.002442614379661193,-0.0024384839278204107,1.1344257062238414,0.9968687228064936
2011-03-29,-0.0033805110050174093,-0.003379584778413319,1.130590767639577,0.9981633370755117
2011-03-30,0.012416217405742605,0.012419236801868731,1.1446284284075152,0.9976388748990906
2011-03-31,0.0017753650648829474,0.0017758917091391796,1.1466605617315817,0.9969163099457041
2011-04-01,0.0024867471826017992,0.0024883770783229865,1.1495120166528683,0.9995874354806782
2011-04-04,0.004005365100773201,0.004008368542289592,1.154116231967289,0.9999724510596446
2011-04-05,-0.0032407528925756835,-0.00323632329431198,1.1503760264501726,0.9999999999999998
2011-04-06,0.008762902310711224,0.00876494745085083,1.1604566591905396,0.9999999999999998
2011-04-07,-0.0006209274521750286,-0.0006203572162185671,1.1597360997937889,0.9993160670990031
2011-04-08,0.003918953976587999,0.003924839454205527,1.1642810521938685,0.9999999999999996
2011-04-11,-0.005306990716005036,-0.005306643361290221,1.158102223459055,0.9998683078480564
2011-04-12,-0.006557827969601733,-0.006557058224877252,1.1505075883063973,0.9999999999999996
2011-04-13,0.0027765977908349067,0.0027782484200088256,1.1537020851344277,0.9988594246358976
2011-04-14,-0.006477593647250967,-0.006471993363839627,1.1462288718369407,0.9974522993081603
2011-04-15,0.008883049574992122,0.008883852099186629,1.1564108797297554,0.9980444484741932
2011-04-18,-0.005213976333821257,-0.005212470979514985,1.150381380770671,0.9966800010334171
2011-04-19,0.0009748742638912949,0.0009768598701342644,1.1515028579724442,0.9985474125552976
2011-04-20,0.012939716405322382,0.012940372161668583,1.166402978394526,0.9974475085497823
2011-04-21,0.004445677934159909,0.004446452763992061,1.171588430377913,0.9976534208161513
2011-04-25,0.0007816340446503568,0.0007861732951832153,1.1725041837814147,1.0000000000000002
2011-04-26,-0.0010535898361673614,-0.0010533622152748387,1.171268845290519,1.0
2011-04-27,0.008110992929015055,0.008111366743580557,1.180768998612646,0.9999999999999998
2011-04-28,0.005716327152902834,0.005722017625118957,1.1875186605007213,0.9997792652352522
2011-04-29,0.004789361050992391,0.004792659447255005,1.1932061161206502,0.9999999999999993
2011-05-02,0.005738046875869361,0.005740104583441467,1.2000527887475245,0.9999999999999996
2011-05-03,-0.004955970341090107,-0.00495567425386259,1.1941053627187495,1.0
2011-05-04,-0.000144096656980235,-0.00014334063918721406,1.1939332961278994,1.0
2011-05-05,-0.010386988908939156,-0.010386454810844232,1.1815319242230058,0.9989648978386336
2011-05-06,0.0025827265642283234,0.0025831848118943214,1.1845834981101804,0.9989349902799851
2011-05-09,-0.002452660509763508,-0.0024482482392625534,1.181678116943848,0.9967613112859092
2011-05-10,0.00557322442226612,0.0055746958902934424,1.188263874284457,0.9972990479030378
2011-05-11,0.003214504839273023,0.003214939604338096,1.1920835542586776,0.9967808092482955
2011-05-12,-0.008374759446268884,-0.008374357723497775,1.182100141251908,0.9979624819764117
2011-05-13,0.006509739602471033,0.0066137051437789645,1.1897953053555024,0.9986477794051325
2011-05-16,-0.009012069421789058,-0.0089092369584768,1.17907278746592,0.9968632534044719
2011-05-17,-0.003501411631491179,-0.0033974701738579056,1.174944368293512,0.9985222805666553
2011-05-18,0.004645920656634733,0.00464773937076802,1.1804030666045633,0.9966186875488354
2011-05-19,0.0023708580260019554,0.002371210213956732,1.18320163468894,0.9957681970780483
2011-05-20,0.0005269717724693971,0.0005276144540173178,1.1838251485515607,0.9969290822458647
2011-05-23,-0.009306054662595329,-0.009297146625504403,1.1728084070081848,0.9975242544922238
2011-05-24,0.00314562860200028,0.0031476551438631693,1.176497626677936,0.9976568079201757
2011-05-25,-0.003715656409847658,-0.0037113824390460825,1.1721261657301996,0.9952999785018739
2011-05-26,0.0014728455552035513,0.0014742318734133255,1.1738525265435331,0.9960937476993955
2011-05-27,0.005532048975463061,0.005533818948559166,1.180346336210343,0.9951571445465388
2011-05-31,0.006876034658625146,0.006881009294247833,1.1884624385273066,0.9955283161676086
2011-06-01,0.0024531434393878677,0.00245369167875915,1.1913779073613389,0.996924072484932
2011-06-02,-0.012087731049314992,-0.012087133880771669,1.1769768516390593,0.9986753268331737
2011-06-03,-0.010541595495937936,-0.010540855769314999,1.1645696377609978,0.9993021250858213
2011-06-06,-0.000960036203229443,-0.0009542131681914498,1.1634516087475653,0.9962146585817118
2011-06-07,-0.0009148930401948064,-0.0009098512830087657,1.1623871749681187,0.993549048606573
2011-06-08,-0.0029703296622059054,-0.002969713779072634,1.1589345018633432,0.9933101982983186
2011-06-09,0.0014882090813521198,0.0014937876845251962,1.1606592387137087,0.9930831059561334
2011-06-10,-0.001413964499201103,-0.0014111662782825495,1.1590181077544979,0.9923417037331863
2011-06-13,-0.005497139093485109,-0.0054959898472544426,1.1526468240043035,0.9927169013591433
2011-06-14,0.003934477531983353,0.003936524792043009,1.1571818870356605,0.9923628025195247
2011-06-15,-0.0035559613397255123,-0.00355442041387721,1.1530669929823312,0.9909869243468714
2011-06-16,-0.002025466368024544,-0.00202133072465932,1.1507314945679663,0.9919709137831695
2011-06-17,0.007038299062534397,0.007040980891448214,1.1588306869674128,0.9910790275225998
2011-06-20,-0.004530422006551604,-0.004525264218066765,1.1535806949213083,0.9905721821631376
2011-06-21,0.00854387146292852,0.008545415440850553,1.1634367401008316,0.9923337452122396
2011-06-22,0.003136029950105944,0.0031381093050587795,1.1670853125628415,0.99118818467421
2011-06-23,-0.011005131616972521,-0.011003365455806706,1.154241385089852,0.9933353813170769
2011-06-24,0.004811705965558006,0.0048154246279626944,1.1597952552481827,0.9941320641029141
2011-06-27,-0.00973821940169848,-0.009734922150123494,1.148500914591527,0.9913444292385123
2011-06-28,0.007302226666871879,0.007305401822384474,1.156887528596984,0.9925480133895296
2011-06-29,0.00960041536411074,0.009710053246927709,1.1679941294010745,0.9901009698936752
2011-06-30,0.0068988701433988905,0.006899767770055788,1.1760519692280649,0.9919270236191465
2011-07-01,0.001145312908949161,0.0011471564567691775,1.177398916730017,0.994015055875529
2011-07-05,0.013509378899053674,0.013509879273600266,1.193304844811458,0.9954995863449685
2011-07-06,0.0009480672097177522,0.0009487069775154026,1.194436178006021,0.99574535963826
2011-07-07,0.00790397714633192,0.007905068889143826,1.2038769742597326,0.9986306737054698
2011-07-08,-0.0038032543987187887,-0.00380242320177833,1.199298323861863,0.9988346403252011
2011-07-11,-0.00501995847529155,-0.005019549357353742,1.1932778960765897,0.9999999999999997
2011-07-12,-0.0024557768499474694,-0.0023389146259340573,1.190347471843851,0.9991806713703675
2011-07-13,0.0034729848769926275,0.003474615619822054,1.194481530611931,0.9981041692511449
2011-07-14,0.0009126995685999251,0.0009150745382781661,1.1955717333896212,0.9975120107800436
2011-07-15,-0.004092098012798273,-0.004090277091274539,1.1906793366752597,0.9983903384832234
2011-07-18,-0.004006834878002911,-0.0038930471588277922,1.1859084811805518,0.9986229780669998
2011-07-19,0.0008255307861345639,0.000828246338611817,1.1868874851413043,0.9975823908037826
2011-07-20,0.007730630142639243,0.007733350785351935,1.1960628733098588,0.9967437625267137
2011-07-21,-0.0009290996211942077,-0.000819409613613644,1.1949516117473422,0.9969232922088124
2011-07-22,0.006509663047340431,0.006619338406933036,1.2027303440976937,0.998614545048209
2011-07-25,-0.004781632513519056,-0.004781317555112252,1.1969793295793603,0.9984036618340795
2011-07-26,0.001819735102120057,0.0019279471900334399,1.199157514881908,0.9998542064927942
2011-07-27,-0.003892872146716754,-0.003786808076805133,1.1944893479926981,0.9988023254542878
2011-07-28,-0.009891930471676885,-0.00978592048171758,1.1826735424131956,0.9992966078345726
2011-07-29,-0.005874698035451302,-0.005873188922194522,1.1757256924770005,0.9984681312596859
2011-08-01,0.010176955409134531,0.010181754768268292,1.1876910004227126,0.995964348790612
2011-08-02,-0.01072722181420715,-0.010723349385039434,1.1749503756144406,0.9944726875574864
2011-08-03,-0.003318130210063412,-0.003307076311943648,1.1710517372777889,0.9970424059091864
2011-08-04,0.0015402567336357791,0.0019532588120605514,1.1728554576015668,0.9943118473663501
2011-08-05,-0.010320938346830644,-0.010303103334347656,1.1607504887339173,0.9770743456815201
2011-08-08,-0.00904759858783758,-0.009032139286194285,1.1502484842512166,0.993701721002864
2011-08-09,0.00868116101213461,0.008690918337912114,1.1602339765469654,0.9925678981608899
2011-08-10,0.01717311948952021,0.017185325692081338,1.1801588132620076,0.9915975690465015
2011-08-11,-0.007839060487128248,-0.007814034198036857,1.1709074769404293,0.9670306625135405
2011-08-12,0.005588299078944274,0.005610816146952395,1.1774508581153444,0.9155560975017565
2011-08-15,0.0004358870331979627,0.00044527897694676173,1.1779640936766247,0.9118536594166713
2011-08-16,0.008112403785645081,0.008128997577473518,1.187520214049521,0.8962817620008239
2011-08-17,0.0066405236062239805,0.006644593839885551,1.195405970063785,0.9055836062365054
2011-08-18,0.0003529524137432477,0.00035900109404286964,1.195827891486322,0.8932162895222946
2011-08-19,-0.0013197857138043522,-0.0013047464330434898,1.1942496549189696,0.9166147146451401
2011-08-22,0.00896584067721582,0.00898324943506656,1.204957107053793,0.9001542057074472
2011-08-23,-0.011965565787005372,-0.011948203344606525,1.1905391135188212,0.9275007026238657
2011-08-24,0.0030799625119220966,0.0030866597531478916,1.194205929357436,0.9224389580159763
2011-08-25,-0.00966412874889458,-0.009645773639253103,1.1826649695034326,0.9082486920879685
2011-08-26,0.002579470631836152,0.002593563724888269,1.185715619059568,0.90118107272665
2011-08-29,0.01663815345100754,0.016702711625132188,1.2054437374787375,0.925254235569466
2011-08-30,0.011205208585566694,0.011236307346835187,1.2189509859953518,0.9413521296352058
2011-08-31,0.009396769179108436,0.009437402922322929,1.2304051870513966,0.9967116610589765
2011-09-01,-0.002477779302839171,-0.0024724170365012167,1.2273565145448146,0.9977980987317538
2011-09-02,-0.005512390452598685,-0.005511050806800892,1.2205908462121031,0.9986592003669952
2011-09-06,-0.008255142522072866,-0.008251734964112861,1.2105146948154848,0.9984334749288896
2011-09-07,0.00461674429780617,0.004635581954003582,1.2161033316301848,0.9979307432221644
2011-09-08,0.012304111773169948,0.01230600778551711,1.231066402950287,0.997180333199095
2011-09-09,-0.010743904578579244,-0.010719697048469966,1.2178399429870943,0.9975961159836094
2011-09-12,-0.01756945711770294,-0.017561948471727134,1.1964431563325568,0.9987006233453594
2011-09-13,0.01332677786630507,0.013328310993373503,1.2123878885066617,0.9977526928382334
2011-09-14,0.005307702997475011,0.0053117643318977255,1.218822883336591,0.9962117356319085
2011-09-15,0.002170894701720003,0.00217568557923771,1.2214688194763617,0.9973758655766438
2011-09-16,0.004933056819300536,0.004937235852822331,1.2274943945658423,0.9978423813544739
2011-09-19,-0.003713060692113046,-0.0037027058663447847,1.2229366333795908,0.998032799863699
2011-09-20,-0.002801110819032982,-0.0027998696738499506,1.2195110523448394,0.9984635348806239
2011-09-21,-0.00386576965757374,-0.00385393064341056,1.2147967035216087,0.9981428357017406
2011-09-22,-0.029210401378310432,-0.02920454908493456,1.1793120042186942,0.9979008948388742
2011-09-23,-0.012843873684110437,-0.012841158737183209,1.1641650698023542,0.9975712607948493
2011-09-26,0.0032815898841666823,0.0032845495832666102,1.167985382118918,0.9950863636832348
2011-09-27,0.02186336574558306,0.02187891106108502,1.1935214737136786,0.9940038201140339
2011-09-28,-0.008932299497760811,-0.008908875322330777,1.182860582453459,0.9942797257617219
2011-09-29,-0.010114751339230527,-0.010111624181927967,1.170896241792965,0.9961076371577935
2011-09-30,-0.018022336742055178,-0.018010813435146676,1.1497939554333652,0.9953728651207765
2011-10-03,-0.0004779523389618468,-0.0004774416632843615,1.1492444087230416,0.9945400160614684
2011-10-04,-0.026393527888674346,-0.026386939804703923,1.118911794370507,0.9840179056855305
2011-10-05,0.019683729899602063,0.019688664579684507,1.140936151912375,0.9796012366756423
2011-10-06,0.012411662346490585,0.012467327834497575,1.1550970661888156,0.9056506798883169
2011-10-07,0.013271715193014478,0.013313235392794191,1.17042718547156,0.850827056744313
2011-10-10,-0.0002542393924737652,-0.0002529247385437217,1.1701296167749908,0.8516530482015098
2011-10-11,0.003222016867245049,0.0032390775538131203,1.1738997941371028,0.8293519014055766
2011-10-12,0.008298302043758483,0.008322523057691057,1.1836411691979585,0.8617022941430071
2011-10-13,-0.0026302998747241364,-0.002612563256637798,1.1805278379788986,0.8849589376775798
2011-10-14,0.006718167224339809,0.00672363452430813,1.188458821407429,0.8777717973708192
2011-10-17,-0.002003398660717817,-0.0019967837667218577,1.186077864596303,0.8725941554354018
2011-10-18,-0.007987746797674842,-0.00798510471874618,1.1766037749315807,0.8695684450295986
2011-10-19,0.01297137113358687,0.01297491509293213,1.1918659391733974,0.8668533396146823
2011-10-20,-0.013489873536949077,-0.013484344160457356,1.1757878183809514,0.8579865365442316
2011-10-21,0.009177511918984098,0.009193863211020486,1.1865786250983388,0.8344751341242508
2011-10-24,0.00837136756260819,0.008421558030199141,1.1965119109109714,0.9089354625740887
2011-10-25,-0.006200716355452048,-0.006190006327622116,1.1890926799354926,0.9155715424173914
2011-10-26,0.005677884671234441,0.005683669286732614,1.1958442110355754,0.9048532450771575
2011-10-27,0.017498820854361583,0.017537099167593582,1.2167700746542123,0.9536292976683264
2011-10-28,0.005533257034464425,0.005561829738421783,1.2235027762291184,0.9354633746793615
2011-10-31,0.0005326945055336558,0.0005460463509645022,1.224154529435521,0.9122871269664352
2011-11-01,-0.02859130250253577,-0.028539484566625386,1.1891543569745806,0.9857557439834335
2011-11-02,0.014345027604967968,0.014347451086951584,1.2062128090519488,0.9850972846425792
2011-11-03,0.011064269966298347,0.011066893359091324,1.2195586732081067,0.9819287317332003
2011-11-04,0.00140535652084393,0.0014148256127681016,1.2212725879420514,0.9977074889015588
2011-11-07,0.0033297691699337513,0.0033328011530249944,1.225339143753466,0.9985536874601657
2011-11-08,0.007879385815684961,0.007936318125691351,1.2349940636221606,0.9986608237723154
2011-11-09,-0.01044549414164503,-0.010440798552745852,1.2220939403656288,0.9989137489347066
2011-11-10,-0.006165996205820771,-0.006072793798821119,1.2145585137661776,0.8484264396587141
2011-11-11,0.0005920451497549513,0.0006869936410430755,1.2152775872433466,0.9987324511528819
2011-11-14,0.010221834456420109,0.010222526098868328,1.2276999535587456,0.9983033453717928
2011-11-15,-0.008025755772802899,-0.008024624081209507,1.2178467335692018,0.9983533705837274
2011-11-16,0.0008849891892947548,0.0009670033808491807,1.2189245147626286,0.8289554128935215
2011-11-17,-0.010573461410129638,-0.010569383872479621,1.206036263443925,0.8349392479835382
2011-11-18,-0.01176400265711165,-0.011742589164303817,1.1918484496361976,0.8669345580444863
2011-11-21,-0.013864434590651674,-0.013840723122926687,1.1753241447642468,0.903166076897735
2011-11-22,-0.009959862088118505,-0.009945054163178865,1.163618078373559,0.9050730935801947
2011-11-23,-0.010125071784152248,-0.01011569762458194,1.1518363618006895,0.897930415027991
2011-11-25,-0.011678342270988629,-0.011674867046839453,1.1383848225274107,0.8907744773384643
2011-11-28,0.017786107239644296,0.017788100913941392,1.1586322570608667,0.8897582310484393
2011-11-29,0.002537753593189685,0.0025838248164653,1.1615725802344083,0.9680592139385763
2011-11-30,0.017841460404870137,0.017872941605908264,1.1822967314320434,0.9107936008772004
2011-12-01,0.007095877150747353,0.007101537601557922,1.1906861637940154,0.9125802969696893
2011-12-02,0.012448837940883837,0.012493943774825262,1.2055088228855397,0.9965122686490442
2011-12-05,0.014157914252676748,0.014168388282002045,1.2225763134307983,0.9969830925540917
2011-12-06,0.0033368014646548106,0.0033408371530025205,1.2266558078641066,0.9977437889860556
2011-12-07,-0.007098982718793408,-0.007098550383472905,1.2179477994821717,0.9986137078724583
2011-12-08,0.007777957431375475,0.007781949285829725,1.2274209456201814,0.9988197619019548
2011-12-09,-0.010778337941765017,-0.010776451983747558,1.2141913878714865,0.99838200883463
2011-12-12,-0.0014426017266475136,-0.00144238712640899,1.2124397932788624,0.998860000648851
2011-12-13,0.003085396096594124,0.0030870200497729212,1.2161806502844006,0.9981976775285124
2011-12-14,-0.02173397175644085,-0.021733460216755644,1.1897482143803895,0.9981092379247472
2011-12-15,0.008179942235846432,0.008186267711946093,1.1994802860492224,0.9982987563116716
2011-12-16,-0.001324380529310288,-0.0013201298047657642,1.1978917177130872,0.9969640487866488
2011-12-19,0.0007849446675928796,0.0007851852244925202,1.1988319964292597,0.9974665774168561
2011-12-20,-0.00438686283411985,-0.004375851117665608,1.1935728848997706,0.9973851240622704
2011-12-21,0.009865759566912357,0.009865862392531784,1.2053483880077775,0.997433538866904
2011-12-22,0.004776544924472534,0.0048035891603029944,1.2111057887327372,0.9971654737033797
2011-12-23,0.017326934209043493,0.017492061596180237,1.2320905390543009,0.8150871227638906
2011-12-27,-0.001666555422016484,-0.0016661560777063461,1.230037191886025,0.8157797854574884
2011-12-28,0.0002681801051007179,0.0004137431383004789,1.2303670633894228,0.9990371411063947
2011-12-29,-0.0061024037734062056,-0.0060978953775693585,1.2228588667791205,0.9989446595874008
2011-12-30,0.007103275418104523,0.007113031178581134,1.231545170107324,0.9989703957904927
2012-01-03,0.01217021232278811,0.01218125866298931,1.246533336312634,0.998592175216142
2012-01-04,-0.0021186427725042433,-0.0021150896711133195,1.2438923774689696,0.9990358592762665
2012-01-05,0.00474373377924036,0.004887127526339785,1.2497930717577088,0.8192074529141842
2012-01-06,0.011524596411123104,0.01152526367513254,1.2641964325071342,0.8204322611568295
2012-01-09,0.006785042189344918,0.006785092746708419,1.2727740586373144,0.8205240862465214
2012-01-10,0.015836946683765108,0.01597752570956685,1.292930913544433,0.9999999999999998
2012-01-11,-0.00035835541407483375,-0.00035821938161201706,1.2924675847515397,1.0
2012-01-12,0.013000261519588007,0.013002661781037057,1.3092700013589,1.0
2012-01-13,-0.0089897783563613,-0.00898872082042569,1.2974999542380508,0.999977747312278
2012-01-17,0.00857702283036273,0.00857755166199781,1.308628640967945,1.0
2012-01-18,-0.003267167274067836,-0.003266059794433699,1.3043531322982667,0.9994411340742809
2012-01-19,0.021864819403742693,0.021867535709057927,1.3328725779746744,0.9999737322946448
2012-01-20,-0.0012218605533717368,-0.0012177473665048485,1.3312439935489764,0.9997703607714834
2012-01-23,0.0003182279351373001,0.0003192818447649414,1.3316676325762073,1.0
2012-01-24,-0.005160678810909056,-0.004967853832190103,1.324795323641598,0.9999241168006802
2012-01-25,-0.0009165232793817743,-0.0009126145857926753,1.3235811178870642,0.9999440186678259
2012-01-26,0.02936689471578749,0.029405974393791612,1.362450585223858,0.9995518959748864
2012-01-27,-0.008064575751280808,-0.0075123648794902815,1.3514629992719434,0.9994802931757074
2012-01-30,-0.002292125649392005,-0.00228197982221054,1.348365276267108,0.9999999999999997
2012-01-31,0.008655154734154064,0.008662413451085309,1.36003558637136,0.9979072272918064
2012-02-01,0.0037576269347556145,0.003808555694205999,1.3651460927229353,0.9972734745874267
2012-02-02,0.0030815880523188625,0.0030837993866521586,1.3693529106119402,0.9996735688714814
2012-02-03,0.0032507119356739085,0.003299707750226773,1.3738042824626162,0.9999999999999997
2012-02-06,-0.0018244908579164558,-0.0018237695055573918,1.3712977891086966,0.9999999999999997
2012-02-07,0.0013728419907284126,0.00147561426192042,1.373180364295378,0.9999999999999999
2012-02-08,0.005353626504875415,0.005406901139978895,1.3805318590896443,0.9994920371675126
2012-02-09,0.0028067025485041725,0.002807006687280395,1.3844066013768423,0.9998477605154168
2012-02-10,-0.006879626039157837,-0.006878258526289456,1.3748824016732282,0.9999999999999999
2012-02-13,0.0065101088056305,0.006510658215407049,1.3838330357030675,0.9999999999999998
2012-02-14,-0.0035239337403626535,-0.003470695888111169,1.378956499777525,0.9982146795955893
2012-02-15,0.006495566273478954,0.0065529789780357384,1.3879136031100745,0.999893723740419
2012-02-16,-0.008479037826513063,-0.008478221075872138,1.3761454311693722,0.9990667301217349
2012-02-17,0.009544275072934885,0.009544714864370103,1.3892797417048153,0.9999999999999999
2012-02-21,0.0012631055809833945,0.0012662492265996458,1.3910345487001097,0.9978195761246786
2012-02-22,-0.00482612606539844,-0.004766351326959116,1.3843212406067582,0.9999999999999999
2012-02-23,-0.0013364664128583123,-0.0013364664128583123,1.382471141764081,0.9999999999999997
2012-02-24,0.006429374194665362,0.006429782935096793,1.3913595660478084,0.9988942795096214
2012-02-27,-0.004647564312918719,-0.004647452155203091,1.3848931329822065,0.9985848638713548
2012-02-28,0.007417149818323487,0.007479587186960162,1.395165092831903,1.0000000000000002
2012-02-29,0.004430072557685611,0.004491935617580124,1.4013457754230985,0.9989200688423666
2012-03-01,-0.0018298079743760021,-0.001829424098668271,1.398781581748371,1.0
2012-03-02,0.000968973272829044,0.000968973272829044,1.400136963715611,1.0
2012-03-05,-0.0023298066233768716,-0.0023296611756856937,1.3968749153439115,0.9995862029575663
2012-03-06,-0.007603453595241291,-0.007492572674740109,1.3862538417467374,0.9998037789496435
2012-03-07,0.00010318687022349687,0.00010401422828107473,1.3863968849420025,0.999280481546968
2012-03-08,0.00848025675579324,0.008529088635680419,1.3981538864917429,0.997238514490532
2012-03-09,0.005203723085844994,0.005203730526503071,1.405429492148444,0.9972666792307249
2012-03-12,0.001446346208697891,0.0015091880183708774,1.4074622297660053,0.9993570545804279
2012-03-13,0.006550435701659567,0.006615094816907449,1.4166817206046018,1.0
2012-03-14,0.008774040952410363,0.008774207891116043,1.429111744037718,1.0
2012-03-15,0.0007964623429243962,0.0007976967092969009,1.430249977725675,1.0
2012-03-16,0.006087312196980087,0.006089169661937512,1.4389563558598149,0.9999999999999998
2012-03-19,-0.0037826428490566966,-0.003715357686250061,1.433513297890217,1.0
2012-03-20,-0.00022781456605805447,-0.00022096592288753985,1.4331867226803197,0.9999999999999997
2012-03-21,0.003648835665246846,0.0036491125941037496,1.4384161855089939,0.9992028885923577
2012-03-22,-0.007969735130253152,-0.007957402412271383,1.4269523895034182,0.9991552361106717
2012-03-23,0.0015397864157660956,0.0015400605165125526,1.4291495914087204,0.9999407486356621
2012-03-26,0.007340344863362511,0.007340947400467841,1.439640042270994,0.9982114724886592
2012-03-27,0.007872038638928743,0.00787215453791088,1.4509729443099004,0.9985436528259266
2012-03-28,-0.0044067984643844545,-0.004313882461891846,1.4445787989670522,1.0
2012-03-29,-0.009923846689814088,-0.009921781306400129,1.4302430204347474,0.9999999999999998
2012-03-30,0.008297898777432346,0.008298277632063587,1.4421110322454438,0.9989546342411971
2012-04-02,-0.0013437921050694888,-0.001339215370397729,1.4401731348256788,0.9965718589493603
2012-04-03,0.006143364421958996,0.0061441437244826565,1.4490206432236281,0.9985526096375185
2012-04-04,-0.011975451174614703,-0.011975125395738749,1.4316679672596948,0.9982337980239855
2012-04-05,-0.004583764252245213,-0.0044863281048735035,1.4251055388102853,0.9996867255337333
2012-04-09,-0.005966208042452536,-0.0059652013220169815,1.4166030626832917,0.9968434680271945
2012-04-10,-0.001422638567974706,-0.0014223121410668958,1.4145877485308074,0.9959244564314382
2012-04-11,-0.005803871319975063,-0.0058034290023489515,1.4063776632675213,0.994675217747248
2012-04-12,0.0014099118667023857,0.001501189946237152,1.4083605318240273,0.9943791313040775
2012-04-13,0.006978796220335413,0.007070568373162257,1.4181891929803903,0.9931799745421219
2012-04-16,-0.003665445274781646,-0.0035715752792149754,1.4129908981042338,0.9935328090232558
2012-04-17,0.002973351994329422,0.0030688133276632894,1.4171922174090812,0.9949808759598379
2012-04-18,0.0032497562860465475,0.0032500577876818774,1.4217977467261425,0.994139136922912
2012-04-19,0.0013320905352794715,0.0013323211745850424,1.4236917100476378,0.9947798184317912
2012-04-20,-0.002624802264958037,-0.0026245584670506646,1.419954800822503,0.99545811594161
2012-04-23,-0.010525371218634068,-0.010525268935405391,1.4050092494301645,0.9957350583637534
2012-04-24,-0.0009709732259914945,-0.0008824939149493644,1.4036450230666975,0.9951925613856892
2012-04-25,0.006726885146801664,0.006755011905842562,1.413087181923747,0.9930199379633147
2012-04-26,0.0031761718443579306,0.003177707719327402,1.4175753896445962,0.9928123554559332
2012-04-27,0.008508627804637875,0.008517341610933857,1.4296370110200964,0.9942727419514912
2012-04-30,-0.0014757176647115882,-0.0014723498192889988,1.4275272704288087,0.9949660097069225
2012-05-01,-0.0009747012664253266,-0.0009714913070801753,1.426135857790465,0.9967797574869218
2012-05-02,0.0012501571330561562,0.0013769537775019764,1.4279187517057887,0.996461969138685
2012-05-03,0.004927557066948992,0.004927636054788753,1.4349549028417854,0.9962549558410195
2012-05-04,-0.012582009080398807,-0.012581915032325967,1.416900287224267,0.9964971544647884
2012-05-07,-0.013781667729024037,-0.013781340006427072,1.3973730382605836,0.9973292770629691
2012-05-08,0.0002688017010975909,0.00040528126356092207,1.397748654510336,0.9952325853327979
2012-05-09,-0.0038187867913749072,-0.003813165919618483,1.3924109504108297,0.9929571087007167
2012-05-10,0.003387851772459814,0.003525016521654157,1.3971282323171714,0.9930394291588439
2012-05-11,-0.002304801560659654,-0.0023035653632129203,1.393908128986885,0.9922735448866871
2012-05-14,-0.0010187831542900273,-0.001017681187638137,1.3924880388664453,0.9931314939226249
2012-05-15,0.0001942164409108398,0.00019861345729008662,1.3927584829373647,0.9925680479666721
2012-05-16,0.0022135277426358767,0.002220597488756508,1.3958413924781379,0.9923195238265134
2012-05-17,-0.0031917240896941236,-0.003190134132153426,1.3913862518803732,0.992368256494291
2012-05-18,-0.00652630793505897,-0.006525215854210134,1.3823056367439945,0.992917677472068
2012-05-21,-0.006017152674373219,-0.006016036691716191,1.3739880926850592,0.9921264025888691
2012-05-22,0.007657493699094136,0.007661053875239423,1.3845093978474252,0.9905109065865599
2012-05-23,-0.0025727956995918524,-0.0025712040671279713,1.3809473380225987,0.9890256801138605
2012-05-24,0.008162093392484276,0.00816546012993092,1.3922187591656416,0.9909045485216723
2012-05-25,-0.00014537273817850902,-0.00014226954099812715,1.3920163685124782,0.9902702835388055
2012-05-29,0.003071799054753693,0.003074296977614428,1.3962923630774766,0.9922688326199084
2012-05-30,0.00043809219937994523,0.0004390811629000978,1.3969040678697946,0.9922336455081093
2012-05-31,-0.0009777504254851789,-0.0009770983075335748,1.3955382443230728,0.9929898018913048
2012-06-01,-0.009189119167222985,-0.009182085050419305,1.3827144770935709,0.9930981597629129
2012-06-04,-0.005062132493532975,-0.005060192609877182,1.3757149932097972,0.9928572701368834
2012-06-05,-0.001181912338733777,-0.0011768466042789937,1.3740890186847414,0.9905779055536741
2012-06-06,0.009144135703780145,0.009145204109752345,1.386653875140669,0.9893275634616809
2012-06-07,0.011638805006391988,0.011641163911249355,1.402792869204789,0.9890387739974517
2012-06-08,-0.003285527789473656,-0.0032802669942276095,1.3981839542501413,0.9912868240149728
2012-06-11,0.009066447386928042,0.009069857842165087,1.4108605155085971,0.9941703196262994
2012-06-12,-0.00940528436027115,-0.009392361045756114,1.39759097116756,0.99335719140086
2012-06-13,0.003093965393977111,0.0030947275235253414,1.4019150692672875,0.9955981859491596
2012-06-14,-0.0008142755626067126,-0.0008064727232156976,1.400773524085533,0.9932018061448218
2012-06-15,0.007555097019896337,0.0075553923749252915,1.4113565039629012,0.9939833027778183
2012-06-18,0.0017058200546480498,0.001706211370014774,1.4137640241916192,0.9937778510928336
2012-06-19,0.007880773253343971,0.008030308892532105,1.4249055779000084,0.9956996780708044
2012-06-20,-0.0017152256813638455,-0.0015660588234922774,1.4224615432592758,0.996136339320022
2012-06-21,0.0012801735615695707,0.0014301219509331915,1.4242825409193056,0.9978546032022574
2012-06-22,-0.012964790389822711,-0.012961959743191804,1.4058170163204027,0.997452690281044
2012-06-25,-0.0026465025363213907,-0.002500301835172264,1.402096518021107,0.9977588813042162
2012-06-26,-0.002023992094113729,-0.0020173459115051806,1.3992586857534477,0.9949608084847361
2012-06-27,0.0035968146935330793,0.003597165489678108,1.4042915599544195,0.9943225902425503
2012-06-28,0.00033749049704885566,0.0003395641319356775,1.4047654950109898,0.9938104760880065
2012-06-29,0.006920996927183664,0.006921272457517862,1.4144878726853747,0.9947231558136801
2012-07-02,0.008147725446073546,0.00814871049987158,1.4260127315188158,0.9948097239647894
2012-07-03,0.000350874042013008,0.0005014367848252503,1.426513082369886,0.9965723150512612
2012-07-05,0.002906259137148493,0.003059383562890936,1.4306588990497853,0.9986594759803603
2012-07-06,-0.0024754169628401265,-0.0024733909920395523,1.4271174217430391,0.998766534126299
2012-07-09,-0.0012347804395322914,-0.001230332571512361,1.4253552450657552,0.9995465866361487
2012-07-10,0.002018965395058106,0.0020208909698274345,1.4282329879812077,0.9989140271779989
2012-07-11,-0.005220821302155822,-0.0052200682222051315,1.4207764387731137,0.9985997434406981
2012-07-12,-0.0023757151964826076,-0.0023749917372768016,1.417401078596716,0.9991166523349684
2012-07-13,0.0035247033291363594,0.0035283627214705306,1.4223969968971673,0.9977789001934938
2012-07-16,0.006537021216227772,0.006537329328647523,1.4316952362437825,0.9971726083294763
2012-07-17,0.0005552352027427512,0.000559510961463278,1.432490163838544,0.9980695309379572
2012-07-18,0.0001432972436599571,0.00014451462926362094,1.432695435730592,0.9997376314540152
2012-07-19,0.006346199799809332,0.006347809718423648,1.4417876072180134,0.999881909362567
2012-07-20,-0.0012110390237827528,-0.0012092597078405007,1.440041546161666,0.9999190650246537
2012-07-23,-0.009903555913379443,-0.009902247247523406,1.4257800141916646,0.9999999999999999
2012-07-24,0.001197942355448569,0.0011984187117882383,1.427488016460217,0.9996880126289766
2012-07-25,-0.003396387327045857,-0.0033930742859010787,1.4226397142516019,0.9971395237444604
2012-07-26,0.004918228823096024,0.004924024319433548,1.4296365818991152,0.9974458034851912
2012-07-27,0.004212384179036804,0.004213516577913115,1.4356587604184794,0.9965782203680502
2012-07-30,0.0067306492323663545,0.00673358595669285,1.4453216759522303,0.9978477333550513
2012-07-31,-0.000197107942751098,-0.00019459488126545482,1.4450367915700697,0.9989386591833325
2012-08-01,-0.0004770684694114275,-0.00047620916205777476,1.4443474100796723,1.0
2012-08-02,-0.006061737580782795,-0.006059357772094723,1.435592155104286,0.9999492711500977
2012-08-03,0.00669876948014214,0.006702704101055322,1.44520885601883,0.9998254306675902
2012-08-06,0.0037354203454046664,0.0037360420302459075,1.450607318582962,0.9982459624246158
2012-08-07,-0.0013657151857545513,-0.0013633946165826428,1.4486262021394065,0.9999927930416221
2012-08-08,-0.0007009936006763776,-0.0007008248500479989,1.4476107244419347,1.0
2012-08-09,0.0020493558990177236,0.0020511409646454424,1.4505773940195512,0.9996422647690868
2012-08-10,0.0005007948340658247,0.0005019470617994332,1.4513038356848889,0.9994585562281642
2012-08-13,0.0009681885601913796,0.0009689815851016447,1.4527089714559607,0.9999971847267325
2012-08-14,0.0015832529198414047,0.0015839940187508642,1.455008977176698,1.0
2012-08-15,-0.0033976812112220074,-0.003395895097457101,1.4500653205127856,0.9999999999999999
2012-08-16,0.0016767131909276756,0.0016797353002944186,1.452496664163396,0.9999999999999998
2012-08-17,0.003629040148181882,0.0036302249676890726,1.457767832872745,0.9991065316240175
2012-08-20,-0.0033352900555729268,-0.003247429269334397,1.4529057543164303,0.9995487210151046
2012-08-21,0.0004281938674363856,0.00042832195076286314,1.4535278796503917,0.9999999999999998
2012-08-22,-0.006024891081640317,-0.0060244794261933386,1.4447705324913704,0.9992676030926091
2012-08-23,0.0028263808224444965,0.0029293007848563003,1.4488540042172369,0.9993638705389205
2012-08-24,-0.00459972180555319,-0.004598732286262721,1.4421896788609758,0.998005810984808
2012-08-27,0.007249550454466952,0.007250929513889167,1.45264490570279,0.9986639713973889
2012-08-28,-0.002371751119294204,-0.002365210787449063,1.4491995935217523,0.9976291930031824
2012-08-29,0.0016457154426042662,0.0016477914005572378,1.4515845636722267,0.9992474983885107
2012-08-30,-0.0014315486089164445,-0.001431198625109202,1.449506549809377,0.9987223992578521
2012-08-31,0.0023814373798611405,0.002496846607967424,1.4529584588894469,0.9990888411731635
2012-09-04,-0.0020903557569361066,-0.002090250451362537,1.4499212588103183,0.9987696066383163
2012-09-05,-0.000812443269320884,-0.0008122915987954533,1.4487432800425526,0.9992274802334354
2012-09-06,0.0016715388456413083,0.0017878128508702822,1.4511649107125058,0.9988399433745903
2012-09-07,0.012903859380230231,0.012904265003031821,1.4698905386578642,0.9986889517767479
2012-09-10,-0.0033412277398889943,-0.0033367540774669304,1.4649792996155002,0.9990860864926875
2012-09-11,-0.0030550282892818246,-0.0029398333829215085,1.4605037464119626,0.9999999999999999
2012-09-12,0.005322572506866351,0.005322833011359992,1.4682773834987903,0.9992452670760306
2012-09-13,-0.0015278694319018384,-0.0015276824264792049,1.4660340473669897,0.9987025339019013
2012-09-14,0.017446169403284032,0.017446524838337776,1.4916107257083364,0.9997007247098127
2012-09-17,-0.004795858021507125,-0.004795754015074823,1.484457172444482,0.9994111894287566
2012-09-18,-0.0029692849627242514,-0.002969073543298754,1.4800493960845342,0.9999999999999999
2012-09-19,0.0016423024465725665,0.0016426308903559003,1.4824800848287722,0.9990869650864398
2012-09-20,-0.004011642330199428,-0.004011445421480378,1.4765329049667955,0.9985390328515382
2012-09-21,0.010566973907850783,0.010573376587534985,1.4921353896476628,0.9988393788564592
2012-09-24,-0.008487005306016905,-0.008486732528010688,1.4794716286784275,0.9980896729715218
2012-09-25,0.005582082292044223,0.005700132689361962,1.4877301610584552,1.0
2012-09-26,-0.011993377020303128,-0.011990863442106892,1.469887252332405,0.9983933565833646
2012-09-27,0.002783504255507584,0.002790823494730231,1.4739786897543885,0.9996801772222357
2012-09-28,0.0023727677988138853,0.0023737672180906273,1.4774760989255755,0.9969745639615111
2012-10-01,0.003943282920873339,0.003944485690770853,1.4833022051924674,0.9975853001228221
2012-10-02,0.0012595549220869966,0.001260604800254263,1.48517050578596,0.9981070556815952
2012-10-03,-0.0006701245785718323,-0.000664640320432621,1.484175256526663,0.998977402169736
2012-10-04,0.006345157121713723,0.006345514969984203,1.4935925817254845,0.999255223835276
2012-10-05,0.00756543513074915,0.007565486428187833,1.5048922595142968,0.9991103367179287
2012-10-08,-0.006719999296546542,-0.006718827507592609,1.4947793845889825,0.9999999999999999
2012-10-09,-0.0010580962618555903,-0.0010561587019762523,1.4931977641098502,0.9999999999999998
2012-10-10,-0.00736286848893711,-0.007361946233509266,1.4822035453447344,0.9985313295063735
2012-10-11,0.0006925923752678403,0.0006939225656171655,1.4832301082188353,0.9983027038068166
2012-10-12,-0.0063809684317483305,-0.006379340403206266,1.4737656637212724,0.9967102649455647
2012-10-15,-0.002704002485273988,-0.0027036362576896623,1.4697805977038585,0.9968602445824322
2012-10-16,0.009582496394812352,0.009582984813381946,1.483864764982521,0.995483632527784
2012-10-17,0.0034670290084712115,0.003467206142375229,1.4890093671673639,0.9949021684115058
2012-10-18,0.0026672566179208814,0.002667923265322312,1.4929809372560872,0.9969626355854154
2012-10-19,-0.002146579474583862,-0.0021461678880366425,1.4897761350202283,0.9977139435223168
2012-10-22,-0.01436422992966554,-0.014350049275002717,1.4683766480730693,0.9982911194196604
2012-10-23,-0.00890860197749566,-0.008906996710908794,1.455295464962337,0.997827169217281
2012-10-24,0.0005654301217656424,0.0005718527348336235,1.4561183328542957,0.994782189629656
2012-10-25,0.0019762725550193827,0.0019768877277940777,1.4589960195523763,0.9929165461151032
2012-10-26,-0.005700429965999253,-0.005569485984195833,1.4506791149222462,0.9930340971102879
2012-10-31,0.007751265947281658,0.007751430718384053,1.4619237145461756,0.9934417338144926
2012-11-01,0.00042276313545516373,0.00042313637723892533,1.4625417619995336,0.9925310998880632
2012-11-02,0.014354147027977061,0.014364402422699964,1.4835353014858315,0.993791945466635
2012-11-05,-0.013588991242787465,-0.013579709112643824,1.4633755532655746,0.9938598586155026
2012-11-06,0.0059033690874183645,0.005904339357620249,1.4720143992700063,0.9961115153247795
2012-11-07,-0.0045445564786903425,-0.004543630360532429,1.4653247466950783,0.9939515066079326
2012-11-08,-0.010561599590585107,-0.010561212096035846,1.4498485734503093,0.994844585723772
2012-11-09,-0.015839886533335637,-0.015839591635742764,1.4268831365563377,0.9941744346605961
2012-11-12,0.005337257471627228,0.00553625852656684,1.434498779238062,0.9926272258967538
2012-11-13,-0.0032429872523617206,-0.0032328599076967245,1.4298467179834644,0.9903709655634666
2012-11-14,0.002497073984827915,0.0024974258669045405,1.4334171510252327,0.9914056885106031
2012-11-15,-0.010937330846892307,-0.010937042933093808,1.41773939340286,0.9908107985450658
2012-11-16,0.00035685958460960265,0.0006808162149080223,1.4182453272938742,0.6481263837052649
2012-11-19,-5.58697789408182e-05,-4.899773398664954e-05,1.4181660902409545,0.6687679401094284
2012-11-20,0.0015619098454054423,0.001565350092012861,1.420381137819722,0.6795468987960032
2012-11-21,-0.0007510280366671161,-0.0004416416649698413,1.4193143917624662,0.9893301484108001
2012-11-23,0.0048310486117057955,0.004996735264907872,1.4261711685843643,0.989501475926814
2012-11-26,0.003203250819321897,0.0033685934608197908,1.4307395525486253,0.9894248677793034
2012-11-27,-0.00030983310549139397,-0.00015120907476289972,1.4302962620699098,0.9905351306102869
2012-11-28,-0.005793369950385183,-0.0057907232594090075,1.4220100266850857,0.991118627270444
2012-11-29,0.009262289534804307,0.009263017511980358,1.4351810952736377,0.9910846766750817
2012-11-30,0.0018057030139164555,0.0018133046639550007,1.4377726061028893,0.9897828172840515
2012-12-03,0.003289307007591166,0.0034333318623966345,1.442501881611466,0.9918583030907568
2012-12-04,-0.008502522753534674,-0.008296346728784022,1.430236976541048,0.9922703917547523
2012-12-05,0.002061745672928275,0.00206198819144169,1.4331857614386938,0.9928763058366947
2012-12-06,0.003708035654434774,0.003708460845380465,1.4385000653415367,0.9918181393297253
2012-12-07,0.006457243480614281,0.0064659497609190555,1.4477888105103265,0.9920799029054569
2012-12-10,-0.0010162899816531412,-0.0010161146022174355,1.4463174372466554,0.9925433832737814
2012-12-11,0.0012081596404823907,0.0014089268986032934,1.4480648196016628,0.993371421148768
2012-12-12,0.0032747270868301844,0.003275235684977664,1.452806836689898,0.9932493894779204
2012-12-13,-0.0024206247752038973,-0.0022211566205187446,1.4492901364674209,0.9934911883366416
2012-12-14,-0.006567242852360566,-0.006567040327917824,1.4397722961777086,0.9940544566158551
2012-12-17,0.001494024677123955,0.0014941204805840348,1.4419233515176377,0.9937865158102303
2012-12-18,0.010857701859515538,0.010857989206102895,1.4575793253726896,0.9929741146217703
2012-12-19,0.010087954276888637,0.010088020070195883,1.4722833189619875,0.9931588709532454
2012-12-20,-0.008459285538407803,-0.008458797321304966,1.4598288539734534,0.9944992988489755
2012-12-21,-0.004151375339134718,-0.004150914425346973,1.4537685564697107,0.9957496317373069
2012-12-24,-0.001601811173331068,-0.0016014236146201725,1.4514398937525201,0.9947078481343448
2012-12-26,0.0011101616499976865,0.0011103509037780068,1.453051226659841,0.9941980576721625
2012-12-27,-0.005323552259426241,-0.005323479455583871,1.4453158325190938,0.9940013666373434
2012-12-28,-0.008294643663956307,-0.008294594817936474,1.4333274527064737,0.9941362645825651
2012-12-31,-0.007134379828156563,-0.007134150506193311,1.4231015502407416,0.9935037179075087
2013-01-02,0.03677042846384463,0.03677083100196333,1.4754296039906551,0.9925455327433149
2013-01-03,0.006156672278721613,0.006157010784914314,1.4845133405327497,0.9917360963953533
2013-01-04,0.0007105931574764239,0.0007123008940011382,1.485568225554715,0.9958424542878956
2013-01-07,0.00061978887447967,0.0006200764403521292,1.4864889642131942,0.9965364355854608
2013-01-08,-0.00033028269563798086,-0.000330252989564062,1.4859980026310577,0.9966081004553032
2013-01-09,0.0017864307638611194,0.0017864564946235215,1.488652635177994,0.9966700189766088
2013-01-10,0.005473105240470081,0.0054731190817415955,1.4968001877168264,0.9966367939533326
2013-01-11,0.001803561484076081,0.0018036355152124166,1.4994997588847505,0.9968154821245756
2013-01-14,0.00044494511967712577,0.00044517097234587113,1.5001669539844231,0.9973630567270404
2013-01-15,-0.0033106950169712285,-0.003310621857240476,1.495200358725242,0.9975418252314873
2013-01-16,0.002864500482948563,0.0028645183752918574,1.4994833608749154,0.9975854299214933
2013-01-17,0.003552908757744215,0.003553041086890167,1.5048108884398594,0.9972592198091911
2013-01-18,0.003428316585583164,0.003428424790526529,1.5099698565668638,0.997526307992025
2013-01-22,0.0021763515245373285,0.002176485219482053,1.5132560817662086,0.9978614135874082
2013-01-23,0.002850878842346801,0.002851006652455473,1.5175701915127684,0.9981842061542822
2013-01-24,0.008331295793996048,0.008331379901637173,1.5302135176664124,0.9983890883895793
2013-01-25,0.00608766121257643,0.006087772134657435,1.5395289391448703,0.9986572785200118
2013-01-28,0.006568220628553072,0.006568544654054529,1.549640904881216,0.9994415988467081
2013-01-29,-0.006149619471933086,-0.00614938924176064,1.5401112029980546,0.9999999999999998
2013-01-30,0.006388331278802041,0.006398287110247734,1.5499499435690005,1.0
2013-01-31,-0.0062575932409761024,-0.006257386281114211,1.540250987278272,0.9994305850529444
2013-02-01,0.003860510951264987,0.0038607168554658155,1.5461971430823565,1.0
2013-02-04,-0.0028193730020398197,-0.002819159562740077,1.541837836601319,0.9994130403228744
2013-02-05,0.0017530277322237889,0.0017531585337129468,1.544540721087473,0.9997735210660466
2013-02-06,0.0008178853833387663,0.000817982031012225,1.545803978367222,0.9995066287458477
2013-02-07,0.003122309599529165,0.0031223707473692274,1.5506304569678684,0.9996759743832767
2013-02-08,-0.0013437346448652307,-0.0013437062172740692,1.5485468211014575,0.9997551075806312
2013-02-11,0.0021189796019014445,0.0021190675649800602,1.5518281602279609,1.0
2013-02-12,-0.0004439755374007501,-0.00044392797995081325,1.55113918648657,0.9998674867877494
2013-02-13,0.005371206151926116,0.005371254059554126,1.5594706748275204,0.9999999999999998
2013-02-14,-0.0054834625880984065,-0.005483446123554399,1.5509193757248672,0.9999546898892339
2013-02-15,0.004216669464967062,0.004216685948455815,1.5574590900991119,1.0
2013-02-19,0.0029788571319855303,0.002979047408127584,1.5620985382174293,0.9994727826974323
2013-02-20,0.006420013084938007,0.006420165282718824,1.572127231272748,0.9998916295577518
2013-02-21,-0.012483291279878066,-0.01248325075487993,1.552501909115742,1.0
2013-02-22,0.0008601348361090238,0.0008601348361090238,1.5538372700908982,1.0
2013-02-25,0.007666423972557766,0.007666855513982784,1.5657496453877766,0.9988078443474496
2013-02-26,-0.014973168359351419,-0.01497314051118519,1.5423054123387905,0.998883327993207
2013-02-27,0.0013440146835886953,0.0013442472126431182,1.5443782934595522,0.9995186867185917
2013-02-28,0.01148257370233192,0.011557358809527773,1.562111731038483,0.7982167999870671
2013-03-01,-0.0037055356410690132,-0.0037044008189690545,1.556323270343788,0.7951224080795406
2013-03-04,0.0032169039185906806,0.003247273197681979,1.561329812770751,0.7117495421581843
2013-03-05,0.007667456383952665,0.007714168809994579,1.5733012410111358,0.5858159534258485
2013-03-06,0.003556836834261575,0.003815921853842419,1.5788972168165536,0.999063797690694
2013-03-07,-0.0010286959842402237,-0.0010260860724516712,1.5772730115900864,0.999491554428773
2013-03-08,0.006474864862489239,0.006485395008405649,1.5874856411913836,0.9999083052157139
2013-03-11,-0.0006793092049400954,-0.0006770769518866784,1.586407247582612,0.9997966139852059
2013-03-12,-0.0015321210605891452,-0.0014791403177461181,1.5839766796279193,1.0
2013-03-13,0.002323321470601838,0.00234806967020468,1.5876567666566315,0.9999247807104183
2013-03-14,0.0025414280846070506,0.0025485081150940898,1.591691682152129,0.9997453548851246
2013-03-15,-0.00750518569375701,-0.007490669705835892,1.5797457405103688,1.0
2013-03-18,-4.616111796021016e-05,-3.957904540847568e-05,1.5796728176808938,0.9999999999999998
2013-03-19,0.0024262578320025665,0.002477237600088696,1.583505511226794,0.9990961623969543
2013-03-20,0.0006315806433461346,0.0006434385488907931,1.5845056226563168,0.9990913417630245
2013-03-21,-0.0016290120479508473,-0.0016275177215931667,1.5819244439069637,0.9994224129762115
2013-03-22,-0.000646604330572792,-0.0006436088860868128,1.5809015647108944,0.9995104719900219
2013-03-25,0.0033076899078771905,0.0033086003376125257,1.5861306968618358,0.999287098487205
2013-03-26,0.0005415535244421896,0.0005439142144756608,1.5869896715309473,0.9991983066748762
2013-03-27,0.002326995740173668,0.002327536487026238,1.5906825897362995,0.9996555826845546
2013-03-28,0.0027778904035583086,0.0027818402532458846,1.5951013316374352,0.9997312350390946
2013-04-01,0.0006265683875046213,0.0006334145617888311,1.5961007717067057,1.0
2013-04-02,-3.893275655348636e-05,-3.6843564188949085e-05,1.5960386311039259,1.0
2013-04-03,0.0020387378839315973,0.002079884351752985,1.5992925355253755,1.0
2013-04-04,-0.0036815662904629955,-0.003680650121078319,1.5934046340379961,0.9999947377305507
2013-04-05,-0.00851036610691974,-0.008506052629444216,1.5798441772458705,1.0
2013-04-08,0.0048396135221844975,0.004841286139000703,1.587490012489014,0.9994263414345483
2013-04-09,0.0056336976679407695,0.005647598389000382,1.5964334512702525,0.9980944876758485
2013-04-10,0.002478511933360725,0.002479846184968904,1.6003902306300422,0.9988530146893859
2013-04-11,0.0046810423265635365,0.004682450998065483,1.6078817250386401,0.9997711306568517
2013-04-12,0.00048014861696056175,0.0004836973809350572,1.6086537472251536,0.9999999999999994
2013-04-15,-0.0005862433954818035,-0.0004709430550724268,1.6077106845902258,0.9999999999999998
2013-04-16,-0.004656243182721181,-0.004654072915036571,1.6002247926753146,1.0
2013-04-17,0.0013234164321111587,0.0013237449726542093,1.6023425564610128,0.9998962154297295
2013-04-18,0.0017146829461195175,0.0017190184922453613,1.6050900659164178,0.998869931694702
2013-04-19,-0.002036889203617144,-0.0020323852313037264,1.6018206752903195,0.9991610474744437
2013-04-22,0.006114411669998777,0.006127299501944768,1.6116148663205598,0.9995390193117218
2013-04-23,0.0054688978899205196,0.00547001666755341,1.6204286234623448,0.9990912272632573
2013-04-24,0.0017633674072633889,0.0017687146032787707,1.623286034482755,0.9999999999999998
2013-04-25,-0.0027431870090990924,-0.00274128798751391,1.61883305732091,1.0
2013-04-26,0.0007704852980159937,0.0007728423439457663,1.620080344391518,1.0
2013-04-29,0.0010976377642299316,0.00110733753270691,1.6218586057586089,0.9993853964204324
2013-04-30,0.0003207993571654302,0.00032304595897338475,1.6223788969567494,0.9995587574269241
2013-05-01,-0.002707629013500674,-0.002703774272505094,1.6179860967844581,0.9998098359306888
2013-05-02,0.0027327281363059832,0.00273685949641446,1.6224076129152927,0.9998832836045395
2013-05-03,0.006974788914892657,0.006979557156608799,1.6337235635492915,0.9992661716916735
2013-05-06,-0.0007902922227805697,-0.0007802906432518733,1.632432444522845,0.999891034745886
2013-05-07,0.00019570132376957875,0.0003014714133639845,1.6327519137132027,0.9999999999999998
2013-05-08,0.00043829479096230335,0.0004429634501816266,1.6334675403719168,0.999818715584853
2013-05-09,0.004067304933756179,0.004067589956607231,1.6401113509580023,0.9998725020396894
2013-05-10,0.0021936319037812323,0.0021941272078909164,1.6437091515432174,0.9999524932593639
2013-05-13,0.0016567348631235487,0.0016575398134868885,1.6464323417994142,0.9999999999999998
2013-05-14,0.0026949927004538913,0.002701785274452538,1.6508694649423548,1.0
2013-05-15,0.007912210495180401,0.007913816891778962,1.6639314916490444,1.0
2013-05-16,0.004324678468059525,0.004325195196462175,1.6711274603433053,1.0
2013-05-17,0.0005741910927374918,0.0005747497627871007,1.6720870068458635,1.0
2013-05-20,0.0037455406477586366,0.0037456429029343297,1.6783498766965939,1.0
2013-05-21,-0.0004777065234849179,-0.0004703717345578828,1.677548118011806,1.0
2013-05-22,0.0004966757122904351,0.0004968322900033213,1.6783813154182208,1.0
2013-05-23,-0.014808195997607276,-0.01480734901089074,1.6535275159407858,0.9999109257342735
2013-05-24,-0.00012130999227852829,-0.00011168538964856828,1.6533269265305948,0.9999999999999999
2013-05-28,0.005509931952936711,0.0056895914989976044,1.6624366453917365,0.4985952039272552
2013-05-29,-0.0048646622417649514,-0.00484621839445008,1.654349452613573,0.5484428660302851
2013-05-30,-0.0013769919513900927,-0.0013594352631355303,1.6520714267325374,0.5995725018511208
2013-05-31,-0.0008799128431348746,-0.0007627294086107664,1.6506177478663793,0.6484492843735258
2013-06-03,-0.005264363662108576,-0.005244905259134684,1.64192829577448,0.6980338442056068
2013-06-04,0.0024164944296269975,0.0024361785873841394,1.645896006355066,0.74777449307949
2013-06-05,-0.0037567576515415754,-0.003737257491855707,1.6397127739395498,0.7967949701788068
2013-06-06,-0.008808502222113075,-0.008788364829682616,1.6252693603266761,0.8469766807959362
2013-06-07,0.011749778467495201,0.011771132811795246,1.6443659152605221,0.8962215688543808
2013-06-10,0.008551108823662504,0.008571255206368842,1.6584270671478363,0.9446841910481278
2013-06-11,-0.011636326668044608,-0.011614624862935494,1.6391290680393769,0.9961777269250627
2013-06-12,0.0053262472008998125,0.005326754923495649,1.6478594746499353,0.9973829795239779
2013-06-13,-0.015109547541515698,-0.015108903323188748,1.622961063575975,0.9958656716525953
2013-06-14,0.013963717097986758,0.013964009009751253,1.6456236327287976,0.9965513114740652
2013-06-17,0.004970632290290286,0.00497142706486046,1.6538034226953042,0.9946905885889316
2013-06-18,0.001815713908323579,0.001816437978366094,1.6568062565715251,0.9963961566814318
2013-06-19,0.006500245069586454,0.006500497311111661,1.667575903272064,0.9969895403151816
2013-06-20,-0.020593188146749982,-0.020593094800335464,1.633235198946996,0.997202123618748
2013-06-21,-0.011085991651640089,-0.011085662227970793,1.6151291671663048,0.9979638357971732
2013-06-24,-0.01166068590204395,-0.011649757002097316,1.5962956532567487,0.9729828006873982
2013-06-25,0.007835695574719448,0.007852200220101375,1.6088037400429165,0.9942635999178009
2013-06-26,0.009116631672009991,0.009120727493238152,1.6234706111734398,0.9848123807315359
2013-06-27,0.008062048851566648,0.008065951921387687,1.6365591105498027,0.9937872258235301
2013-06-28,-0.004019241826643691,-0.004018818656857868,1.629981383720906,0.9947567909157086
2013-07-01,0.0032453638418182148,0.0032457323753368244,1.6352712663664706,0.9956032346113978
2013-07-02,-0.002127483952019223,-0.002127301856991186,1.6317922529900777,0.9951836998992263
2013-07-03,-0.003882814098670408,-0.0038826681892487748,1.6254563070240666,0.9955203556779509
2013-07-05,0.01225478831493212,0.012254883755181425,1.645375929981818,0.9953006059823925
2013-07-08,0.0035492694862201213,0.0037987031198693437,1.6512158125634635,0.994912662921688
2013-07-09,0.0036043693928088367,0.0036068705777267517,1.657167404299189,0.9961396768954376
2013-07-10,0.0013203366614267975,0.0013206453059014793,1.6593554231772067,0.9967450455431839
2013-07-11,0.0023269665262750264,0.0023274432023164785,1.663216687702133,0.9973169822609981
2013-07-12,0.004542763744879784,0.0047969465837840375,1.6707722881709055,0.9975267203734346
2013-07-15,0.0027022511608275745,0.002702402341300623,1.675287134526094,0.9978959534061076
2013-07-16,0.0005352012844000325,0.0005353977385982263,1.6761837503522312,0.9983746906666355
2013-07-17,-0.00012638799145117338,-0.00012626684655086938,1.6759719008547211,0.9986688008855257
2013-07-18,0.0001723188117070713,0.00017234293239649,1.676260702341131,0.9987268982354883
2013-07-19,-0.0005595833066014742,-0.0005595779835868937,1.6753226948345887,0.9987136238746984
2013-07-22,0.003457430736585088,0.0034574378423691283,1.6811150070134084,0.9987317925360119
2013-07-23,0.0016337302826835843,0.0016337522588319119,1.68386149550904,0.9986736173624701
2013-07-24,0.0015226224945345823,0.0015227579381672598,1.6864253808997829,0.9990330922548261
2013-07-25,-0.010349010933484008,-0.010348946078917004,1.668972546194346,0.9992027586354147
2013-07-26,0.0010185761449919516,0.0010186353350732907,1.6706725218165461,0.9993574182101861
2013-07-29,0.002795268894563257,0.002795663445468787,1.6753425007497813,0.9983119562789162
2013-07-30,0.005154377064445954,0.005154415207740612,1.6839778477107377,0.9984140021540033
2013-07-31,0.00019706049460358103,0.00019716266976636736,1.684309693218309,0.9986892256890839
2013-08-01,0.0032657881068270988,0.003265973435699668,1.6898102917826352,0.9991877776280998
2013-08-02,0.00258073811407071,0.002580744757084357,1.6941712496081878,0.9992057719857725
2013-08-05,0.0011827951613007357,0.0011829059034213576,1.6961751071646394,0.999505931382553
2013-08-06,-0.0006704930878459166,-0.0006704097531536424,1.695037833479509,0.9997337734183135
2013-08-07,-0.0062787113678513485,-0.00627867292431205,1.6843951801655033,0.9998381335808778
2013-08-08,0.004579226374742824,0.004579247604088482,1.6921084070000068,0.9997792872076144
2013-08-09,-0.004411660759269614,-0.004411464094547617,1.6846433987404146,0.9992328773207273
2013-08-12,-0.005969757497560063,-0.005969626846312511,1.674586486180069,0.9995961869438803
2013-08-13,0.005404785648751179,0.005404910631927231,1.6836372671881676,0.9992487879022355
2013-08-14,-0.0005555316635990876,-0.0005553650604215168,1.682701953376229,0.998783843873137
2013-08-15,-0.014434041693379397,-0.0144338933805938,1.6584137632236657,0.9991873460652133
2013-08-16,-0.007845493812346912,-0.00784547890050461,1.6454026883059836,0.9991458660173568
2013-08-19,-0.0019898442792574108,-0.0019894825917169618,1.642128593179583,0.9981265263290063
2013-08-20,-0.0017942034223043914,-0.0017940078987132995,1.6391822804378362,0.9975742586582116
2013-08-21,0.00032441106398742005,0.0003244592667851585,1.6397140493055025,0.9974374281730347
2013-08-22,-0.001767197650586711,-0.0017671552256416907,1.6368163504899358,0.9973155374814155
2013-08-23,0.007284109782083434,0.0072841178356569105,1.6487391004800138,0.9973384701439963
2013-08-26,0.0008366692466352677,0.0008367130545825819,1.6501185497811106,0.9972137216687509
2013-08-27,-0.012718763115509065,-0.012718577109828417,1.6291310828339374,0.9977360109200222
2013-08-28,-0.003833373038005818,-0.0038333512999365713,1.6228860156656246,0.9977967371672564
2013-08-29,0.0023170079133693084,0.0023173179980693855,1.6266462554064185,0.9969252495775504
2013-08-30,0.005879411184999185,0.0058795054917044716,1.636209977594492,0.9966632384474532
2013-09-03,0.002747214184008138,0.0027472706433488755,1.6407049968529552,0.9968195581507142
2013-09-04,-0.004484097177868694,-0.004483953044552207,1.6333479162068518,0.9972161918570733
2013-09-05,0.008344851149227265,0.008344919623147476,1.6469779614424984,0.9974021238113367
2013-09-06,0.004071470629275947,0.004071583603271887,1.6536835838395763,0.997095516515933
2013-09-09,0.0004093050133399985,0.0004095186766328653,1.65436044482092,0.9976772273179815
2013-09-10,0.013156025574292485,0.01315613322915135,1.6761252531420816,0.9979638628388396
2013-09-11,0.003779565351845237,0.003779576336810257,1.6824602780742104,0.9979929981679833
2013-09-12,0.003820093871624168,0.0038204477305784296,1.6888874342717328,0.9989302684619896
2013-09-13,-0.000922809847375978,-0.0009227086037857573,1.6873289123162771,0.9992099651291982
2013-09-16,0.011785618100404887,0.011785721292986759,1.7072151264866082,0.9994937196525623
2013-09-17,-0.0029132893049521567,-0.00291326426089423,1.7022415149173622,0.9994250499798659
2013-09-18,0.002864919487781992,0.0028651294050821684,1.7071182998063603,0.9999999999999998
2013-09-19,0.016963538863394592,0.01696362103869731,1.7360770674295376,0.9997820816634923
2013-09-20,-0.0030942861804567905,-0.003094203931213277,1.7307051481515823,0.9999999999999994
2013-09-23,-0.00872832152537463,-0.00872832152537463,1.7155989971528942,0.9999999999999997
2013-09-24,-0.003978581512847843,-0.003978481850707769,1.7087733466993615,0.9997413148682243
2013-09-25,-0.0014161167703817046,-0.0014158539596403402,1.7063535241063195,0.9990385620974042
2013-09-26,-0.0015211794943351935,-0.0015210597114429902,1.7037578541153624,0.9987165266622923
2013-09-27,-0.002455723662052579,-0.0024556810064873605,1.6995738956386033,0.9986030027956767
2013-09-30,-0.008697023767120778,-0.008696977820531552,1.6847926610742563,0.9984810325239483
2013-10-01,0.004303198882834012,0.004303272660199952,1.6920426589711979,0.9982842068184198
2013-10-02,6.961945604744655e-05,7.675500270736192e-05,1.6921604580607246,0.9975870313247238
2013-10-03,0.002592396649243719,0.0025925239789606857,1.696547209162184,0.9979320800695991
2013-10-04,-0.006968000780119322,-0.006967998453818113,1.6847256668852328,0.9979383519930995
2013-10-07,-0.0029606388287068863,-0.002960559888641323,1.6797378026601333,0.9981508445412259
2013-10-08,,,1.6797378026601333,0
2013-10-09,,,1.6797378026601333,0
2013-10-10,,,1.6797378026601333,0
2013-10-11,,,1.6797378026601333,0
2013-10-14,,,1.6797378026601333,0
2013-10-15,,,1.6797378026601333,0
2013-10-16,,,1.6797378026601333,0
2013-10-17,,,1.6797378026601333,0
2013-10-18,,,1.6797378026601333,0
2013-10-21,,,1.6797378026601333,0
2013-10-22,,,1.6797378026601333,0
2013-10-23,,,1.6797378026601333,0
2013-10-24,,,1.6797378026601333,0
2013-10-25,,,1.6797378026601333,0
2013-10-28,,,1.6797378026601333,0
2013-10-29,,,1.6797378026601333,0
2013-10-30,,,1.6797378026601333,0
2013-10-31,,,1.6797378026601333,0
2013-11-01,,,1.6797378026601333,0
2013-11-04,,,1.6797378026601333,0
2013-11-05,,,1.6797378026601333,0
2013-11-06,,,1.6797378026601333,0
2013-11-07,,,1.6797378026601333,0
2013-11-08,,,1.6797378026601333,0
2013-11-11,,,1.6797378026601333,0
2013-11-12,,,1.6797378026601333,0
2013-11-13,,,1.6797378026601333,0
2013-11-14,,,1.6797378026601333,0
2013-11-15,,,1.6797378026601333,0
2013-11-18,,,1.6797378026601333,0
2013-11-19,,,1.6797378026601333,0
2013-11-20,,,1.6797378026601333,0
2013-11-21,,,1.6797378026601333,0
2013-11-22,,,1.6797378026601333,0
2013-11-25,,,1.6797378026601333,0
2013-11-26,,,1.6797378026601333,0
2013-11-27,,,1.6797378026601333,0
2013-11-29,,,1.6797378026601333,0
2013-12-02,,,1.6797378026601333,0
2013-12-03,,,1.6797378026601333,0
2013-12-04,,,1.6797378026601333,0
2013-12-05,,,1.6797378026601333,0
2013-12-06,,,1.6797378026601333,0
2013-12-09,,,1.6797378026601333,0
2013-12-10,,,1.6797378026601333,0
2013-12-11,,,1.6797378026601333,0
2013-12-12,,,1.6797378026601333,0
2013-12-13,,,1.6797378026601333,0
2013-12-16,,,1.6797378026601333,0
2013-12-17,,,1.6797378026601333,0
2013-12-18,,,1.6797378026601333,0
2013-12-19,,,1.6797378026601333,0
2013-12-20,,,1.6797378026601333,0
2013-12-23,,,1.6797378026601333,0
2013-12-24,,,1.6797378026601333,0
2013-12-26,,,1.6797378026601333,0
2013-12-27,,,1.6797378026601333,0
2013-12-30,,,1.6797378026601333,0
2013-12-31,,,1.6797378026601333,0
2014-01-02,,,1.6797378026601333,0
2014-01-03,,,1.6797378026601333,0
2014-01-06,,,1.6797378026601333,0
2014-01-07,,,1.6797378026601333,0
2014-01-08,,,1.6797378026601333,0
2014-01-09,,,1.6797378026601333,0
2014-01-10,,,1.6797378026601333,0
2014-01-13,,,1.6797378026601333,0
2014-01-14,,,1.6797378026601333,0
2014-01-15,,,1.6797378026601333,0
2014-01-16,,,1.6797378026601333,0
2014-01-17,,,1.6797378026601333,0
2014-01-21,,,1.6797378026601333,0
2014-01-22,,,1.6797378026601333,0
2014-01-23,,,1.6797378026601333,0
2014-01-24,,,1.6797378026601333,0
2014-01-27,,,1.6797378026601333,0
2014-01-28,,,1.6797378026601333,0
2014-01-29,,,1.6797378026601333,0
2014-01-30,,,1.6797378026601333,0
2014-01-31,,,1.6797378026601333,0
2014-02-03,,,1.6797378026601333,0
2014-02-04,,,1.6797378026601333,0
2014-02-05,,,1.6797378026601333,0
2014-02-06,,,1.6797378026601333,0
2014-02-07,,,1.6797378026601333,0
2014-02-10,,,1.6797378026601333,0
2014-02-11,,,1.6797378026601333,0
2014-02-12,,,1.6797378026601333,0
2014-02-13,,,1.6797378026601333,0
2014-02-14,,,1.6797378026601333,0
2014-02-18,,,1.6797378026601333,0
2014-02-19,,,1.6797378026601333,0
2014-02-20,,,1.6797378026601333,0
2014-02-21,,,1.6797378026601333,0
2014-02-24,,,1.6797378026601333,0
2014-02-25,,,1.6797378026601333,0
2014-02-26,,,1.6797378026601333,0
2014-02-27,,,1.6797378026601333,0
2014-02-28,,,1.6797378026601333,0
2014-03-03,,,1.6797378026601333,0
2014-03-04,,,1.6797378026601333,0
2014-03-05,,,1.6797378026601333,0
2014-03-06,,,1.6797378026601333,0
2014-03-07,,,1.6797378026601333,0
2014-03-10,,,1.6797378026601333,0
2014-03-11,,,1.6797378026601333,0
2014-03-12,,,1.6797378026601333,0
2014-03-13,,,1.6797378026601333,0
2014-03-14,,,1.6797378026601333,0
2014-03-17,,,1.6797378026601333,0
2014-03-18,,,1.6797378026601333,0
2014-03-19,,,1.6797378026601333,0
2014-03-20,,,1.6797378026601333,0
2014-03-21,,,1.6797378026601333,0
2014-03-24,,,1.6797378026601333,0
2014-03-25,,,1.6797378026601333,0
2014-03-26,,,1.6797378026601333,0
2014-03-27,,,1.6797378026601333,0
2014-03-28,,,1.6797378026601333,0
2014-03-31,,,1.6797378026601333,0
2014-04-01,,,1.6797378026601333,0
2014-04-02,,,1.6797378026601333,0
2014-04-03,,,1.6797378026601333,0
2014-04-04,,,1.6797378026601333,0
2014-04-07,,,1.6797378026601333,0
2014-04-08,,,1.6797378026601333,0
2014-04-09,,,1.6797378026601333,0
2014-04-10,,,1.6797378026601333,0
2014-04-11,,,1.6797378026601333,0
2014-04-14,,,1.6797378026601333,0
2014-04-15,,,1.6797378026601333,0
2014-04-16,,,1.6797378026601333,0
2014-04-17,,,1.6797378026601333,0
2014-04-21,,,1.6797378026601333,0
2014-04-22,,,1.6797378026601333,0
2014-04-23,,,1.6797378026601333,0
2014-04-24,,,1.6797378026601333,0
2014-04-25,,,1.6797378026601333,0
2014-04-28,,,1.6797378026601333,0
2014-04-29,,,1.6797378026601333,0
2014-04-30,,,1.6797378026601333,0
2014-05-01,,,1.6797378026601333,0
2014-05-02,,,1.6797378026601333,0
2014-05-05,,,1.6797378026601333,0
2014-05-06,,,1.6797378026601333,0
2014-05-07,,,1.6797378026601333,0
2014-05-08,,,1.6797378026601333,0
2014-05-09,,,1.6797378026601333,0
2014-05-12,,,1.6797378026601333,0
2014-05-13,,,1.6797378026601333,0
2014-05-14,,,1.6797378026601333,0
2014-05-15,,,1.6797378026601333,0
2014-05-16,,,1.6797378026601333,0
2014-05-19,0.0014048617579236428,0.0014048617579236428,1.6820976020624292,0.4986666153423532
2014-05-20,,,1.6820976020624292,0
2014-05-21,-0.0006078465321845092,-0.0006078465321845092,1.6810751448682197,0.15207461990377677
2014-05-22,0.0008288430855193165,0.0008336476705334845,1.682468492378282,0.16553769564339463
2014-05-23,0.0008036100404981435,0.0008083644907657275,1.6838205409515792,0.17911005232073574
2014-05-27,0.001309270557983862,0.0013138240174742004,1.6860251176107754,0.19227944902393493
2014-05-28,0.0001290412789537721,0.00013367133902451425,1.6862426844483003,0.20591113705282618
2014-05-29,0.0044228369210847895,0.004636088183843415,1.6937006608509875,0.7981597469357358
2014-05-30,-0.005382884763731491,-0.005368222969671064,1.6845836653693707,0.8480530542207763
2014-06-02,-0.002428262066687837,-0.002340855999568629,1.6804930547565922,0.8984389671663194
2014-06-03,-0.0022655848862677,-0.0021495141165967634,1.6766857550902579,0.4988288441931224
2014-06-04,-0.001696911912089012,-0.001681418921360645,1.6738405670596153,0.5485505614615128
2014-06-05,-0.0006731052936154277,-0.0006577498689525771,1.6727138961132593,0.5980976901560016
2014-06-06,0.005871556167277859,0.005887062256262149,1.6825353297060746,0.6476830131453802
2014-06-09,3.2466311840432475e-05,0.00024326892194526757,1.6825899554227715,0.6974031804289297
2014-06-10,-0.00022528570830383757,-0.0002091262781385028,1.682210891952879,0.7481392322080779
2014-06-11,0.0002596525081176058,0.0004543360172737963,1.6826476822301573,0.7980352324996479
2014-06-12,-0.0006934416904231705,-0.0006781530004028656,1.681480864177005,0.8478931095897067
2014-06-13,-0.0003095314910674566,-0.00029474237494647514,1.6809603928979147,0.897843886120042
2014-06-16,0.0015512357733306285,0.001565893630383954,1.68356795879293,0.947611625046897
2014-06-17,8.548078857823009e-05,0.00010020977230517621,1.6837118715096726,0.9974372079190401
2014-06-18,0.002008437074303235,0.002016937910669557,1.687093500854857,0.9976825311555844
2014-06-19,0.007202546408666077,0.007209837768734458,1.699244870090523,0.9976975084365626
2014-06-20,-0.003637977218168767,-0.0036339905888067617,1.6930630559650435,0.9980049760814695
2014-06-23,0.0013943525437368006,0.0014004395036004405,1.695423782743835,0.9991243197282456
2014-06-24,-0.0005583111489460464,-0.0005328059171397547,1.694477208743741,0.9985531452592686
2014-06-25,-0.0017342003592729887,-0.0016138039214125077,1.6915386457595578,0.99877569803054
2014-06-26,0.004089379898755173,0.004090192793110578,1.6984559898954945,0.9986855315690857
2014-06-27,0.00017339094948956937,0.00017742823480295598,1.698750486792249,0.9983143661244132
2014-06-30,0.0010937489685887527,0.0010953407776614986,1.7006084933850676,0.9992541841319502
2014-07-01,0.0018268766732072405,0.0018312892928815945,1.7037152953718908,0.9992952711518674
2014-07-02,-4.457405289624316e-06,-2.934242752394981e-06,1.7037077012223212,0.9995483680500438
2014-07-03,-0.0026755632066242244,-0.0026731403294754665,1.6991493235820885,0.9999739544836768
2014-07-07,0.0012355816640734199,0.001258086907328485,1.7012487613308294,0.9999732709457528
2014-07-08,0.0009051091438997053,0.0009314170041938212,1.7027885771407578,0.9993506339901492
2014-07-09,-0.00020118414545596534,-0.00019590867982148438,1.7024460030759736,0.9996507277106701
2014-07-10,-0.0017616790971120022,-0.0017502485352203652,1.6994468395383928,0.9998801910535848
2014-07-11,0.004352586453912395,0.004390417639573382,1.706843828831312,0.9998316063184923
2014-07-14,0.0014116791070511005,0.0014203976961285273,1.7092533446034721,0.9993918351760291
2014-07-15,0.0009338158986459945,0.0009362104181706156,1.7108494725514767,0.9999999999999993
2014-07-16,0.0016310260919535251,0.001721021868711287,1.713639912680613,0.9999999999999999
2014-07-17,-0.000519802235282104,-0.000519696990158792,1.7127491588235328,0.9999999999999996
2014-07-18,-0.003569578508234512,-0.003564092922581309,1.7066353662361997,0.9999999999999998
2014-07-21,0.0028711443177917265,0.0029387449129561396,1.7115353626705112,0.9998766766540798
2014-07-22,0.0024972860766763337,0.002498721532463787,1.7158095561014475,0.9990206024955154
2014-07-23,0.002086011362229162,0.0020869609183007303,1.7193887543308966,0.9998265310582558
2014-07-24,-0.003334499415960305,-0.003264614084943502,1.7136554535337714,0.9999999999999998
2014-07-25,-0.003838165985959748,-0.0038381199384566363,1.7070781594603637,1.0
2014-07-28,-0.0013242872392125928,-0.0013238782470046278,1.7048174976374517,0.9992068264988004
2014-07-29,0.0037383773743680884,0.003739545141605981,1.7111907487980462,0.9982763832551632
2014-07-30,-0.0028900315827164744,-0.002889922149963116,1.7062453534899675,0.9979554026407351
2014-07-31,-0.009892539922441037,-0.009892263013430772,1.6893662532130886,0.9988591288524995
2014-08-01,-0.013162718220698597,-0.013160215348507209,1.6671296012504875,0.9981581269156393
2014-08-04,0.003848026274538658,0.003849501802764643,1.6735447597591604,0.9957683958312943
2014-08-05,-0.0009228537617645849,-0.0009142064362357905,1.6720003226821352,0.9925810489751692
2014-08-06,-0.0051345610612548945,-0.005133625266954167,1.663415334930886,0.9935041013300147
2014-08-07,0.006948515495695283,0.0069486845942491144,1.6749736021614303,0.993289183134784
2014-08-08,-0.0023506581284149716,-0.0022754537471464764,1.671036311848629,0.9920816038533327
2014-08-11,0.009460086380086762,0.009461248607684382,1.6868444597029786,0.9937116537269647
2014-08-12,-0.001903996810779405,-0.0018315999768588984,1.6836327132314233,0.9930964874895389
2014-08-13,0.0021085579891481146,0.0021115317333879973,1.6871827504396988,0.9956405743841324
2014-08-14,0.00541466937789596,0.005415451336332447,1.696318287213419,0.9952046457377207
2014-08-15,0.006360784012210059,0.006361063449230277,1.7071082014543455,0.9956994274363917
2014-08-18,0.0015624749694698357,0.0015637137216847306,1.7097755152892946,0.9969745274727558
2014-08-19,0.005145117931618816,0.005145702514692689,1.7185725119520525,0.9984780287055293
2014-08-20,-0.0008187820908823932,-0.0008180556114739447,1.7171653755573835,0.9988498983012757
2014-08-21,0.00487887165421545,0.004879233822325225,1.7255432050337904,0.9999999999999998
2014-08-22,0.0013799721356041897,0.0014770799607532056,1.7279244065755184,0.9998044308869074
2014-08-25,0.0032600855423540426,0.003358307810672252,1.733557587951676,0.9999999999999997
2014-08-26,0.0009649219082721262,0.0009653513967222463,1.735230335647542,0.9999999999999998
2014-08-27,0.0005442541487150458,0.0006421885415748535,1.7361747419566944,1.0
2014-08-28,-0.002487475622757004,-0.0024870783957104624,1.7318560496092308,0.9999999999999997
2014-08-29,0.0038334649922643375,0.0038343059583967583,1.7384950591470492,0.9999999999999999
2014-09-02,-0.001166848835140305,-0.0010719910826384063,1.7364664982123863,0.9993208004824851
2014-09-03,0.0007769641275605249,0.0007815418425775515,1.7378156703902081,0.9999999999999997
2014-09-04,-0.00028553034635881005,-0.00027889692063772154,1.7373194712799338,0.9997447519911948
2014-09-05,-0.0009158246577541413,-0.0009151926126645444,1.7357283912697392,0.9999317300305942
2014-09-08,0.004167260692566547,0.0042574537970912815,1.7429616239676493,0.9998648592351431
2014-09-09,-0.002844744739792177,-0.0027548203726992272,1.7380033430562079,0.9996450386019162
2014-09-10,-0.004051063229822326,-0.003961156764207143,1.7309625816198446,0.9999999999999999
2014-09-11,-0.0007850982758329559,-0.0007842629039580937,1.7296036058814834,0.9993378485676647
2014-09-12,0.0011672905553254296,0.0011687883597495388,1.7316225558350857,0.9982543279130618
2014-09-15,-0.004641483425848782,-0.004641338166189671,1.7235852584423512,0.9980400323556788
2014-09-16,-0.001686876816007365,-0.0016857717055418103,1.7206777824294728,0.9983590259190779
2014-09-17,0.006333800212462983,0.00633462805802204,1.7315762117334048,0.9970908242072247
2014-09-18,0.002772742910658753,0.0027754100743688963,1.736377427398754,0.9966315873709687
2014-09-19,0.005837409106089878,0.005840177655589593,1.7465133728050606,0.9983569154363252
2014-09-22,-0.0036317358331627303,-0.003630029362843577,1.7401704976059464,0.9991141570357644
2014-09-23,-0.006753490781726121,-0.006753264461042217,1.728418272191733,0.9999999999999998
2014-09-24,-0.0008278872199476868,-0.0008269708749617325,1.7269873367934614,0.9990112875911348
2014-09-25,0.004780097689974027,0.004783293573547392,1.7352425049726823,0.9971798099874366
2014-09-26,-0.007534930221023676,-0.007533890459242004,1.7221675737811588,0.9969561790393582
2014-09-29,-0.00024545955685669255,-0.00024492675829850577,1.7217448512916655,0.998245542362554
2014-09-30,0.006178772423975746,0.006184328531279881,1.7323831208999485,0.9962032834362888
2014-10-01,-0.002503309062883739,-0.0024975255812370463,1.7280464305330128,0.9961373878330321
2014-10-02,-0.008549208812678094,-0.008547797322426887,1.7132730007603831,0.9977920703001272
2014-10-03,0.006157185535883362,0.006161045849187661,1.7238219404996844,0.9971260554602432
2014-10-06,0.006456178922465403,0.00646077364155892,1.7349512433780216,0.9948603482436622
2014-10-07,-0.007337298359531647,-0.0073315256897053364,1.7222213884661166,0.9964755962295951
2014-10-08,-0.005666053493134813,-0.005661381600303678,1.7124631899520468,0.9981718814845406
2014-10-09,0.008887493125500825,0.00889903765157897,1.7276826947804187,0.9962498856151689
2014-10-10,-0.010811608979592378,-0.01080883845560699,1.7090036650436444,0.9947804117266339
2014-10-13,-0.008081130343663178,-0.00807626693914396,1.6951929836686286,0.9970519270133948
2014-10-14,-0.0038996648075762387,-0.0038886991434879748,1.6885822992481658,0.9942783036859213
2014-10-15,-0.0006685251493419461,-0.00034798323599873705,1.6874534395143848,0.8740719562696941
2014-10-16,-0.004337469955962457,-0.0043358347931874265,1.6801341609184057,0.8690276249009161
2014-10-17,0.0006511092306357395,0.0006637603020075335,1.6812281117792862,0.9015351396989955
2014-10-20,0.001923092604275027,0.0019266506452024794,1.6844612691271483,0.911824504102666
2014-10-21,0.0021536893645089177,0.002165906569720613,1.6880890754473945,0.938525842547212
2014-10-22,0.00869087839703685,0.009065554967292715,1.702760052325474,0.9909846572101648
2014-10-23,0.0009099365208725892,0.0009110208013943594,1.704309455883368,0.9912439235635175
2014-10-24,0.001883903421465439,0.0018870192411351693,1.7075202102985427,0.9933884145885044
2014-10-27,0.0017277256201078978,0.0017294073257252917,1.7104703367127274,0.9936054776201106
2014-10-28,0.0015909120657946448,0.0016010007080233583,1.7131915446095876,0.9940530720237739
2014-10-29,0.0036985497860346633,0.0037065982101061224,1.7195278688303397,0.9944632728706373
2014-10-30,0.0014503840942614787,0.0014508083033862211,1.7220218447009306,0.9948442600608347
2014-10-31,0.01435090851002783,0.014352647271646325,1.746734422646503,0.9957331411759127
2014-11-03,0.00045586260296774926,0.0004666710275862844,1.747530693547104,0.9960819188799974
2014-11-04,5.689393195911239e-05,6.578923188778946e-05,1.7476301174394793,0.9995283301371316
2014-11-05,0.005189704739463307,0.005194700099618317,1.7566998017427837,0.9996425561233147
2014-11-06,-0.000983507745778345,-0.0009789474387654033,1.7549720738807624,0.9996584810219388
2014-11-07,0.0025881656378396335,0.002589838823419852,1.7595142322977488,0.9999999999999996
2014-11-10,-0.0005401369631820375,-0.0005388952724092204,1.75856385362364,0.9997628862809886
2014-11-11,0.002449323442453832,0.002451004951845032,1.7628711452953725,1.0
2014-11-12,-0.002353656993850521,-0.00235361095028691,1.7587219512949908,0.999869781543087
2014-11-13,0.0021165618326763353,0.0021181699767327234,1.762444395051392,1.0
2014-11-14,0.0025990011357142316,0.0025991851585213496,1.7670249900357637,0.999432155360031
2014-11-17,-0.0012224392740579765,-0.00121951149102648,1.7648649092897022,0.9999420059025559
2014-11-18,0.000652877308184536,0.0006548796794789908,1.7660171495409889,0.9999999999999998
2014-11-19,0.002445299903336842,0.0024458400072026425,1.7703355911060528,0.9997067655701064
2014-11-20,-0.0019018842774621567,-0.0019007607413962548,1.7669686176794965,0.9998644164547345
2014-11-21,0.011500233114923123,0.0115007014447593,1.7872891686895644,1.0
2014-11-24,-0.0012418265600460034,-0.00124147812064708,1.7850696655294032,0.9995416299424509
2014-11-25,0.001340255835254504,0.0013470675322046351,1.7874621155649646,1.0
2014-11-26,0.0006811858197205993,0.0006814644774807164,1.7886797094113753,0.9997005443944627
2014-11-28,0.003530275738817451,0.0035351732845636022,1.7949942419940252,1.0
2014-12-01,-0.0009749047328499236,-0.0009725726624781616,1.793244293612067,0.9999999999999998
2014-12-02,-0.0014748174029739895,-0.0014739808030689418,1.790599585720064,1.0
2014-12-03,0.003973764912998417,0.003974116002243754,1.797715007527028,0.9997688884869188
2014-12-04,0.0001657487145616941,0.0001673257689303529,1.7980129764786739,0.99941865665412
2014-12-05,0.002816871886710364,0.0028201151764016535,1.803077748684057,1.0
2014-12-08,-0.0013133699394599911,-0.001312912325174628,1.8007096405704262,1.0
2014-12-09,-0.007599571653381146,-0.00759646596384506,1.787025018629977,0.9999999999999998
2014-12-10,0.0030801536341605183,0.0030815614511006595,1.7925293302354457,0.9996884407501865
2014-12-11,-0.00453872371059024,-0.004534541125186757,1.7843935348623776,0.9978815564036301
2014-12-12,-0.002641600681395877,-0.002640882205298602,1.7796798796848068,0.9986097733659018
2014-12-15,-0.0003454647141863616,-0.0003442569728136867,1.7790650630838283,0.9975382059521081
2014-12-16,-0.008682283035444788,-0.008680306832436193,1.763618716667663,0.9969166338033632
2014-12-17,0.0009327317420915052,0.0009341616463830622,1.7652636998256455,0.9968357630684636
2014-12-18,0.01824046766149617,0.018246920143401478,1.7974629352563283,0.9947968514160902
2014-12-19,0.004963427777166064,0.004965660934249791,1.8063845127176057,0.9950152117496158
2014-12-22,0.00434972039166306,0.004370990822134992,1.814241780267758,0.9992681338628782
2014-12-23,0.007585251740348115,0.007586361414894874,1.828003260888946,1.0
2014-12-24,-0.003710094619200883,-0.0037016836890441905,1.8212211958268403,0.9999999999999998
2014-12-26,0.0029454585271420056,0.0029500295709792507,1.8265855273279001,0.9999999999999996
2014-12-29,-0.0006824678010169251,-0.000671241000562439,1.8253389415196954,0.9991330999868665
2014-12-30,0.0008748080734224697,0.0008795886556556502,1.8269357627624692,0.9998209654985818
2014-12-31,-0.0008095517394426424,-0.0008072343616919569,1.825456763737875,0.9996623304311378
2015-01-02,-0.0015605921436160925,-0.0015564379357478366,1.8226079702538747,0.9998705349055169
2015-01-05,-7.133780736354704e-05,-6.78423695601892e-05,1.8224779493975933,0.9996788739478752
2015-01-06,-0.002557701588141816,-0.002555181021432222,1.8178165946520657,0.9993105115134497
2015-01-07,0.0008623226347446834,0.0008739994869881037,1.8193841390474486,0.9992944510473875
2015-01-08,0.0073820543006406026,0.007387462478320315,1.8328149315556213,0.998688778984929
2015-01-09,0.004237556616754623,0.004245507398759267,1.8405815885961216,0.9988977622846774
2015-01-12,-0.003938991721540952,-0.003936096318779737,1.8333315529558207,0.9999999999999998
2015-01-13,0.0012063613746697726,0.0012084962714585409,1.83554321332827,1.0
2015-01-14,-0.011176542965391048,-0.011172374492872488,1.8150281857396746,0.9990431326696732
2015-01-15,0.005922614944365204,0.0059233767885264145,1.8257778987969804,0.9993366867218425
2015-01-16,-0.004071676956771899,-0.004046707648095955,1.8183439209982653,0.9966231496440443
2015-01-20,0.009256648493264389,0.009258953889631456,1.8351756915148103,0.9980502432496062
2015-01-21,-0.001370431272582464,-0.0013692427570879003,1.832660709356475,0.9970909181750023
2015-01-22,0.008444697779883293,0.008446135862594283,1.8481369751800572,0.9992734006961879
2015-01-23,0.012246568906807379,0.012247157485941384,1.8707703119958183,0.9989482264476853
2015-01-26,-0.0024525226269169072,-0.0024478876783222423,1.8661822054758843,0.9999999999999996
2015-01-27,-0.006059574667126268,-0.006048346283287818,1.8548739350593408,0.9999999999999998
2015-01-28,0.00231303577606052,0.002317580538256716,1.8591643248312153,0.9994217083733214
2015-01-29,-0.008963568371660421,-0.008961061593288484,1.8424995782914388,0.9979804822541796
2015-01-30,0.0048109531738925355,0.004818474958754656,1.8513637574855155,0.9985284174203071
2015-02-02,-0.004636428314003096,-0.004635116898639096,1.8427800421407905,0.9963999895430882
2015-02-03,0.0033800114776669212,0.0034571149504616316,1.849008659834042,0.9975288351478799
2015-02-04,0.001331961133214465,0.0014117222986393327,1.8514714675039181,0.9964354892899552
2015-02-05,0.0034367416622424008,0.00344927062737911,1.857834496632742,0.9974130872632876
2015-02-06,0.00433203032382551,0.004338905953684985,1.865882692008804,0.9977470450321053
2015-02-09,-0.005599724133407822,-0.005599453240907863,1.8554342636682544,0.9985718111733493
2015-02-10,0.0013633996968610497,0.0013639602970364705,1.857963962180885,0.9996177670025413
2015-02-11,0.0024474344087331438,0.002450018613954656,1.8625112071121126,0.998265082199829
2015-02-12,0.002552404319197159,0.0025557921763263475,1.8672650887616986,0.9985927423162946
2015-02-13,0.002053836863912259,0.0020540198252547836,1.8711001466356938,0.9991814662149674
2015-02-17,-0.001605362676467424,-0.001603445416098676,1.8680963522963523,0.9997983065617762
2015-02-18,-0.00032445408432406895,-0.00032283215671793545,1.867490240804939,0.9999999999999996
2015-02-19,-0.0006246492419213328,-0.0006221756191944776,1.8663237144417248,0.9996124313182357
2015-02-20,0.001398415414688303,0.001398709763074978,1.8689336102927983,0.9995343960275366
2015-02-23,0.004050804272087524,0.0040558472727200735,1.8765042945456203,0.9993836817177065
2015-02-24,0.0006504861524815356,0.0006555219987112922,1.8777249346042946,0.9997224559946503
2015-02-25,0.0032226856685381874,0.0032232798743167175,1.8837762518405008,0.9999999999999998
2015-02-26,0.0025023489485176353,0.0025027080801818535,1.8884901173635364,0.9999999999999999
2015-02-27,-0.0002850679938603192,-0.0002849472455033087,1.8879517692743546,0.9999999999999999
2015-03-02,-0.0017103063389552835,-0.001709722874115185,1.8847227933957227,0.9999999999999998
2015-03-03,0.0018475926024073956,0.001848068378093031,1.8882049932863891,0.9999300971821181
2015-03-04,-0.003257877861827084,-0.0032556280892228717,1.8820534520401702,0.9995104986358911
2015-03-05,0.001040526544973567,0.0010430514073691837,1.884011778616077,0.9999635480600675
2015-03-06,-0.002392672114187194,-0.0023917350638996753,1.8795039561705822,0.9991649534919904
2015-03-09,-0.005531603924810591,-0.0055304271483025014,1.869107284709932,0.9994207975863068
2015-03-10,0.0005922008389391202,0.0005926834084139322,1.8702141716120044,0.9988337617065606
2015-03-11,-0.0016895822392204321,-0.0016880768895281523,1.8670542909641104,0.9974810095638973
2015-03-12,0.0003462557740765844,0.0003496992335286314,1.867700769292871,0.9976254198150479
2015-03-13,0.0039216698728790885,0.003924623471730313,1.8750252751313599,0.997212622189215
2015-03-16,0.002303954166130736,0.002305278976942261,1.8793452474255992,0.9972983438217853
2015-03-17,0.0021435153288374958,0.002144398046181016,1.8833736527716336,0.9982644541364196
2015-03-18,0.0008650407160633348,0.0008695194169982052,1.885002847664842,0.9988340377642166
2015-03-19,0.006609600673943151,0.006611038646792799,1.8974619637571521,0.9993641552613693
2015-03-20,0.0006342325723831272,0.0006510651385401286,1.898665395939425,0.9995804117168448
2015-03-23,0.0011688833119057303,0.0011711124745686788,1.9008847142356315,0.9999999999999996
2015-03-24,-0.0010980859606029016,-0.0010952676318347209,1.8987973794182047,1.0
2015-03-25,-0.0026858963692554575,-0.002680662451032416,1.8936974064308736,0.9999999999999998
2015-03-26,-0.016809559551169927,-0.0168043014105619,1.8618651871055778,0.9997217531258303
2015-03-27,0.0018150209774776855,0.0018165549004863304,1.8652445114774099,0.9990379146439394
2015-03-30,0.0036306805956881683,0.0038106833278906786,1.872016618531445,0.4973913111788591
2015-03-31,0.0008693536414898181,0.0008869385073367051,1.873644062995695,0.5473799923763212
2015-04-01,-0.0013454691817762993,-0.0013274508048779386,1.8711231326513162,0.5982797460731423
2015-04-02,-0.0017702487203449043,-0.0017525848995309564,1.8678107793201324,0.6483984692225189
2015-04-06,-0.0026822177369144693,-0.00266528815889872,1.86280090411864,0.6978881080756029
2015-04-07,0.007115663995067249,0.007133140401522546,1.876055969442056,0.747233358965122
2015-04-08,-0.0009557646444330739,-0.0009377598827769783,1.8742629014754857,0.7962952117673712
2015-04-09,0.0024723990655498174,0.0024907761502536044,1.8788968273216882,0.8480559068025944
2015-04-10,0.005779052886945974,0.005796726595662772,1.889755071455895,0.897677832101295
2015-04-13,0.002519286258426096,0.0026189386361765168,1.8945159054392047,0.9482425566477248
2015-04-14,-0.0028966558377680127,-0.002819587218545807,1.88902814488197,0.9997596545878883
2015-04-15,0.0036461377231716305,0.0037420896940773656,1.8959158016611568,0.9999999999999997
2015-04-16,-0.0020830047483919333,-0.002082471728249176,1.8919666000437452,0.9992913306230388
2015-04-17,-0.005221712587109205,-0.005221486952757909,1.8820872942339064,1.0
2015-04-20,0.0008244915656803275,0.000829376189788938,1.8836390593338763,0.9995539318782602
2015-04-21,0.008279518350837598,0.00828032849432412,1.8992346834919855,0.9984386124677714
2015-04-22,-0.0041798061286171615,-0.004178058905007156,1.8912962507222435,0.9986177407407952
2015-04-23,0.0005401418841602437,0.0005459897655412999,1.8923178190426138,0.9999999999999996
2015-04-24,0.0037592298916379868,0.003759500359359394,1.899431476752438,0.999089495741642
2015-04-27,0.0014012703295289853,0.0014017519479899876,1.9020930937237845,0.9992059528517369
2015-04-28,-0.006171422013587425,-0.006170232562610665,1.890354474533285,1.0
2015-04-29,-0.003186956811263563,-0.0031807323091105006,1.8843299964649685,0.9999999999999999
2015-04-30,-0.00022191766744053383,-0.000218978735692481,1.8839118303474647,0.998673179567179
2015-05-01,-0.004524753706397692,-0.004405480505776237,1.8753875933105735,0.9979798308958411
2015-05-04,0.0077122118082424895,0.007712230106547483,1.8898509796527347,0.9979324818561357
2015-05-05,-0.000204341407212918,-0.00020404043699267642,1.8894648048441298,0.9971418146569406
2015-05-06,-0.007095494146298422,-0.006975019338849069,1.8760581183817215,0.9985132472864119
2015-05-07,-0.00523911320311892,-0.005237959325964719,1.8662292375238896,0.9984772925276806
2015-05-08,0.013662159130434158,0.0137784864645178,1.89172595834081,0.9969815965841079
2015-05-11,0.002880262472620939,0.002996591627185496,1.8971746256271018,0.9958596573719308
2015-05-12,-0.008450943607256279,-0.008333992190873558,1.8811417098528096,0.998309398139697
2015-05-13,0.002815827508080946,0.002816081700751623,1.8864386804260116,0.9989579726900508
2015-05-14,0.002187401981715614,0.0021879666788170156,1.8905650801339604,0.9975073099719248
2015-05-15,0.007163425592598825,0.007163615179434112,1.9041080024134656,0.9979961542107071
2015-05-18,-0.00031529384502880145,-0.0003151470874552329,1.9035076488800344,0.9983734915652459
2015-05-19,0.002782461542259014,0.0027829283941488052,1.9088040857084387,0.9995956932388947
2015-05-20,-0.00015314036237754574,-0.00015311980692923275,1.9085117707590455,0.9995418332533627
2015-05-21,-0.0018913930918989042,-0.001762178794273567,1.9049020247800241,0.9999999999999999
2015-05-22,0.0016283626288345697,0.0016285843415581446,1.908003896048767,0.9999740782366202
2015-05-26,-0.0005481323697771762,-0.0005479782983881701,1.9069580573516818,0.9996026790693616
2015-05-27,-0.001618937289463767,-0.0016184361200914064,1.903870811843192,0.9999453386370013
2015-05-28,0.004239843816749186,0.004242047663252173,1.9119429267326746,0.9998299025222008
2015-05-29,-0.0007369835707051257,-0.0007367151778462734,1.9105338562075467,0.9994897544103615
2015-06-01,-0.001282849801056863,-0.001281157169349896,1.9080829282301983,1.0
2015-06-02,-0.0037631441554156,-0.003761894751125517,1.9009025371107806,0.9998438667879173
2015-06-03,0.00233979880019314,0.0023407585376874654,1.9053502665863966,0.9995740358308034
2015-06-04,-0.005735104791629914,-0.005614320351168126,1.8944228831427636,0.9987792769442421
2015-06-05,-0.003413855245562963,-0.0034136897091126255,1.8879555976458322,0.9992714588704019
2015-06-08,-0.0019210127831602618,-0.0019207027082587525,1.8843288108087155,0.998310883886808
2015-06-09,-0.004602439138584445,-0.004602249132645872,1.875656302139887,0.9977229244962575
2015-06-10,0.004398924332434442,0.004399027488311995,1.8839071722866543,0.9974019803949481
2015-06-11,0.01018044165043217,0.010180684981134773,1.903086179328949,0.9966494041916543
2015-06-12,-0.003981488217353117,-0.003981259858702545,1.8955090641293433,0.9973626585261472
2015-06-15,-0.009673262845253947,-0.009672732664284927,1.8771733067264589,0.9990206782879404
2015-06-16,0.0005563476948788772,0.0005565528399829369,1.8782176677685443,0.9983753955333357
2015-06-17,0.008121589802493985,0.008122085960400073,1.8934717812259574,0.9968303714215485
2015-06-18,0.0022329466569703184,0.002232974408548249,1.8976998027099137,0.9969171644936398
2015-06-19,0.007284817460131579,0.007285228778859921,1.9115241993667833,0.9981874715531092
2015-06-22,0.0015294047252103191,0.0015295171318677864,1.9144476935096488,0.9985339166262763
2015-06-23,0.002035217860113013,0.00203557509710979,1.918344011647732,0.9996347589384573
2015-06-24,-0.0034459452663220575,-0.0034458695106999,1.9117335031816172,0.9998665035839565
2015-06-25,-0.0021175590419891754,-0.00211751548920299,1.9076852946160814,0.9999999999999996
2015-06-26,-0.003833261112105557,-0.003833079341664317,1.9003726387620938,0.9994470069871875
2015-06-29,-0.01092849025528477,-0.010928376784882067,1.8796044348979726,0.9991081275957849
2015-06-30,-0.0020678648169331,-0.002067662618252403,1.8757176670172957,0.9985039862614168
2015-07-01,-0.0003320636328735796,-0.0003314914952287078,1.875094809394541,0.9967933944780897
2015-07-02,0.003080990704327748,0.00308109904438963,1.8808719590720187,0.9964716658506027
2015-07-06,-0.009441080325058875,-0.009441063075756945,1.863114495825269,0.996421143866877
2015-07-07,0.00482905193583763,0.00482920533110986,1.872111572488021,0.9968621717230608
2015-07-08,6.589513728592408e-05,6.637292207323689e-05,1.8722349355371046,0.9954964678474132
2015-07-09,0.005039567772435636,0.005039810428614093,1.8816701903806654,0.996190820810892
2015-07-10,-0.0006642641089971314,-0.0006642609735083921,1.8804202644082257,0.9961998942499019
2015-07-13,0.007933957986871699,0.00793419245800717,1.895339439783703,0.9968743035988342
2015-07-14,0.00449940975328652,0.004499440450556471,1.903867348544854,0.9967852600719499
2015-07-15,0.003156056037311751,0.003156423596445996,1.90987606058447,0.9978444347967108
2015-07-16,0.0032134833103095884,0.00321369628792044,1.9160134154299182,0.9984495818910331
2015-07-17,0.0026440221553967382,0.0026441688096702984,1.9210793973503522,0.9988588020555952
2015-07-20,0.0010094139425526531,0.0010095631333319232,1.9230185616787885,0.999276582901677
2015-07-21,-0.0029008585546528693,-0.002900735137138612,1.9174401568333863,0.9996190553724824
2015-07-22,-0.005154350321171587,-0.005154302119328356,1.9075569985451848,0.9997504695100736
2015-07-23,0.003025897749437694,0.0030260373816002944,1.913329070974007,0.999374525420433
2015-07-24,-0.002451576923180654,-0.0024513195914555837,1.9086383975771564,0.9987077867046023
2015-07-27,-0.01558352386212294,-0.01558337420498716,1.8788950855643487,0.9990832503434264
2015-07-28,0.00320937015517528,0.003209489624737271,1.8849251553766642,0.9987802199773457
2015-07-29,0.008132296198243733,0.008133061980083692,1.9002539250517079,0.9968702752487857
2015-07-30,0.005300818395138599,0.005300967124635556,1.9103268260130564,0.9972378478578412
2015-07-31,-1.8330154040300056e-05,0.00021258792851222598,1.9102918094280683,0.9981227817470242
2015-08-03,0.0010029690948105518,0.0010040527199276243,1.9122077730749945,0.9987019331501686
2015-08-04,-0.0009231198660029462,-0.0009219753958673404,1.9104425760917438,0.9987371544457834
2015-08-05,0.003975337829044057,0.003989565085597971,1.9180372307346978,0.998903009343034
2015-08-06,-0.000583265873389472,-0.0005752117140720253,1.9169185050741198,0.9987502707538867
2015-08-07,-0.004795262288975415,-0.004793880027932438,1.9077263780556988,0.9994315203253916
2015-08-10,0.0006937276754456571,0.0006972002617698527,1.9090498206413338,0.9993312936240221
2015-08-11,-0.0036525830173302115,-0.003649999579019079,1.902076857687222,0.9984996494943925
2015-08-12,-0.006568912643820592,-0.006565255480894941,1.8895822809672418,0.9986212616722169
2015-08-13,0.005910649812033423,0.005919717508935015,1.9007509401210625,0.9979872420312076
2015-08-14,-0.001226235444961205,-0.00103268670900325,1.8984201719462426,0.9968399098395064
2015-08-17,0.0012795227098726227,0.0014732612378516175,1.900849243669128,0.9978934216225951
2015-08-18,0.005647618899643885,0.005647689733217852,1.9115845157830476,0.9977618185919974
2015-08-19,-0.003906357057058939,-0.0039061112504979846,1.904117184119654,0.9980240348744049
2015-08-20,-0.009911338269215874,-0.00990913601388454,1.8852448346036172,0.9990300597658197
2015-08-21,-0.014197098096916352,-0.014057358990350155,1.8584798287500448,0.9983328258235724
2015-08-24,-0.012415142791810822,-0.011828890749873977,1.835406536300413,0.9965793667822013
2015-08-25,-0.0022158409817918927,-0.002162350312723691,1.83133956727903,0.9023705482438249
2015-08-26,-0.007152255265558629,-0.006875068302729583,1.8182413592159328,0.28765269869470655
2015-08-27,0.011042525511522764,0.011088540001949754,1.8383193358111805,0.3452087523586797
2015-08-28,0.0030385627326247654,0.0030452357787914327,1.84390518443564,0.35354856396284884
2015-08-31,0.0006432247146908544,0.0006492118333952934,1.8450912298218156,0.34607541643468753
2015-09-01,-0.009173258864610762,-0.009172664703295724,1.828165730341837,0.34533291218323087
2015-09-02,0.0017974182614539543,0.0017983451917110125,1.8314517088105178,0.34650001753409265
2015-09-03,0.001669860449750065,0.001671776221766109,1.8345099775846876,0.3440905434398999
2015-09-04,-0.00646613284917707,-0.006459698943599062,1.822647792356484,0.35224766106187394
2015-09-08,0.006090845626442486,0.006091483025973494,1.8337492586911037,0.3514412342265656
2015-09-09,0.006395703642687597,0.006400438356450846,1.84547737550469,0.3573526175041066
2015-09-10,-0.00865853619097005,-0.008655103364613989,1.8294982428592663,0.3531086853157015
2015-09-11,0.0017765369281601711,0.0017777967239618509,1.83274841404771,0.35154940110037736
2015-09-14,0.004426593315130187,0.004430535732859608,1.840861245925649,0.35641091594068136
2015-09-15,-0.002213044734060356,-0.0021975411656492,1.8367873376392174,0.3754523542716887
2015-09-16,0.005273319879241315,0.005276425914045203,1.8464733048207291,0.3716430801407614
2015-09-17,0.0031607378092110374,0.003165180938469069,1.852309522808975,0.3770816549877428
2015-09-18,-0.007329644060513413,-0.00731831179140389,1.8387327533168858,0.3908698485923373
2015-09-21,0.0024300401558628596,0.0024308153648825376,1.843200947743346,0.3899045249336971
2015-09-22,-0.007953660527217856,-0.007933002570736526,1.8285407531215492,0.42024776207496906
2015-09-23,0.0008400212844425078,0.0008927520010629239,1.830076766273642,0.5130460306389321
2015-09-24,-0.006097030871194863,-0.006096901570255445,1.818918731733015,0.5128124132492529
2015-09-25,0.011661473576521777,0.011665073592313724,1.84013000446096,0.5194768044453675
2015-09-28,-0.01016067354768371,-0.010160542305995179,1.8214330442003346,0.5192381479917848
2015-09-29,-0.010566598907752559,-0.010566000323031403,1.802186691784943,0.5181701735826897
2015-09-30,0.004677072371098021,0.004677253133221378,1.810615649368651,0.5178396198327914
2015-10-01,0.006129390970259778,0.006131622538574424,1.8217136205805022,0.5218931349501843
2015-10-02,-0.006622199721894092,-0.006621332979732737,1.8096498691489233,0.523452511103597
2015-10-05,0.01789454161861272,0.017894695623889154,1.8420327240475258,0.5231861527519502
2015-10-06,0.004909468364477758,0.004910287228330827,1.8510761254325698,0.5246135401218723
2015-10-07,0.0017640772100485623,0.0017656341678578757,1.8543415666395102,0.5218694578541437
2015-10-08,-0.0007545954082090701,-0.0007522519625006975,1.8529422890080727,0.5261544542672604
2015-10-09,0.006776640211785003,0.0067775157049165535,1.8654990122338817,0.5277435668180309
2015-10-12,0.0015376048722166732,0.0015380793004857844,1.8683674126042078,0.5286147058238078
2015-10-13,-0.0031017151177697004,-0.003101438624789728,1.862572269154985,0.5291231622955335
2015-10-14,0.0004070083966353812,0.0004073597015956529,1.8633303517078714,0.529772631166982
2015-10-15,-0.0006113790766110614,-0.0006113431670857473,1.862191150518023,0.5298376085119424
2015-10-16,0.009048330832370232,0.009048512104967727,1.8790408721210226,0.5301653720499891
2015-10-19,-0.004896602880627572,-0.004895813546181167,1.8698399551737779,0.5315796486554643
2015-10-20,0.0034206899131803688,0.0034207409162681254,1.8762360978477024,0.5316728393301359
2015-10-21,0.004014346968023959,0.004014347878963605,1.8837679605383946,0.5316711945133501
2015-10-22,-0.0034174951392228225,-0.0034082865855427787,1.877330192689831,0.548329175766124
2015-10-23,0.0072310653762974395,0.007231509380314485,1.8909052900460683,0.5491267915396055
2015-10-26,0.004222525398857838,0.004225490816598236,1.8988896856601227,0.5545607507098859
2015-10-27,-0.0019025344666551577,-0.0019013975536390445,1.8952769825847784,0.5566856776998419
2015-10-28,0.0038249228745083916,0.003828476250153202,1.9025262708689963,0.5500303291569454
2015-10-29,-0.0016074110806208407,-0.0013473635677976412,1.8994681290600293,0.9943735374563881
2015-10-30,0.0038927890631821516,0.004474425045241386,1.9068623578186972,0.9945837966209048
2015-11-02,-0.00260639163120234,-0.0026063483461782424,1.9018923277274238,0.9944831373936385
2015-11-03,0.005363083181300974,0.0053633561302732875,1.9120923344829042,0.9951213468861823
2015-11-04,0.0047111494472972075,0.004873641208168527,1.9211004872276845,0.9947457058817639
2015-11-05,-0.0034102972070923923,-0.003409041082032477,1.914548963601548,0.9955146318679943
2015-11-06,-0.00463832513854841,-0.004470850062408235,1.905668663014693,0.9964366991343437
2015-11-09,-0.0016063594060180598,-0.0014384607015346929,1.9026074742331056,0.9957926193388834
2015-11-10,-0.005799212832212631,-0.0057916860528384505,1.8915738485538693,0.9951595893380925
2015-11-11,0.003970161562388702,0.003970265390054822,1.8990837023398175,0.9948911014517592
2015-11-12,-0.0055305679392143444,-0.005528535555590583,1.8885806909017724,0.9937977513540321
2015-11-13,-0.007711850363556538,-0.007710565932972352,1.8740162392140358,0.9945449797661743
2015-11-16,-0.004049926002923485,-0.003627244023664899,1.866426612116942,0.9935052381997096
2015-11-17,0.010712458177324184,0.010716991494252702,1.8864206291402894,0.9920658869933727
2015-11-18,-1.1134966943360087e-05,0.00042808736616991097,1.8863996239089427,0.9917959163815604
2015-11-19,0.00838404687885655,0.008385784347839494,1.9022152867880526,0.9925953424917368
2015-11-20,0.005400719439904329,0.005521801161887699,1.912488617866292,0.9926787371363468
2015-11-23,0.0020665604582762696,0.0020741323203279875,1.9164408912208781,0.9943036394414484
2015-11-24,-0.005622772440434814,-0.005621643724850256,1.905665180193999,0.9951250365650082
2015-11-25,0.005127003345647095,0.005145312979971345,1.915435531948537,0.9954383073440434
2015-11-27,3.482840244983854e-05,4.031974871665378e-05,1.9155022435081104,0.9945912245824028
2015-11-30,0.001690509742622278,0.0016928997876575586,1.9187404187127757,0.9953931198455392
2015-12-01,-0.002844558306657803,-0.002842894601117591,1.9132824497164063,0.9953993548112363
2015-12-02,0.005771871193163895,0.005903848500943779,1.9243256695723103,0.9956621853369279
2015-12-03,-0.010137861428546023,-0.010134211987901763,1.9048171225907922,0.9952189015858466
2015-12-04,-0.011892042170385645,-0.011853576086536845,1.8821649570420698,0.9964761715015973
2015-12-07,0.013405906519260644,0.013581151498925784,1.907397084510004,0.994301911361962
2015-12-08,-0.008750538987788336,-0.00873951193717401,1.8907063319568054,0.9916933771697762
2015-12-09,-0.003357450867305646,-0.00325171069954487,1.8843583783427567,0.9942942679391924
2015-12-10,-0.001996233477549246,-0.0019916905880248774,1.8805967590642083,0.992551151304715
2015-12-11,-0.0038999786465298827,-0.003891214975793311,1.8732624718611246,0.9917822857546533
2015-12-14,-0.0043299907337910944,-0.004329587183050805,1.8651512627160072,0.991313506978974
2015-12-15,-0.0004536970470749686,-0.00010032943094708885,1.8643050490957647,0.9903906919526893
2015-12-16,0.004551455273229239,0.004665343670088607,1.8727903501423797,0.7164542768856894
2015-12-17,0.007492145930029945,0.007495554748990426,1.8868215687419982,0.7152343848440427
2015-12-18,-0.015466869146370691,-0.01512241091226938,1.8576383464357158,0.9898267945163768
2015-12-21,-0.00576398152146593,-0.005422991742270689,1.8469309533332938,0.7118211856807628
2015-12-22,-0.0022578415806480804,-0.002120300478249782,1.8427608758302718,0.9876349187339135
2015-12-23,0.0011349923388833908,0.0011375163977728566,1.8448523953067333,0.9870878170738802
2015-12-24,0.0002128684979549248,0.00033531823733641726,1.845245106265071,0.6712123246181643
2015-12-28,-0.0015703746609545986,-0.0015693323969375506,1.8423473801069419,0.6698274875841631
2015-12-29,0.003262721556384201,0.003381010901406519,1.848358446618365,0.9870110607111652
2015-12-30,0.000557436227922917,0.0006804908254422408,1.849388788578697,0.6835895005438158
2015-12-31,-0.0015854338098702742,-0.001584865023554082,1.8464567050656893,0.6817564832392368
2016-01-04,-0.007830094458014691,-0.007828742015664454,1.8319987746523902,0.678704216109568
2016-01-05,0.004512805842051178,0.004523595992080187,1.840266229425272,0.708949684121571
2016-01-06,-0.006183733184032446,-0.006171730149611789,1.8288865140749209,0.7443931643226308
2016-01-07,-0.009831789778911951,-0.009805691974571712,1.8109052863390491,0.8160116719999283
2016-01-08,-0.001063752893388127,-0.0010040605840743269,1.8089789306010542,0.9861874150274159
2016-01-11,-0.009458611541191448,-0.009457181840140955,1.7918685016102989,0.985347148955123
2016-01-12,0.0085532431026717,0.00855328576185345,1.807194788512592,0.985276144607447
2016-01-13,0.002409509792641914,0.002410156654026171,1.8115492420527248,0.9846073852700519
2016-01-14,-0.016804817460049356,-0.016804589047563476,1.781106487720138,0.9852110088937449
2016-01-15,-0.011650398942428138,-0.011649319773859825,1.7603558865792512,0.9853815801512874
2016-01-19,0.014028800145861196,0.014030449458192438,1.785051567497662,0.9841922309912421
2016-01-20,-0.014900399340563449,-0.014899984455053479,1.758453586298448,0.9833713302776159
2016-01-21,0.007211822682348429,0.007214232371917348,1.771135241757972,0.9843592677671882
2016-01-22,0.006695072607867614,0.006696625231904426,1.7829931207998948,0.9833058597186214
2016-01-25,-0.0006893485687979063,-0.0006877648536571387,1.7817640170438949,0.9838132345912225
2016-01-26,-0.0029065996308360004,-0.0029060066715687763,1.7765851424097183,0.9842857240706242
2016-01-27,-0.0018364493279505209,-0.0018364259934155454,1.773322533818893,0.9842371791447734
2016-01-28,-0.001643689551925537,-0.0016434733015482537,1.7704077420978608,0.9840321400596233
2016-01-29,0.0031518823156245403,0.0031539011082769492,1.7759878589516236,0.9839026460866063
2016-02-01,0.006543048597099521,0.006544536569930029,1.7876082338206025,0.9837867921327779
2016-02-02,-0.0037565079825861913,-0.0037533367845351997,1.7808930692205187,0.9840092373382061
2016-02-03,-0.008009290574829405,-0.008008190900446077,1.7666293791464318,0.9844709438265824
2016-02-04,-0.010699436196812335,-0.010695757939408607,1.7477274408208403,0.9842061396573414
2016-02-05,-0.0011751496762046653,-0.0009466119373386856,1.7456735994846657,0.5716468198858267
2016-02-08,-0.029462225906613036,-0.02945249902677328,1.6942421695374381,0.5857431467569804
2016-02-09,-0.012478767273020837,-0.012478651863608012,1.6731001157996424,0.5855778198312208
2016-02-10,0.009446644189987252,0.00973557900651999,1.688905297287828,0.9812611713348369
2016-02-11,-0.00210845716577569,-0.0021057859783487408,1.685344312811445,0.9805954576313782
2016-02-12,-0.00010228068569600696,-0.000101816433534393,1.6851719346394969,0.9812550287578761
2016-02-16,-0.0030392178986877664,-0.0027495596929565415,1.6800503299333742,0.9811121138181067
2016-02-17,-5.975085188442424e-06,1.1866461914850682e-06,1.680040291489532,0.9811052122425207
2016-02-18,0.010232521631278342,0.01053934579880649,1.6972313401136179,0.9808223137638707
2016-02-19,-0.002280894655010533,-0.002277742883748719,1.6933601342216362,0.9808224347712438
2016-02-22,0.00014763405789517328,0.0004229713825424354,1.6936101318497294,0.9815208679175521
2016-02-23,0.0029195919641175497,0.0029304703880011643,1.698554782381026,0.9813697575925201
2016-02-24,0.004073860592141625,0.004076179304574381,1.7054744577725618,0.9814112043883606
2016-02-25,0.0011397247816785484,0.0011435118067820366,1.7074182292766047,0.9816950996212293
2016-02-26,0.004483464838084211,0.0045267920235398384,1.7150733788714705,0.9820902605099593
2016-02-29,-0.001061532860604591,-0.0010578644982529135,1.7132527721214503,0.9822007972621788
2016-03-01,0.0043811700391075065,0.004382771703946583,1.7207588238360865,0.98261940629914
2016-03-02,0.0026225264763710234,0.002625360618707656,1.7252715594110457,0.9825218093972681
2016-03-03,0.004909851235840841,0.004942090939015859,1.733742386109181,0.9829254646986758
2016-03-04,0.00793912316422605,0.007949120175844584,1.747506780447541,0.9831674476606148
2016-03-07,-0.003431626100118714,-0.0034230233581126093,1.7415099905696227,0.9836104186347208
2016-03-08,0.004567883989810959,0.00459453353837756,1.7494650061736414,0.984323427335917
2016-03-09,-0.010177437251216859,-0.010168617091549,1.7316599358501095,0.9840186686990515
2016-03-10,0.004143235360235418,0.004148819369896464,1.7388346105282264,0.9844150530273432
2016-03-11,0.0032492957217102577,0.003262633557618148,1.7444845983889776,0.9835449765412267
2016-03-14,0.0005984873137352517,0.0006062043757854528,1.74552865029012,0.9838966211958246
2016-03-15,-0.002258892732873877,-0.0022551351704382136,1.7415856883069565,0.9841692827707449
2016-03-16,-0.0037507820372775073,-0.0037480073169306846,1.7350533799908752,0.9842195175372603
2016-03-17,0.014831893636205103,0.014833452624856228,1.760787507176038,0.9840334808727815
2016-03-18,0.00457888262362357,0.004579551127583438,1.7688499464965397,0.9837252809604882
2016-03-21,-0.0015826231769570202,-0.001519095387637405,1.766050523574655,0.9849414291596943
2016-03-22,-0.0006334505681730273,-0.000633214910686421,1.7649318178670745,0.9853180544420348
2016-03-23,-0.0037068774986468616,-0.003511883754853426,1.7583894318247772,0.9852040898604197
2016-03-24,-0.009128603621084572,-0.009126629683673641,1.7423377916901448,0.9851566033942438
2016-03-28,0.0021973563150260614,0.00239281330853365,1.7461663286396238,0.984952221857766
2016-03-29,0.0006886942627660441,0.0006894778808395221,1.747368903371993,0.9844221614430415
2016-03-30,0.012072828349953182,0.012076537663113639,1.768464588206449,0.9845989807941318
2016-03-31,-0.0008424183374955734,-0.0008402663749805721,1.7669748012081323,0.9846500320270896
2016-04-01,-0.004319077591931471,-0.00431705337802471,1.7593430999387267,0.9855426625037729
2016-04-04,0.009359220536893842,0.0093645937943773,1.7758091800111155,0.9854805806618301
2016-04-05,-0.0037359370482789663,-0.0037349725141012295,1.769174868704838,0.985160990960197
2016-04-06,-0.003073447485623993,-0.0030712414315919897,1.763737402652988,0.9858480915301351
2016-04-07,0.005236453754950502,0.005240574932405931,1.7729731319978568,0.9855731216279003
2016-04-08,-0.001319213396349629,-0.001318227870193246,1.7706342020907573,0.9853479573089039
2016-04-11,7.312116931566142e-05,8.059618162577464e-05,1.7707636729340446,0.9857295447478791
2016-04-12,-0.0001905582795471943,-0.00018871239761264607,1.7704262392550456,0.9856335567461418
2016-04-13,0.009278971368095116,0.009280023320785879,1.7868539736384177,0.9856393505952987
2016-04-14,0.002743674796618817,0.002752401008828727,1.7917565198511274,0.9856257906406237
2016-04-15,0.002485861944554668,0.002489703245825391,1.796210579197733,0.9862921543889314
2016-04-18,-0.003287014401473292,-0.0032842223348621513,1.7903064091558314,0.9864876681608682
2016-04-19,0.005537067064401002,0.005546023891432051,1.8002194558091542,0.9866637322982784
2016-04-20,-0.0023591691523580875,-0.002358744309327273,1.7959724336015344,0.9864323125084129
2016-04-21,-0.003951921903727917,-0.0034703935733244808,1.7888748908026928,0.9868177061224417
2016-04-22,-0.0058145689528858865,-0.0057980497681006495,1.7784733544020344,0.9866536387415563
2016-04-25,0.0015680358868301082,0.0015760587966839848,1.781262064445508,0.9857415816046207
2016-04-26,0.0029879892864890126,0.0029991473547750845,1.7865844564105005,0.9841908258667182
2016-04-27,-0.0021171965551808384,-0.002102103542468382,1.7828019059538485,0.9846149783399804
2016-04-28,-0.00022535625967379014,-0.00022489014072928545,1.7824001403845835,0.9854328215612526
2016-04-29,-0.005850849928868259,-0.005850584463097036,1.7719715846499995,0.9848462973360614
2016-05-02,-0.00011990450660021102,-0.0001189449692744385,1.7717591172714324,0.9847837107955324
2016-05-03,0.0017154947356586806,0.0017185308976890214,1.7747985607099666,0.9831553994426525
2016-05-04,-0.006423267141360255,-0.00642288993338179,1.7633985554324247,0.9831224263925175
2016-05-05,0.0028961002253893105,0.002903250919257602,1.768505534386264,0.9835984745864867
2016-05-06,-0.0038614794969026745,-0.0038553558448918696,1.7616764865250725,0.9818166108214382
2016-05-09,0.005846100121878122,0.005846991531598321,1.7719754236476566,0.9826249715568871
2016-05-10,0.003562608968035098,0.003563270020763023,1.7782882791830816,0.9815351529347436
2016-05-11,0.005625532937904236,0.005626815003656889,1.7882920984707151,0.9831813567620586
2016-05-12,-0.0034570369434434043,-0.0034562903007286337,1.7821099066206338,0.984190812808312
2016-05-13,-0.003463996630216282,-0.003425254669137879,1.775936683909425,0.9857858433821972
2016-05-16,-0.005412542172588866,-0.005411401040478164,1.7663243517119176,0.9848025478596306
2016-05-17,0.0071369931307974,0.007177378437044294,1.7789305964768458,0.9838838778103973
2016-05-18,-0.010154141641142618,-0.010151516178939364,1.7608670832304576,0.9824378412897277
2016-05-19,-0.0026508788478440556,-0.0026444155228397127,1.756199237925657,0.9844542491141549
2016-05-20,0.004630205350988631,0.004669896053082062,1.7643308010345025,0.9815829642078258
2016-05-23,0.002136056564313136,0.0021453357642421426,1.7680995114236722,0.9808516956506539
2016-05-24,0.00205852303999963,0.002431310606719033,1.77173918500495,0.5636601639588146
2016-05-25,0.00482444216289467,0.004824922685365481,1.7802868382307406,0.5624792900680694
2016-05-26,0.003282297741876937,0.003343894664174786,1.7861302696997585,0.40220541120987124
2016-05-27,0.0005098071316427834,0.0005103358618323996,1.7870408516492944,0.4009672080255497
2016-05-31,0.002628673267815726,0.0026698816692597516,1.7917383981645196,0.5686270115912082
2016-06-01,-0.003548209129063332,-0.003498025414250049,1.785380935623259,0.4149461514163975
2016-06-02,0.0016930661972097477,0.002029106003523291,1.7884037037345053,0.9840879023306879
2016-06-03,0.0035858695928388936,0.003593672724918276,1.794816686195447,0.9837292150665713
2016-06-06,0.001553156732977845,0.0015676747083383344,1.7976043178160725,0.9842359226538542
2016-06-07,0.00488443823473061,0.004885899243516544,1.8063846050769303,0.985143957003886
2016-06-08,0.00010990127301725972,0.00011041122537989947,1.806583129044587,0.9855474631194351
2016-06-09,4.161872868786326e-05,4.204442265355212e-05,1.8066583167376866,0.9868002515182327
2016-06-10,-0.0016083546388923004,-0.0015597693592134892,1.8037525694530683,0.9868285902560113
2016-06-13,-0.0021440200072307867,-0.002096121166335801,1.799885287856067,0.9868393329982875
2016-06-14,-0.003465302201935382,-0.0034175094859424655,1.7936481414048282,0.986408172680648
2016-06-15,0.00307797317343324,0.0030854301482284795,1.7991689422666506,0.9858728321451419
2016-06-16,-0.004448273975489813,-0.004447483038913385,1.7911657458832562,0.9849308272633134
2016-06-17,0.006830758399616798,0.006832002775742455,1.8034007663470542,0.9857742846198704
2016-06-20,0.003241194725200257,0.0032421594048629133,1.8092459393983602,0.9845548510695878
2016-06-21,-0.0014121058014050232,-0.0014051883310695198,1.8066910927111672,0.9864158467163946
2016-06-22,-5.468812642756511e-05,-5.197663758079745e-05,1.8065922881602734,0.9873065572081073
2016-06-23,0.0035974976908415526,0.003598817694501327,1.813091499745222,0.9869235079374871
2016-06-24,-0.016188155123615253,-0.016187768813089552,1.7837408932940382,0.9869092999787968
2016-06-27,-0.005887900710692594,-0.00588704285961697,1.7732384040207207,0.9878905763156229
2016-06-28,0.002030713336639068,0.002222036222911435,1.7768393428968061,0.4917319851372425
2016-06-29,0.005010591803285414,0.005234916673441608,1.78574235954408,0.43898797125062033
2016-06-30,0.0040250158561757916,0.004261582503620498,1.7929300008562898,0.5898453952285438
2016-07-01,0.006998464047912562,0.0070182396502708085,1.8054777570077065,0.6396589868545386
2016-07-05,-0.0008794042511299453,-0.000859374424270671,1.8038900121928734,0.690201376338504
2016-07-06,0.00020169254938740198,0.00022210606807839285,1.8042538433682471,0.7416881247575373
2016-07-07,0.004648094274183024,0.004667810851802094,1.81264018532678,0.7908666118753754
2016-07-08,0.004180387382384454,0.004200478455078447,1.820217723486323,0.8403629818085636
2016-07-11,0.0074699838215725135,0.007490614364330327,1.8338147204325055,0.8912152601688937
2016-07-12,0.0008908503459444207,0.0009116302147308253,1.8354483749106008,0.9420035660739952
2016-07-13,0.0035135895171294414,0.0035347376916422014,1.841897387079919,0.9938491713327445
2016-07-14,0.0006685291922570232,0.0006718915549859628,1.8431287492523238,0.9941116170983249
2016-07-15,0.0027032521759146064,0.0027036531323931918,1.8481111910542312,0.9950748313031166
2016-07-18,-0.00231279062077435,-0.0023097837827880446,1.8438368968254129,0.9952589743536645
2016-07-19,-0.0010004661816266688,-0.000994067220174088,1.8419922003657037,0.9959994558207688
2016-07-20,0.0035312048272430584,0.0035332472649008675,1.8484966521153792,0.9953636703602883
2016-07-21,-0.001868064831982557,-0.0018673115956169425,1.845043540527525,0.995088274589617
2016-07-22,-0.001473958733635645,-0.0014732264368414857,1.8423240224870263,0.996065056591521
2016-07-25,0.003921758137239483,0.003922195147886096,1.8495491717136465,0.9955467623444685
2016-07-26,0.0024279501435121222,0.002428304618906444,1.8540397848905412,0.9951389472289728
2016-07-27,0.0014251130458907072,0.0014255767636925606,1.8566820011755891,0.9962243160821302
2016-07-28,-0.0019228455553019653,-0.001915691190982916,1.8531118884420195,0.9968990278499688
2016-07-29,0.002169724006950642,0.0021702573541566837,1.857132629793938,0.9972952971184164
2016-08-01,0.000732513654808175,0.0007331570036635322,1.8584930048040518,0.9967561954359859
2016-08-02,-0.0013673879109662099,-0.0013659087570684052,1.8559517239366674,0.9973654278225759
2016-08-03,-0.0037717624037715506,-0.003771264723892065,1.8489515150011082,0.997571658612955
2016-08-04,0.0017847507840113555,0.001785333983180007,1.8522514326671056,0.9971867815847657
2016-08-05,0.0030732155010217577,0.0030744821131277853,1.8579438004817679,0.996125432202838
2016-08-08,0.0021269753382432443,0.00212743018644673,1.8618956011252348,0.9966268284550946
2016-08-09,0.0009213955562545605,0.000922336474163908,1.8636111434583216,0.9974919399166452
2016-08-10,0.0016074298894351593,0.0016089773786664007,1.8666067677126008,0.99809207892415
2016-08-11,-8.474907272836676e-05,-8.409409046812081e-05,1.8664485745198887,0.9983527531486133
2016-08-12,0.0003189545973195161,0.0003205249292581031,1.867043886873392,0.9988083902084115
2016-08-15,0.001768014263144532,0.0017688364257858345,1.8703448470953008,0.998784526375344
2016-08-16,-0.0016117678687469948,-0.001608476434602485,1.8673302853672762,0.9988755860773434
2016-08-17,-0.005219812312564096,-0.0052095301381883405,1.8575831717520923,0.9993788090131763
2016-08-18,0.001452978496106719,0.0014532818879558912,1.860282200155378,0.9989186044665094
2016-08-19,0.00022393146827408874,0.00022570072088765985,1.8606987758798632,0.9974103597878937
2016-08-22,0.00040165336040900974,0.0004022420003639844,1.8614461317959043,0.9978292786439638
2016-08-23,0.0038674806656781562,0.0038676499777223895,1.8686452387208266,0.997894385918058
2016-08-24,-0.0037624399622420246,-0.0037622904874942916,1.86161457319941,0.9980104056549737
2016-08-25,-0.003969462722736446,-0.0039690784216777925,1.854224963546992,0.9991261063518149
2016-08-26,0.001964135843170724,0.0019648161470894074,1.8578669132591967,0.9980372450877948
2016-08-29,-0.0027626340002922423,-0.0027623008518553776,1.852734306956609,0.9968936967630438
2016-08-30,0.0033166241978546647,0.0033169489336702844,1.8588791303912566,0.9974581977018431
2016-08-31,-0.003990862502875953,-0.0039894260867440945,1.8514605993723996,0.9966619132306307
2016-09-01,-0.0023291466669981874,-0.0023286502504000326,1.847148276088293,0.9976155075989342
2016-09-02,0.005883874402217851,0.0058841925730641585,1.8580166645470697,0.996464847441936
2016-09-06,0.0021153243696035388,0.0021157546595665373,1.8619469724767155,0.9957963100015967
2016-09-07,0.0018385188573742778,0.0018390167094105324,1.8653701970970447,0.9974852636783323
2016-09-08,-0.004869016157450983,-0.0048684695233433654,1.8562876794677516,0.9980960858146821
2016-09-09,-0.009395087293416001,-0.009393509612575271,1.8388476946774595,0.9986268825903861
2016-09-12,-0.01922736580070341,-0.0192269547795256,1.8034914974001157,0.9972201736623647
2016-09-13,0.010503139891336147,0.01050970841841025,1.8224338208901445,0.9945134700645475
2016-09-14,-0.00395170681115956,-0.0037782755646855086,1.8152320967472455,0.49450274894678653
2016-09-15,-0.0002522104514660871,-0.00020542374018968243,1.8147742762406092,0.545600651352327
2016-09-16,0.003866583670508533,0.003883534065391584,1.82179125282278,0.5939052405168732
2016-09-19,0.001693079660158538,0.0017105145693624324,1.8248756905379893,0.6433334654696816
2016-09-20,0.0013010445612456063,0.0013294853515250379,1.827249935130113,0.6939849139451448
2016-09-21,-0.00036496298041965825,-0.0003045385990919298,1.8265830565478163,0.74406459900311
2016-09-22,0.009949080517713812,0.009970568368806583,1.8447558784497022,0.7940979698716858
2016-09-23,-0.0013526188824574854,-0.0013348215900016041,1.8422606268149866,0.8436304889409064
2016-09-26,-0.0031378686049469097,-0.0031190682113784256,1.836479855031974,0.8964034800713666
2016-09-27,-0.0027365408892303118,-0.0027188884965184154,1.8314542528164313,0.9457792092194943
2016-09-28,0.006942209116066888,0.0070204911548377965,1.844168591225993,0.9945768469836185
2016-09-29,0.00040239107401672096,0.0004676333876023659,1.8449106682060845,0.9937695939415532
2016-09-30,-0.0005975007883028882,-0.0005946994324173403,1.843808332627483,0.9955663504299205
2016-10-03,9.091860042141151e-05,0.00015414600513202832,1.8439759691005309,0.995698469152109
2016-10-04,0.001306880101941597,0.0013838579586820349,1.8463858246030067,0.9955313090321413
2016-10-05,-0.00425292907956629,-0.004252914338401636,1.8385332766374536,0.9955702430949129
2016-10-06,-0.0009353698356392633,-0.0009352504154519546,1.836813568068668,0.995883893482902
2016-10-07,0.0015681306575011638,0.001568500546111207,1.8396939317368703,0.9949179733897202
2016-10-10,0.0009154106476696906,0.0009779207743926262,1.8413780071504355,0.9947042398901389
2016-10-11,-0.0022693839523660834,-0.002207394735810876,1.8371992134507684,0.9950571235286446
2016-10-12,-0.006980216233909121,-0.0069148942996712795,1.8243751656761142,0.9953044173573691
2016-10-13,-0.0039017528330627434,-0.0039015674471775757,1.8172569047048681,0.994815241289247
2016-10-14,0.008362785599019535,0.008364505499235474,1.832454234577253,0.9930875032951638
2016-10-17,-0.003167781500688945,-0.0031667638464023397,1.8266494199521,0.9921174819257134
2016-10-18,0.005438931360997838,0.005440445598956183,1.836584440767826,0.9941846655099893
2016-10-19,-0.0009540086995334936,-0.0009529111120030063,1.8348323232339054,0.9933985248943629
2016-10-20,-0.00041340492741129476,-0.0004130685134876728,1.834073794510507,0.9947322469351078
2016-10-21,-0.004176730042972005,-0.00417635519206837,1.8264133633919473,0.9944982524031011
2016-10-24,0.007063048110095442,0.007063141704700028,1.839313408846506,0.9943971891803521
2016-10-25,0.0008048792886752347,0.0008108275681248037,1.8407938341146692,0.9933768024425944
2016-10-26,-0.004158812786055256,-0.00415773501824381,1.8331383171808615,0.995096836524917
2016-10-27,0.0048279353303902215,0.004837162649240779,1.841988590427871,0.9952931340242953
2016-10-28,-0.0053009777018556015,-0.0053003871599636605,1.8322242499829404,0.994293494659716
2016-10-31,-0.0008713551606676269,-0.0008710195645208282,1.8306277319272175,0.9954394939348961
2016-11-01,-0.0008519317808208548,-0.0008505113844738674,1.8290681619835367,0.994179411239649
2016-11-02,-0.01047274535325396,-0.010465157524258223,1.809912796889339,0.9939735481855111
2016-11-03,-0.0021257714744914464,-0.002123838195265194,1.8060653358943946,0.9937731463505454
2016-11-04,-0.006624298925637942,-0.0065446102718619125,1.7941014192301974,0.9912872422479552
2016-11-07,0.011866764118535976,0.011866956633726158,1.8153915975769326,0.9907897620919635
2016-11-08,0.008438731193180673,0.00843923881540174,1.830711199279243,0.9894877333163602
2016-11-09,-0.0011372035443133186,-0.0011362436497306086,1.8286293080148086,0.9918076723912287
2016-11-10,0.017809786023642873,0.01781051244321753,1.8611968047071143,0.9934649523931546
2016-11-11,-0.006166537733830017,-0.00616643760121926,1.849719664380804,0.9932448846231363
2016-11-14,0.006090200517422943,0.006091759504696273,1.8609848280379035,0.9966510459258966
2016-11-15,-0.002436087811329522,-0.002435539883262104,1.8564513055812513,0.995458980014771
2016-11-16,0.0019964857826532336,0.0021141058588243214,1.8601576842190324,0.9965958271546381
2016-11-17,0.0028096952303660384,0.00292867317311399,1.8653841603921113,0.9961429088801652
2016-11-18,0.006070579537006638,0.006192013365767942,1.876708123304844,0.996611099584462
2016-11-21,0.0001196922306468441,0.00012049516062451032,1.8769327506863953,0.9971499817497089
2016-11-22,0.005438150465750472,0.005438957635500438,1.887139793398723,0.9985211091794713
2016-11-23,-0.0023268549215458415,-0.002325626274931964,1.8827486928828083,0.9985478085952942
2016-11-25,0.0035812742526718576,0.003582593823592859,1.8894913323008813,0.9997474871949806
2016-11-28,0.00048439812238357737,0.0004845493872650458,1.890406598354508,0.9992344091843072
2016-11-29,3.2301441992047445e-06,4.643247897657108e-06,1.8904127046404158,0.9999999999999994
2016-11-30,0.003178142274296555,0.003178614819695883,1.8964207051729005,0.9999999999999999
2016-12-01,-0.006748846805723637,-0.006746560164662271,1.8836220523544862,1.0
2016-12-02,-0.007679083815660196,-0.007670486868826475,1.8691575607374302,0.9999999999999998
2016-12-05,0.00485577973629134,0.004866913162815555,1.8782337781447949,0.9985364506577149
2016-12-06,0.0028813079240324097,0.0028875659169512046,1.8836455480129488,0.9968697143444495
2016-12-07,0.0011749551567114033,0.0011943739480862474,1.8858587470630033,0.9978941049050314
2016-12-08,0.012222671503974073,0.01223020155182343,1.9089089790312506,0.9984957334011395
2016-12-09,0.004193542185214875,0.0041963377397525896,1.9169140693625535,0.998732633558543
2016-12-12,0.0010775958701428616,0.0010908110884181896,1.9189797280471173,0.9999999999999998
2016-12-13,0.005268969982133798,0.005269268316920825,1.9290907746305208,1.0
2016-12-14,0.0020855896248203293,0.002085912242176477,1.933114066335427,0.9999999999999999
2016-12-15,0.0009017109212642439,0.000904046702915991,1.9348571764010913,0.9999999999999998
2016-12-16,0.00516871743501026,0.005168718583225173,1.9448579064230105,1.0
2016-12-19,-0.0027758239494104866,-0.0027640245492959667,1.9394593232681612,1.0
2016-12-20,0.004718485105354683,0.004739421844553459,1.9486106331974435,0.9999999999999998
2016-12-21,-0.0009587236614095389,-0.0009584520222001429,1.9467424540765228,0.9994423625401561
2016-12-22,-0.0019701187569754293,-0.0019681703726441772,1.9429071402527462,1.0
2016-12-23,-9.371317590711705e-05,-9.091089385392929e-05,1.9427250642541405,0.999816825118474
2016-12-27,0.0023474876150049464,0.0023476380919030277,1.9472855872818366,0.9994393274623905
2016-12-28,0.002643873196943258,0.002649662428007146,1.9524339634528447,0.9994217770646951
2016-12-29,-0.008040789704640294,-0.00803243110527719,1.936734852540523,0.9998750497102372
2016-12-30,-0.0002727705622555583,-0.0002714391603810761,1.9362065682858556,1.0
