,equity_core,btc_trend,defensive,wd_mom
2019-01-01,,,,
2019-01-02,,,,
2019-01-03,,-0.03731474739831489,,0.05013217453314256
2019-01-04,-0.0003382476663686269,,0.0002961269190746209,-0.03439954479600699
2019-01-05,7.512114410416059e-05,-0.01685415319324069,3.0423279792543446e-05,0.042438156828673024
2019-01-06,7.512114410416059e-05,-0.012791557234449106,3.0423279792543446e-05,0.021343427180395738
2019-01-07,0.005776774403146819,-0.05946518650549809,-0.0031031579680632026,0.043246281872811064
2019-01-08,0.005153893064105459,,-0.0011875792830958762,-0.0021608253015541097
2019-01-09,-0.0007534547425019532,,-0.0011816835436141801,0.03467250296792653
2019-01-10,-0.0008418460579337275,,-0.0013656614702166263,0.051345118031396485
2019-01-11,0.0015253894095124568,,-0.001239949331626769,-0.13239437772071913
2019-01-12,7.512560422431022e-05,0.0022545548404099823,6.090249997116447e-05,-0.014457831835472001
2019-01-13,7.512560422431022e-05,0.005512984530224278,6.090249997116447e-05,-0.027681237742574912
2019-01-14,0.00020746392204258282,0.05389679103380746,0.0002535233478970132,-0.07390669697054808
2019-01-15,0.0017567268037597162,-0.0737851339204947,-0.0008739886077428064,0.1294843619199188
2019-01-16,0.002421559915899612,0.03200185747234939,-0.0026139837987310404,-0.047696225962309616
2019-01-17,-0.0017691123567499375,-0.025032345257246905,0.001811845702217286,0.030203778238306243
2019-01-18,0.004034982502710096,-0.008717318849525393,-0.0009887464580662828,0.013113697405935404
2019-01-19,7.512114410416059e-05,0.006863387684193059,6.096283556649588e-05,-0.008119213030936694
2019-01-20,7.512114410416059e-05,-0.021668449312701232,6.096283556649588e-05,0.013733548898636571
2019-01-21,7.512114410416059e-05,0.033173227130242976,6.096283556649588e-05,-0.031846091468390646
2019-01-22,-0.0010934681173197058,-0.0004130579553599317,0.0013639248610165604,0.004540488477906859
2019-01-23,-0.0015185917731981866,-0.004360645509891264,-0.00226242916621082,0.005133933892188342
2019-01-24,-0.0006787451313795934,0.0020299269636452114,0.00286460613010542,0.00021690317616393035
2019-01-25,0.014216800085538878,-0.002097700346484515,-0.0029018364081353186,0.002909932338800913
2019-01-26,8.400035701682703e-08,-0.0011283630026169699,3.5482149828193553e-07,0.0017658299908477257
2019-01-27,8.400035701682703e-08,-0.002479877695097114,3.5482149828193553e-07,0.008666150863490273
2019-01-28,-0.01603619423726319,0.005489201289321815,-0.0029771420617339017,-0.00212654226269425
2019-01-29,0.0026332390567630746,0.02681933808225383,0.00367686482355293,-0.021472832429665564
2019-01-30,0.005099011646040639,0.004582676863793815,0.0020756758415554273,-0.00046506376616443484
2019-01-31,0.016987340782941143,-0.016534103842316482,0.008079360264306026,0.004607498914158786
2019-02-01,0.012889762656904466,0.005793308446869963,-0.00034963864171582906,-0.006907484047776648
2019-02-02,5.383648826379899e-08,-0.005847090283939533,2.5658443088987584e-07,0.009273636521080498
2019-02-03,5.383648826379899e-08,-0.011810846459092592,2.5658443088987584e-07,0.008716555475053839
2019-02-04,0.0009420038357360057,0.008616389472079393,-0.00785979278457682,-0.006525014076528131
2019-02-05,0.007175641398469551,-0.003593442948528177,0.002409752387015093,0.00856033550602757
2019-02-06,0.00808948755848825,-0.006861646325487673,0.002105524594547504,0.008059316272828293
2019-02-07,-0.009614904443793051,0.012242579389337207,-0.0010405925409477123,-0.00904006369337945
2019-02-08,-0.01559006998998897,0.0014729944625628984,0.0030348426959971803,-0.00029186821009000814
2019-02-09,2.0265975426176992e-20,-0.06390744038654309,1.683702410087336e-07,0.05776628534069415
2019-02-10,2.0265975426176992e-20,,1.683702410087336e-07,0.0077226275323861344
2019-02-11,0.011134889980527592,,-0.0016306894626185108,0.006783878266345199
2019-02-12,0.0075890360832091,,0.0016719273210544807,-0.010399429942971175
2019-02-13,0.0066922464586135315,,-0.0012062650341226578,0.005370402254977444
2019-02-14,-0.005661294306795564,,0.003916271499355945,-0.010881901791240635
2019-02-15,0.014647075674529199,,4.144615744795739e-05,-0.00782496693642048
2019-02-16,2.0265975426176992e-20,,1.2755524571016155e-07,0.009951742866060532
2019-02-17,2.0265975426176992e-20,,1.2755524571016155e-07,-0.0025045342009121095
2019-02-18,2.0265975426176992e-20,,1.2755524571016155e-07,0.009392674538739317
2019-02-19,-0.002941644104293099,,0.0047456631997072115,0.02975726923219259
2019-02-20,0.006755691367595931,,0.0001314461325209601,0.008628468614175587
2019-02-21,-0.0008102065479338016,,-0.004591165157375543,0.02079962818962658
2019-02-22,-0.0025448257745893012,,0.00024348193735080964,-0.013392411025962175
2019-02-23,2.0265975426176992e-20,,0.0,0.004275586953033352
2019-02-24,2.0265975426176992e-20,,0.0,0.015635243971973866
2019-02-25,0.017562997166643418,,-0.0010165706699527231,-0.04090963174189651
2019-02-26,-0.008442970278218227,,2.3570241329381344e-05,0.004538733595700932
2019-02-27,-0.0008282813468075798,,-0.0033316633747837187,-0.006071109188962337
2019-02-28,-9.704978004266342e-05,,-0.0017702713709415764,0.004766135311266143
2019-03-01,0.002924639103856201,,-0.009116429983073987,0.0039570542007365895
2019-03-02,4.9907879135209716e-08,,2.6301321241156153e-07,0.009014132579955059
2019-03-03,4.9907879135209716e-08,,2.6301321241156153e-07,-0.0024565497307185435
2019-03-04,0.0013155322263764676,,-0.0022177430508750944,-0.0019112529946261007
2019-03-05,-0.010901094981011121,,0.00030165053553244623,-0.012821243273608304
2019-03-06,-0.00605271351524958,-0.0397421611872434,0.0006365269992118156,0.03558691213443865
2019-03-07,-0.012836144811939162,,0.002477910578506366,0.003247133853116618
2019-03-08,-0.018690468228899682,,0.005207517951896311,0.01782944012603225
2019-03-09,1.1877344321824964e-07,,5.358133394727016e-07,-0.010674469217930206
2019-03-10,1.1877344321824964e-07,,5.358133394727016e-07,0.020993450712891437
2019-03-11,0.015820200883559413,,-0.0016941586048777688,-0.008166149979497345
2019-03-12,0.019885192443460407,,-0.001317500878268293,-0.010667333347409231
2019-03-13,0.005157117375143159,,0.0012844648431005509,0.012493781773963224
2019-03-14,0.006122294193524299,,-0.002618596637575761,-0.00736447627637001
2019-03-15,0.005015523218086909,,0.0013735828676181246,0.0006441775856734029
2019-03-16,6.885722909094404e-08,,3.9414850761848525e-07,0.007929980077756084
2019-03-17,6.885722909094404e-08,,3.9414850761848525e-07,0.01112000723536064
2019-03-18,0.003364146255680644,,-0.0012177508473580072,-0.0058914378074054015
2019-03-19,0.006879054787592261,,-0.0007113006453028639,-0.0036857953350398352
2019-03-20,0.0043138210024138285,,0.0018120466116729134,0.005642647719745788
2019-03-21,-0.0051701842622954965,,0.0031624074375028247,-0.003504418083199767
2019-03-22,0.012671476797832374,,0.004073305916777897,-0.01380521010444972
2019-03-23,2.0265975426176992e-20,,4.314695432405059e-07,0.007633253337283835
2019-03-24,2.0265975426176992e-20,,4.314695432405059e-07,0.006870706249327011
2019-03-25,-0.02441442313449531,,0.001959496302773618,0.004139101722368562
2019-03-26,0.011073554057051778,,0.0008560876365477008,-0.009736793301042806
2019-03-27,0.0001454352264732851,,0.0024505374211375554,0.002024961651938397
2019-03-28,-0.0037305403354023535,,-0.00044343471714369126,0.016596871626124693
2019-03-29,0.009787403324392825,,-0.0006550629672632698,0.0002944591886317177
2019-03-30,7.132366927708567e-08,,5.271149906129183e-08,0.010158409705426811
2019-03-31,7.132366927708567e-08,,5.271149906129183e-08,0.0003566647640479635
2019-04-01,0.009981555708181633,,-0.0009004052628337827,0.0012309255299615283
2019-04-02,0.008315626553483642,,-0.000382495878868642,0.012548003823254295
2019-04-03,0.011381663449898827,,-0.0041188635868830556,0.07134878256854787
2019-04-04,-0.005001844344097985,,0.0017605240027399427,0.01044190758463344
2019-04-05,0.008268437786368665,,-0.0002051016551408399,-0.008228959737646813
2019-04-06,2.0512692679050235e-20,,2.042447166138251e-07,0.017209209893154904
2019-04-07,2.0512692679050235e-20,,2.042447166138251e-07,0.00013118283897770066
2019-04-08,-0.0028803322892762898,,-0.0009817074618573088,-0.0005942109282777626
2019-04-09,-0.0033480014517862393,,-0.00024839311660145795,-0.006284220604709859
2019-04-10,-2.896957116746869e-05,,0.0024526076668630217,-0.008115778403554205
2019-04-11,0.0019306825037711535,,-0.0011589883468804114,0.015049298504575854
2019-04-12,0.005034412474861887,,-0.005108614950282685,-0.02886205616713509
2019-04-13,3.4086133195849334e-08,,1.4745538401451365e-07,0.0004622653564181984
2019-04-14,3.4086133195849334e-08,,1.4745538401451365e-07,-0.0015881883247839126
2019-04-15,-0.0010993168311917852,,-0.00014595627914461658,0.011581068899952517
2019-04-16,0.0016572379391185115,,0.00036625998241501605,-0.012425630281004294
2019-04-17,0.011883392526762175,,-0.0006312996025971218,0.006285352616488736
2019-04-18,-0.00429853535228436,,0.003078827784252286,-0.0030320979469207737
2019-04-19,3.0769039018575353e-20,,2.7930010873090167e-05,0.003948917825283825
2019-04-20,3.0769039018575353e-20,,2.7930010873090167e-05,-0.002676690534013831
2019-04-21,3.0769039018575353e-20,,2.7930010873090167e-05,0.00025894631732966967
2019-04-22,-0.0026686551221929587,,-0.0006356684380636973,-0.010913481578615736
2019-04-23,0.005002577804736927,,0.0021713995755019084,0.000837928310934346
2019-04-24,0.0056545422781248515,,0.0025626647644837793,-0.004883125605115742
2019-04-25,-0.003367798430398344,,0.003565458025906788,-0.00529405275377393
2019-04-26,-0.0012007746073673334,,0.0005411044956252842,-0.008434904889333492
2019-04-27,1.0256346339525117e-20,,1.4832173555082093e-07,0.007319649064192129
2019-04-28,1.0256346339525117e-20,,1.4832173555082093e-07,-0.0034551980655479985
2019-04-29,0.004451186035840962,,-0.001738718002177529,0.002564936728470826
2019-04-30,0.0009722828016447202,-0.013402268882726578,-0.004565905994076015,-0.011340996293430907
2019-05-01,0.0061666693526070265,0.023957396414230253,0.002220986457529129,0.009736620020594512
2019-05-02,-0.009700620298130307,-0.0029573942248263493,0.0017289910211043277,-0.0006431780879536336
2019-05-03,0.004831608178270709,0.004911532461929988,0.0014503284550187875,0.01494883773731398
2019-05-04,1.0256346339525117e-20,0.021653909105900263,1.4790306308857594e-07,0.017144555890883345
2019-05-05,1.0256346339525117e-20,-0.010263996313953796,1.4790306308857594e-07,-0.008772922849253694
2019-05-06,-0.011902090597918925,-0.002925890338604061,0.0005296666801464835,-0.001645959457068156
2019-05-07,0.0025804026525005357,0.011881062394636944,0.0003646156392930918,0.0041359412379709404
2019-05-08,-0.009037528783523145,-0.011803663480375565,0.0010961176210951495,-0.014944929941405958
2019-05-09,-0.007127749117691955,0.010306804430131032,0.0004150975571112941,0.007146550306004463
2019-05-10,0.0012818034955403381,-0.0004320219425968818,-0.0029016032640282957,-0.009951762730151269
2019-05-11,6.963871451001425e-07,0.015515580647317938,4.167303827833871e-08,0.015843867798331718
2019-05-12,6.963871451001425e-07,0.05367557696494791,4.167303827833871e-08,0.06056961916238966
2019-05-13,-0.0074437570570383554,,-8.533216110634375e-06,-0.007417513376369975
2019-05-14,9.391614735284679e-05,0.02501658503229182,0.003420115065640419,0.03247466141884179
2019-05-15,-3.7373266895450762e-06,,0.0023732381239981565,0.025076123889365063
2019-05-16,0.013240293743929698,,-0.0005665497164873914,0.03171593638566461
2019-05-17,-0.0021194701428936978,,0.00220104093435178,0.005089731668485627
2019-05-18,1.085289691735897e-06,-0.02285501229454694,0.0,-0.023113003619891707
2019-05-19,1.085289691735897e-06,-0.0021471556933076352,0.0,-0.01016386424310349
2019-05-20,-0.0030870325723456856,0.03189138819375567,0.0006623244211303743,0.033352107867452
2019-05-21,0.004709648522857854,-0.0038378484388991198,-0.000483757939307224,-0.009094930869680072
2019-05-22,-0.0021249407754267537,0.0068183621451269015,0.00037362579292684093,0.0011453696335286677
2019-05-23,-0.006173229705625596,-0.012764649168348555,0.005069926383957384,-0.010807099526255779
2019-05-24,0.0028790701451346166,0.009429418225505184,-0.0026474696987330466,0.004973730570626058
2019-05-25,7.758302819833483e-07,0.012207181856611652,2.0594353273531322e-09,0.004729681984988527
2019-05-26,7.758302819833483e-07,-0.002089156682333273,2.0594353273531322e-09,0.004101158271646497
2019-05-27,7.758302819833483e-07,0.013051026521423826,2.0594353273531322e-09,0.007137363560312055
2019-05-28,-0.0016751636620012333,0.015005542287646396,0.0016209980313329788,0.013211196507311796
2019-05-29,-0.015612197915669935,0.0027495493246705487,0.005921376743613667,0.0027429668982662052
2019-05-30,-0.00021199201931984793,-0.00443826855442054,0.0002707837737230074,-0.006277040573769574
2019-05-31,-0.00863767192957863,-0.02198818309244159,0.002345892697916119,-0.015784919399766346
2019-06-01,1.3814043208199658e-06,0.015277937394552927,0.0,0.012627197368027044
2019-06-02,1.3814043208199658e-06,-0.0034198244572825327,0.0,-0.014908431504293737
2019-06-03,-2.0894487459449614e-06,0.009023402059860113,0.0004951011390445209,0.001783260059006486
2019-06-04,0.0070108891375409614,-0.02475560882900589,-0.0014690573727692527,-0.02894178107991563
2019-06-05,0.017257725487424838,-0.014243115510443837,-0.000616755805762645,-0.01468572200085134
2019-06-06,0.005446992966293257,,0.0007491251269803887,0.010062623889875466
2019-06-07,0.011213145169840627,0.0066998936918715776,0.0013673957690267468,-7.401292320637822e-05
2019-06-08,9.28164897066595e-07,0.005787172004954213,6.046526043014199e-08,0.00703741729841836
2019-06-09,9.28164897066595e-07,-0.0033804366153584323,6.046526043014199e-08,-0.005945533140712335
2019-06-10,0.00984228290964185,-0.014039724561671588,-0.00421103462650439,-0.013355800851116194
2019-06-11,0.0040145380214053165,,-0.0033128030235305044,0.03222331998532192
2019-06-12,-0.007423500908819381,-0.0007587522924831184,0.0016307378907236924,-0.0036639706651605576
2019-06-13,0.0032297265603267963,0.01621956982558789,0.00277064746286353,0.00427982465130305
2019-06-14,-0.0031909888639365933,0.009443373397227162,0.004631399657518707,0.05905924571258096
2019-06-15,2.3956888607396403e-07,-0.0005417836297293815,1.3533873608830839e-07,-0.011330205853518264
2019-06-16,2.3956888607396403e-07,0.007259618724047822,1.3533873608830839e-07,0.008199880676441276
2019-06-17,0.0012967732286072809,0.0019310825114386117,-0.0002645654213702986,0.0046372818137419315
2019-06-18,0.006307315170329442,0.013329007513910439,0.004643549785794864,0.020657869449354688
2019-06-19,0.003466617251124007,-0.008825235255888254,-0.002805164196417842,-0.012345540809727294
2019-06-20,0.01238841151973941,0.005131507346860423,0.004866002610811782,0.0025221675584330694
2019-06-21,0.0001170123268925264,0.0023123555808541828,0.0013284328192926266,-0.006459753650878856
2019-06-22,2.0512692679050235e-20,0.01655116952535887,8.631573956812502e-08,-0.0016339417731232962
2019-06-23,2.0512692679050235e-20,0.019589386052412724,8.631573956812502e-08,0.016890721225657306
2019-06-24,0.00032808114245585547,-0.002140250658659756,0.0018075571489190659,-0.0029413997601464258
2019-06-25,-0.0025757833901912538,0.0031671349018090665,0.010031944286297731,0.0030378618838991455
2019-06-26,-0.00627773414703477,0.009198605912775043,-0.006900694770644535,0.02459556673589977
2019-06-27,-0.00260748355088694,0.0172826014921902,-0.0036102377088528103,0.011908263153695663
2019-06-28,0.0042775085603151825,,0.003406671333523862,-0.025304535186681337
2019-06-29,2.721341994636381e-07,0.01919638032046394,1.415176420451006e-07,0.04563513721227941
2019-06-30,2.721341994636381e-07,0.011201600053263336,1.415176420451006e-07,0.017923328865911633
2019-07-01,0.012363253942356434,-0.03973376199253492,-0.004085323509037855,-0.026273010825818666
2019-07-02,-0.0035731138501768783,0.006612429488098728,-0.0010011586631078929,0.006670385476676254
2019-07-03,0.006679700049909321,-0.00874401610237566,0.011711564529814632,0.010266726363464772
2019-07-04,0.0,0.013708832595431243,2.0047405598096483e-07,0.002949531637871566
2019-07-05,0.0009892438692986143,-0.014888564202207345,-0.010957059822539411,-0.012255723509827062
2019-07-06,9.640337899389769e-08,-0.00287758101237292,2.1830974089783482e-07,0.0039893477597602025
2019-07-07,9.640337899389769e-08,0.0034291989373593794,2.1830974089783482e-07,-0.003329314757247335
2019-07-08,-0.0018642914951153078,0.007281149718733136,0.004527200101173641,-0.0019685268889567905
2019-07-09,-0.002786500821129561,0.009984543892787624,-0.0010616836801925263,0.010807408025134815
2019-07-10,0.009159532089177528,-0.008224616524463383,0.00011150058894812551,-0.0069307023196113265
2019-07-11,0.00267091695758831,-0.025454441934283364,-0.002393988850676646,-0.0077281178601425644
2019-07-12,0.001419947172712842,-0.030295803063924626,-0.003613202392776828,-0.025889908257304903
2019-07-13,8.965491866680159e-21,0.01877192535630774,1.437060415440902e-07,0.021423770075458193
2019-07-14,8.965491866680159e-21,-0.009001174383655402,1.437060415440902e-07,-0.010329254639596582
2019-07-15,0.0037349991553035445,-0.037200423291740004,0.00041054315309360477,-0.03656179770818873
2019-07-16,-0.0010885881141315702,,0.001731710166105759,0.005388691107182486
2019-07-17,-0.002462432001236579,,0.0023403562912497327,-0.0443376119182446
2019-07-18,-0.006637104574754609,,0.0012005645990308064,0.015924681282611267
2019-07-19,0.008019380569689576,,0.0021198797544625734,0.037301104587719174
2019-07-20,9.51934700739815e-08,,1.845257274025609e-07,-0.0035688792564472723
2019-07-21,9.51934700739815e-08,,1.845257274025609e-07,0.009690172413410303
2019-07-22,-0.007076501465326422,-0.004596471755916345,0.0008795897742506049,-0.0069310889291069626
2019-07-23,0.005474464134249319,,-0.004271945642154468,-0.0052260883999339135
2019-07-24,-0.0003970110836316235,,0.0003864308200795203,-0.010638809779230516
2019-07-25,0.003520752556046456,,-0.0014245666876469278,-0.0011897825322753454
2019-07-26,0.0012931014429905453,,0.002566657668674386,0.00010796652992478032
2019-07-27,1.1435064034509842e-07,,1.347502725972592e-07,0.0007568068364536578
2019-07-28,1.1435064034509842e-07,,1.347502725972592e-07,-0.010333000905244543
2019-07-29,0.00410982931626013,,0.0014167274320913271,0.0018615860419283173
2019-07-30,-0.004257002045942853,,0.0013499957231803195,-0.000866502766090239
2019-07-31,-0.0005979243238633532,,-0.00047207829377739175,0.0019359414627828381
2019-08-01,-0.01164964205425565,,0.005141986583374568,0.014346509019686255
2019-08-02,-0.011002085831360916,,0.0062178438331512206,0.007977568450770665
2019-08-03,1.30221977072633e-07,0.001198558428889371,4.248727307585973e-08,0.003991788986234272
2019-08-04,1.30221977072633e-07,0.0028301072679539447,4.248727307585973e-08,-0.007948746760590542
2019-08-05,-0.016488763711118855,0.0003026867754321084,0.0046011468750014155,-0.005221479640668151
2019-08-06,-0.006908206816467763,0.027210607314395188,0.0008424226685676419,0.016047969350834003
2019-08-07,-0.005897088182564411,-0.025572813905837107,0.010684027042738338,-0.01629207335188999
2019-08-08,0.01661284447886565,0.005846329672207468,-0.004903840256530283,-0.004064810549466813
2019-08-09,0.009389167796536903,-0.0031126100250024815,0.0022523275915759425,0.0033588456853461506
2019-08-10,1.4178387462551546e-06,-0.03863956775145128,0.0,0.00089437834293748
2019-08-11,1.4178387462551546e-06,0.007629684107597976,0.0,-0.007153032395748383
2019-08-12,-0.006720553450444188,0.023876675033294985,0.001770578092003313,0.006295845729423858
2019-08-13,-0.007022848748587943,-0.013995140224186114,0.005942349118939358,-0.0039772765384146844
2019-08-14,0.0005954905121012324,-0.00967731067079785,0.0043740727945519205,-0.008700037902622387
2019-08-15,-0.011094872692651483,,0.0024974450443799793,-0.03787783256662404
2019-08-16,0.0007192574563991191,,0.002349425229629512,0.006835120025120665
2019-08-17,5.5304824290902785e-05,,8.965491866680159e-21,-0.006928511847316126
2019-08-18,5.5304824290902785e-05,,8.965491866680159e-21,0.004605550635109345
2019-08-19,0.009054731233231795,,-0.0063246672774949116,0.004155521670528438
2019-08-20,-0.0008246950546299354,,0.004350469204490684,0.0024691034540407233
2019-08-21,0.004086483834873412,-0.018341733156658973,-0.002371595106420143,-0.01210982753851176
2019-08-22,0.002514465859079944,-0.027660759488755318,-0.0012979687512684741,-0.02345131869425425
2019-08-23,-0.0047311045689075,,0.0005788347472452783,0.0012620245088535574
2019-08-24,1.1282151294440714e-06,,1.1732825477586327e-07,0.003729777661386254
2019-08-25,1.1282151294440714e-06,,1.1732825477586327e-07,-0.011215700526330783
2019-08-26,-0.011832706483964681,,0.004482724680993381,0.006751829975455122
2019-08-27,0.0021039749697820908,,0.000991239453182471,0.00807007227059449
2019-08-28,-0.008540099122823327,,0.005783891602941131,-0.0062060282630584905
2019-08-29,0.01771407345494048,,-0.0009260004634642845,-0.026605583861764807
2019-08-30,0.008465117813249755,,-0.001460454163909702,-0.01841009955789547
2019-08-31,1.6546486498788615e-06,,8.965491866680159e-21,0.011105946606272645
2019-09-01,1.6546486498788615e-06,,8.965491866680159e-21,-0.0015162738925956116
2019-09-02,1.6546486498788615e-06,,8.965491866680159e-21,-0.0020590852516510173
2019-09-03,-0.010714017175538609,,0.007027941116660529,0.014266473444994057
2019-09-04,0.01033487097814229,0.008508863412204486,-0.0039202944642136,0.007226604865333713
2019-09-05,0.011509195976593101,-0.01946591977264707,-0.0051081737826130895,-0.004498065643713703
2019-09-06,0.0034335135718991687,-0.003688060262872764,-0.0012226857175361822,0.0028352942837355007
2019-09-07,1.0220768577081506e-06,-0.017637938690025664,1.0550834689057849e-07,-0.009545126414417309
2019-09-08,1.0220768577081506e-06,,1.0550834689057849e-07,0.008382853155155249
2019-09-09,0.0024147041722902755,0.007967941467132754,-0.0033408110869839174,-0.0007769193449221476
2019-09-10,-0.009318302580444582,-0.006898837201195769,-0.0025792582089331027,0.0007919066569307992
2019-09-11,0.0029648211756194594,,-0.0023474804104344463,-0.0035561158636427596
2019-09-12,0.01001077351447662,,0.005431373628703789,-0.0043403582189785305
2019-09-13,0.002205800825204451,,-0.009384281441409249,3.282007294678859e-05
2019-09-14,7.420718172173832e-07,-0.004477638754437233,4.950559070479078e-07,-0.0007742540708652648
2019-09-15,7.420718172173832e-07,0.01220331568852248,4.950559070479078e-07,0.006121130638264992
2019-09-16,-0.004363376017858873,-0.000469008215487326,0.0013914445628559645,0.014407621584340374
2019-09-17,-0.001850315643071463,,0.0013749642721919413,-0.0040671244666351325
2019-09-18,0.0034435626226135756,,0.0006499169253675558,-0.002821900600271583
2019-09-19,0.0032287709321016985,,0.0005078644926222282,0.00023204634597824374
2019-09-20,0.0017570352873269093,,0.001707645179903064,-0.010694720161574585
2019-09-21,5.000837974145796e-07,,5.10758310405458e-07,0.004453610637521741
2019-09-22,5.000837974145796e-07,,5.10758310405458e-07,-0.010185366568137897
2019-09-23,-0.010528649400122471,,0.005425156782664145,-0.02155609375609499
2019-09-24,0.008078359966568315,,-0.000733387818313843,-0.034257101930215944
2019-09-25,-0.011881525847376662,,0.0033517280468120724,-0.1027850427356012
2019-09-26,0.006304870927589172,,-0.002573169909284171,0.014183670932190213
2019-09-27,0.001486690246106391,,-0.00043471039315792905,-0.004125366941782089
2019-09-28,7.445852421976207e-07,,2.3738257949509532e-07,0.00427967497040449
2019-09-29,7.445852421976207e-07,,2.3738257949509532e-07,-0.0008800860413687538
2019-09-30,-0.004866776674325971,,8.016127634313831e-06,-0.00344447074147872
2019-10-01,0.0044691042701218864,,-0.0015206073978867776,0.019594638580246765
2019-10-02,-0.018895382345347492,,0.003777715546228174,-0.007673322760683901
2019-10-03,-0.012042001900150447,,0.0007842890332744211,0.004837599935940201
2019-10-04,0.00512216185256875,,0.0014082599883778137,-0.003992289190406339
2019-10-05,4.1571284983485275e-05,,2.2386852772793367e-07,-1.1037321207957648e-05
2019-10-06,4.1571284983485275e-05,,2.2386852772793367e-07,-7.697319757449313e-05
2019-10-07,0.008048677692708216,,-0.001375065563257121,0.008470859291462263
2019-10-08,-0.006751705291576873,,0.003187823221461365,0.020340859073447622
2019-10-09,-0.00015851829067622665,,-0.0012757344001459768,0.006367171138695232
2019-10-10,0.0007417869258734156,,-0.0035297834840653194,0.009943793087974445
2019-10-11,0.014884047509112232,,-0.008164649651977777,-0.010317317258371707
2019-10-12,1.0803207788914076e-06,,1.603494148314977e-07,0.00043612241540404845
2019-10-13,1.0803207788914076e-06,,1.603494148314977e-07,-0.0032024663270503414
2019-10-14,-0.0013275769829826651,,0.002411116967802107,0.0011123938385655709
2019-10-15,0.0038770558085295956,,-0.0004490297991125321,0.012884161720310571
2019-10-16,0.002674410290318576,,-0.00417398542519237,-0.012220220473107753
2019-10-17,0.005791314847942951,,-0.005193620646665553,-0.006009838831709441
2019-10-18,-0.0034812605823604124,,-0.0018635723729819049,0.007936021303143307
2019-10-19,6.296533634404581e-07,,4.317049016370506e-07,-0.006875829152514229
2019-10-20,6.296533634404581e-07,,4.317049016370506e-07,-0.0010647461163111021
2019-10-21,-0.00021767220305675912,,-0.00261268187951542,0.008829791673759422
2019-10-22,0.003526874176357187,,,0.007583677521818974
2019-10-23,-0.0052492178806729985,,,-0.004787351971981812
2019-10-24,0.00792082649722643,,,-0.013342669645785354
2019-10-25,-0.00020650784046281605,,,0.011207759831592872
2019-10-26,6.249724811280004e-07,,,0.020777570617815107
2019-10-27,6.249724811280004e-07,-0.0021082109748626525,,-0.005541749260809203
2019-10-28,0.00837655158949486,0.01009105038795008,-0.002944309040081092,0.013912178511200097
2019-10-29,-0.00040258011900085527,-0.0034571529043676687,-0.00012389319305078215,0.0072101354646869325
2019-10-30,0.0020164774305798812,0.01131476936264614,-0.000370907978825278,0.01437663303814792
2019-10-31,0.004367299948610246,-0.014840493327376008,-0.00334372825703667,-0.015053153742407056
2019-11-01,0.003221372508600289,0.0009732143467338955,,0.0030815469156385707
2019-11-02,2.264430101625867e-07,0.002467758182318283,,-0.00079851167242006
2019-11-03,2.264430101625867e-07,0.002303434593476064,,0.00502570477611348
2019-11-04,0.006020538937152119,-0.006273273563497804,,-0.0002041093653601512
2019-11-05,-0.0017736238594475992,0.016751367084609167,,0.006344824869752982
2019-11-06,-0.00158906053210425,0.007228643864641526,,-0.0025917136032509477
2019-11-07,0.006188213361651241,0.011215335716347218,,0.0018846322364702492
2019-11-08,-0.002859209141505228,-0.01646923282397584,0.004071200199907106,-0.004610262771696422
2019-11-09,7.684327507777457e-08,-0.024191739066438074,5.799998283153206e-07,-0.014709114439337121
2019-11-10,7.684327507777457e-08,,5.799998283153206e-07,0.001474949028423966
2019-11-11,-0.001605328381770565,,-0.0014735219575027628,0.01061046036587835
2019-11-12,0.003678950131899031,-0.015381008618436845,0.0011081609973214313,0.003927841454662955
2019-11-13,-0.0011668415595386757,,0.0007381361181190005,0.026099853462500166
2019-11-14,0.004607670060683135,,-0.0003680563396801941,0.016437037883945602
2019-11-15,0.0061746461907136565,,-0.002949175157507788,-0.003173719474524488
2019-11-16,4.489864698350313e-08,,5.459185560256209e-07,-0.019138195280058886
2019-11-17,4.489864698350313e-08,,5.459185560256209e-07,-0.008538420053858208
2019-11-18,0.0012646015403403597,,-0.0014786793118736212,0.004962005476914197
2019-11-19,0.003935759966859508,,-0.0003944228880980029,-0.01619785740854946
2019-11-20,-0.003252982650007162,,0.010684785756049161,-0.005576869003030963
2019-11-21,-0.0013783737760863454,,-0.0010957956620988218,-0.02114291906049496
2019-11-22,-0.0002095863301080027,,0.0029141539323081253,-0.018537304765021845
2019-11-23,7.503432270096117e-08,,5.022716132247898e-07,-0.03491361022136861
2019-11-24,7.503432270096117e-08,,5.022716132247898e-07,0.022117780264087356
2019-11-25,0.0030971417844182494,0.0628433923862091,0.0033915795035314193,-0.023748538927190456
2019-11-26,0.0021858080877111006,-0.01576816668914798,-0.00047265898476230755,0.01499707531595608
2019-11-27,0.004634356302177875,-0.00810482175284186,0.0007387526472093939,0.013514062527452993
2019-11-28,4.026042955838722e-08,-0.017755868598357163,4.3111524048144776e-07,0.005959031904735706
2019-11-29,0.000693085426930759,0.005865138577937978,0.0003692407379547662,-0.005201556605623492
2019-11-30,0.0,-0.021423583888104912,4.3396001288388163e-07,0.008571434637479862
2019-12-01,0.0,0.01568356688416288,4.3396001288388163e-07,-0.010934416499047538
2019-12-02,-0.0013664688675970238,0.0064434665983446535,,0.018991780928407857
2019-12-03,-0.018256474565953053,0.012712846781479046,,-0.0035368344861819116
2019-12-04,0.007936181184265319,0.0023638022337233292,,-0.006226459352196598
2019-12-05,0.0019924625649167314,0.007254451491933568,,-0.004215802223806654
2019-12-06,0.002854565769730625,-0.007286804305207016,,-0.0007240913334804822
2019-12-07,3.175729121614788e-05,-0.007358978253691642,,0.006643741767358761
2019-12-08,3.175729121614788e-05,0.0019714567260932575,,0.0019575008936009285
2019-12-09,0.0006481216261135208,-0.0037377424345465993,,0.006055700290933403
2019-12-10,-0.0011566306934041517,0.008640577312960461,,-0.010880365106959269
2019-12-11,-0.0003739519087376611,0.002804416877955423,,-0.004880847471089653
2019-12-12,0.0024636447103091636,0.0027942776553468614,,0.008588346876424796
2019-12-13,0.0070790138356116115,0.0031022499754377085,,0.008739195528553807
2019-12-14,7.096983368587392e-06,-0.0025827596027361583,,-0.003272827152877112
2019-12-15,7.096983368587392e-06,0.011082109659259388,,0.017853298972586758
2019-12-16,0.005755141523328481,-0.004574162609054592,,0.014935999016849414
2019-12-17,0.004358257421020511,0.032027820068266745,,-0.028989000570823063
2019-12-18,0.0008081654756285483,0.04688856103223064,,-0.03096184228058092
2019-12-19,-0.0013848676812762,-0.04342504779898036,,0.04374902122723402
2019-12-20,0.012322378484124721,0.0131893389288488,,3.9621170922690104e-05
2019-12-21,7.797994969883742e-21,-0.006678189738257043,,0.0023916243267391767
2019-12-22,7.797994969883742e-21,0.0049336422431817,,-0.014753687602841091
2019-12-23,-0.0010119463498897375,-0.014154215781637974,0.005123297525322401,0.012795209979954434
2019-12-24,-0.0009611302907077957,,-0.0037688080022164967,0.0029215955973020146
2019-12-25,1.5595989939767484e-20,0.0009629099631125757,4.2542547113989644e-07,0.004897990215773837
2019-12-26,0.0011939538751096507,0.0035691050417368084,-0.001135543377576378,-0.007140872943882575
2019-12-27,0.004904562107357676,-0.0018620281346025682,-0.004545671095927081,0.023036704530379246
2019-12-28,4.605848129551959e-08,-0.0014974901336069879,4.1504003299051366e-07,-0.000988838441626448
2019-12-29,4.605848129551959e-08,-0.006153754875022846,4.1504003299051366e-07,-0.006077505817159301
2019-12-30,-0.002163455723915856,-0.00535458122604116,-0.0018654781812693266,0.0027135851921936097
2019-12-31,-0.007763214037939734,,,-0.0033463026172248895
2020-01-01,1.9891495794844105e-20,0.0044531805113575,,-0.001849052846667403
2020-01-02,0.008271776967570784,-0.002765264448833136,,0.0055197452354132865
2020-01-03,-0.005814295379205443,0.011098431802924462,,-0.016556473219958893
2020-01-04,1.9675146297123314e-07,-0.014472962556838208,,0.015407991092999618
2020-01-05,1.9675146297123314e-07,,,0.004101640296957043
2020-01-06,-0.000990386589611933,,,0.0007540401888099784
2020-01-07,0.006414287780223571,,-0.00581996243768415,0.00920476309139841
2020-01-08,-0.0016291838676198824,,0.006191601447308691,-0.004510608345344755
2020-01-09,0.010002427192655284,,-0.016173979471404844,-0.000671134201182483
2020-01-10,0.0031185932081095576,,0.0010200126337557805,0.010210840582831697
2020-01-11,7.492769677253904e-08,,4.1080590532346725e-07,0.018533054332711314
2020-01-12,7.492769677253904e-08,,4.1080590532346725e-07,-0.0007244757828821603
2020-01-13,-0.0026184918833238708,,0.00032590685781973874,0.008629437483465254
2020-01-14,0.005017651510993221,,-0.0034527629451579908,0.0017616621720577506
2020-01-15,9.44888084654855e-05,,0.0037458412553940507,0.0901739367024931
2020-01-16,0.0076660740110319064,,0.00030606558643568284,0.0711034522802369
2020-01-17,0.0059769025925387066,,-0.003261797617654788,-0.003432225553758732
2020-01-18,1.3260997196562736e-20,,1.2352742532120339e-05,0.014067303848143644
2020-01-19,1.3260997196562736e-20,,1.2352742532120339e-05,-0.03599988713101241
2020-01-20,1.3260997196562736e-20,,1.2352742532120339e-05,0.005700905714112113
2020-01-21,-0.0006882961512080392,,0.0005116164517757465,0.007943902524713378
2020-01-22,0.005795309505267587,,0.0022868067931092334,0.002487112501982067
2020-01-23,-0.0042322099982183775,,0.0031529966744280823,0.0013784776616523238
2020-01-24,0.006549765231263099,,-0.0010442106840127293,-0.019233442384897638
2020-01-25,6.630498598281368e-21,,4.956049485749158e-07,-0.002821994752800576
2020-01-26,6.630498598281368e-21,,4.956049485749158e-07,-0.0030971173196752614
2020-01-27,-0.025562370108991466,,0.0068927534185005,0.02982858448332025
2020-01-28,0.007413612002037149,,-0.00015456382480007384,0.015667962072583228
2020-01-29,0.003979167269397161,,-0.001205659277775468,0.01388949345461317
2020-01-30,-0.006641916030039373,,0.002090177701097869,0.016567651512774017
2020-01-31,0.004706854697688608,,-0.0012062748096102296,0.00847624240095474
2020-02-01,2.401056479868865e-05,,3.2238767730115167e-07,-0.012563739519645881
2020-02-02,2.401056479868865e-05,0.006189504840132315,3.2238767730115167e-07,0.0011753192412719477
2020-02-03,-0.0061236626384582726,0.0036268131842304508,-0.0011104168372830403,-0.00285505438039094
2020-02-04,0.010824491320109755,7.436954499197481e-05,-0.009454612764544745,0.0030611465214717784
2020-02-05,0.009013231168285531,0.0020888637607246853,-0.007228842987700711,-0.00845859364263063
2020-02-06,0.002715889793669198,0.028556249948892748,0.00319723772122463,0.029304513488139162
2020-02-07,-0.0026132595828445015,0.01872773221134516,0.0018308094248623901,-0.005239766155642576
2020-02-08,2.9861111016500593e-06,0.026219107022355585,5.343183080718239e-07,-0.0073645576691815
2020-02-09,2.9861111016500593e-06,0.018772197480542756,5.343183080718239e-07,-0.0003982422455054712
2020-02-10,-0.0026853418770736233,0.02270853354710132,0.0031170215780172146,0.009254699490293795
2020-02-11,0.013991657178634364,-0.020487772225062772,-9.85674411368744e-05,-0.007659889669957448
2020-02-12,0.0013992870878001024,0.03711564766269847,-0.0031904225788696875,0.015514657080015207
2020-02-13,-0.001990538395432139,0.028780689934705082,0.0036422970535690837,0.022529790905756963
2020-02-14,0.0070734072101667975,-0.0008257219524386391,0.0017743964421885305,0.002146841021755144
2020-02-15,0.0,0.02518651494294329,4.86114887380825e-07,0.008909015805859897
2020-02-16,0.0,-0.03687081729627593,4.86114887380825e-07,-0.008286905951311313
2020-02-17,0.0,-0.013408004728508607,4.86114887380825e-07,0.009399667408946131
2020-02-18,-0.001846424251412838,-0.0052438161347354755,0.0044040627983115,-0.010826853257063652
2020-02-19,0.0037623298912911516,0.018738042735210732,0.0025797690654065443,0.019060488002444642
2020-02-20,-0.001459854141494534,-0.028188473026857827,0.003362428564198262,-0.011957903500385267
2020-02-21,-0.005735363896242554,-0.0016074250473804453,0.0057963719098542334,-0.008626877472427831
2020-02-22,2.6521994393125473e-20,0.003963116595206963,2.7527558975803017e-07,0.0009027975817426797
2020-02-23,2.6521994393125473e-20,-0.0033257319448824958,2.7527558975803017e-07,-0.013040471985555893
2020-02-24,-0.03290260729282947,0.0128453818250787,0.008310907985317475,0.010450914532626303
2020-02-25,0.00323389800714082,-0.013061487153944661,-0.00658965439893142,-0.02248910486277883
2020-02-26,-0.014918452322393451,-0.020144008242765032,-0.0031592989085319446,-0.032817418013350204
2020-02-27,-0.014898405628479069,,0.0024633376773120046,0.006358826927173293
2020-02-28,-0.03189446522514622,,-0.0022201653224213362,0.030434353365162644
2020-02-29,2.467141606307108e-05,,1.936837937719507e-07,0.014428429378870398
2020-03-01,2.467141606307108e-05,,1.936837937719507e-07,-0.010076264461849546
2020-03-02,0.00679908111431198,,-0.007216719860408502,-0.006717210706341515
2020-03-03,0.002380982582176406,,-0.0013264278383466018,0.023677184206089115
2020-03-04,-0.0016868040530991287,,0.007214700093509295,0.006592878163553566
2020-03-05,-0.0007808506231150003,,-0.0002658483794308163,0.0019491672358242901
2020-03-06,-0.021040916312830955,,0.008435973507255475,0.00516050010907197
2020-03-07,2.8249128348426983e-05,,2.1492560623039527e-07,0.009731755105479379
2020-03-08,2.8249128348426983e-05,,2.1492560623039527e-07,-0.021856865596324458
2020-03-09,-0.009705409708195152,,0.01015060016710463,-0.020191706189715376
2020-03-10,0.004666660320871283,,-0.03313649601285397,0.0050836395728274175
2020-03-11,-0.0021903243980279804,,-0.010995889053128104,-0.002716262721023002
2020-03-12,-0.01151763128200919,,-0.01138858269641397,-0.0188083767562715
2020-03-13,0.0032890128976538974,,-0.015877489357970953,-0.1367723294602195
2020-03-14,5.228156091993767e-05,,2.7192150553407685e-05,0.061117944500323866
2020-03-15,5.228156091993767e-05,,2.7192150553407685e-05,-0.010655314450995063
2020-03-16,-0.011007857055553872,,-0.006049126256859814,0.005916229770818712
2020-03-17,0.00019500091326465248,0.06097635641634251,0.008019969913766094,-0.010393746275557366
2020-03-18,-0.004081823629173914,-0.03737957529710198,-0.010251061742884567,0.007939874588249138
2020-03-19,-0.0012882021451944645,-0.008017467851518472,0.02471408276378477,0.0016689795358670607
2020-03-20,0.00880250886435623,-0.071795624664726,-0.007897060552962696,0.02411524326010154
2020-03-21,5.144917496307547e-05,0.00707858517504111,1.0082667586582117e-05,-0.003866327472311025
2020-03-22,5.144917496307547e-05,-0.0018372902392076661,1.0082667586582117e-05,-0.0016049447126455898
2020-03-23,-0.010963896067398752,0.011455097540865326,0.0035065887747110546,-0.02119708901774295
2020-03-24,0.009552994605012546,-0.01600573993440228,-0.0011366780506892873,0.029736810693782863
2020-03-25,0.013001720589118665,-0.004759822326974116,0.0031547499015626922,0.0030644280171923666
2020-03-26,0.00034180917034656454,0.0029546974342760718,-0.0056089831543638625,-0.004373667666661961
2020-03-27,0.0031549660775223812,-0.007096009840340988,-0.00011122975660286276,0.0018691361721356653
2020-03-28,4.867223367589875e-05,0.010921553086811036,1.0614798931227153e-06,-0.008202909069656109
2020-03-29,4.867223367589875e-05,-0.0013057915124106043,1.0614798931227153e-06,-0.0037534122426506307
2020-03-30,-0.0012279709803316192,0.013324493720249582,-0.0013384831172786136,-0.01710129422910537
2020-03-31,0.004908844442317233,-0.015116894714960305,-0.003411168025399545,0.019175342909312037
2020-04-01,-0.013911392892429549,-0.004450733622505175,-0.0025597932857950602,0.0003849282422258561
2020-04-02,-0.006167184477848298,-0.005083637930893073,0.008671819392122087,0.005094377117358789
2020-04-03,0.012294843048373557,-0.005061552358004326,0.004202372057609591,0.005363061686194423
2020-04-04,8.146667208255025e-07,,2.6021178251441475e-08,-0.0003035200889562909
2020-04-05,8.146667208255025e-07,-0.0035243737774495604,2.6021178251441475e-08,0.0025175534177863134
2020-04-06,0.007719615462585396,,0.0020627401351947174,-0.006881458563995365
2020-04-07,0.02423108334089249,,-0.004903225939290256,0.027041938447585952
2020-04-08,-0.007893304365928628,,0.002354355024415256,-0.004345601616117463
2020-04-09,0.011762821594315577,,0.0008161415925510893,0.013520873913062266
2020-04-10,7.859808071738277e-07,,2.2213769474674877e-08,0.007008655773021175
2020-04-11,7.859808071738277e-07,,2.2213769474674877e-08,-0.02578135338982173
2020-04-12,7.859808071738277e-07,-0.0016720277720212403,2.2213769474674877e-08,0.004640876598834069
2020-04-13,-0.004557092549294526,-0.0019264274574903454,0.00236953039725409,0.009426522291217185
2020-04-14,0.010882305952422466,,0.003040079444533305,-0.0030241182440821257
2020-04-15,-0.0046768369797922284,-0.0012079818909920674,0.0062881967589003,-0.00931622969975114
2020-04-16,0.002717474426635677,0.01712880406313944,0.0025611216177380955,-0.010456181530722551
2020-04-17,0.009570176611863882,-0.03453233710800614,-0.0031449506940599806,0.029953309687667146
2020-04-18,6.680160225505582e-07,,1.6511378207657148e-08,-0.0022534619245628265
2020-04-19,6.680160225505582e-07,,1.6511378207657148e-08,0.02167364403126183
2020-04-20,-0.006426588184442885,,-0.002683090004801476,-0.010794570607168255
2020-04-21,-0.0053026637966958,,0.0047565552768293615,-0.014766344210134822
2020-04-22,-0.0012563608537631056,-0.002567565824319392,0.0010913559572046554,0.0013847103570010226
2020-04-23,0.007192338650835113,-0.0210899825997569,0.005824362493259325,0.016501863953306113
2020-04-24,0.00023598986280006531,,0.0002410888732442833,0.002303847853926561
2020-04-25,5.971809658050253e-07,,1.551902778764645e-08,-4.246206721946945e-05
2020-04-26,5.971809658050253e-07,,1.551902778764645e-08,0.0017112076567968367
2020-04-27,0.008007607011209988,,-0.0047057339965107785,-0.002588043290362195
2020-04-28,0.013820162080795773,,-0.004541840906853428,-0.0033610606026716204
2020-04-29,-0.0013644724350150722,,-0.0002349946643341163,0.0006564888947796897
2020-04-30,0.004066097900478837,,-0.0008903550487308906,0.016209451378008777
2020-05-01,-0.0314671356580451,,-0.008560618917663783,-0.015494410764638703
2020-05-02,8.389891308148374e-08,,1.6842662708400066e-08,0.012758262864081896
2020-05-03,8.389891308148374e-08,,1.6842662708400066e-08,0.004289228684276442
2020-05-04,-0.023485082437455278,,0.00695224778812455,-0.009745931999114787
2020-05-05,0.02801480204122125,,-0.001365523886425875,0.002057916894414447
2020-05-06,-0.0005893625700780374,,-0.003690651325064077,-0.002188546596440525
2020-05-07,0.0006891002903477522,,0.002790991467995737,-0.00615738310359366
2020-05-08,0.010932955247687313,,0.0019057334485359937,0.01099850578626726
2020-05-09,3.2076175960644186e-07,,1.9768025571786173e-08,0.0031934037694889726
2020-05-10,3.2076175960644186e-07,,1.9768025571786173e-08,-0.0038134584119556966
2020-05-11,0.002525302725835424,,-0.0014629500965003279,-0.02939079414368344
2020-05-12,0.011738013159544798,,-0.001562853926621525,-0.0036619680849603762
2020-05-13,-0.021558647374419558,,0.0014988493177000867,0.026650150492276606
2020-05-14,-0.0258838599665874,,0.006713432840756965,0.002315709056268429
2020-05-15,0.00968939184759967,0.006791354893741845,0.004074187581230877,-0.0024202443975432724
2020-05-16,3.3388788369386443e-07,-0.014229992863889143,1.8517425457762813e-08,-0.005833390715297834
2020-05-17,3.3388788369386443e-07,0.007248119924535544,1.8517425457762813e-08,0.0008553406627472041
2020-05-18,0.02718232909409227,0.005864097650396671,-0.004008164262655454,0.008899620668090562
2020-05-19,0.00823279227029957,0.012310109453687412,-0.00889815660131597,0.0015211846465058624
2020-05-20,0.00551690531667822,0.006694871324291594,-0.0016828276665550364,0.0011755695978726806
2020-05-21,0.004745858225065866,-0.006030768718121039,0.002187636562137557,-0.007507500005721808
2020-05-22,-0.007375558722390039,-0.028163006998857307,-0.002053287410510256,-0.013842481252946244
2020-05-23,5.150744870760638e-07,0.024022133878514547,1.8426123916103023e-08,0.0034635735226359954
2020-05-24,5.150744870760638e-07,-0.004972109404480133,1.8426123916103023e-08,
2020-05-25,5.150744870760638e-07,-0.019858140985541,1.8426123916103023e-08,
2020-05-26,0.016655659540400207,,-0.004121657524148372,
2020-05-27,0.0026255863509767495,,-0.011595118229552278,
2020-05-28,0.004094608924323237,,0.005019620458678987,-0.0021052934069854105
2020-05-29,-0.01162071979230594,0.022845577745732565,0.003727604832531872,-0.006984120242676654
2020-05-30,3.6769893368281204e-07,-0.0035442482280155442,2.2311827411737924e-08,-0.000517612387448167
2020-05-31,3.6769893368281204e-07,0.03042198681438333,2.2311827411737924e-08,0.027605931043127793
2020-06-01,0.0069853403360073596,-0.014454813775127254,0.001733713501226083,-0.013879458195700132
2020-06-02,0.008768845519301384,0.023741633837194926,0.005853189943117092,0.04024847321743216
2020-06-03,0.01379188716141182,-0.013935385879716981,-0.021300303983845897,-0.00267231030315883
2020-06-04,0.0017059711558216888,0.008017973292812805,0.004909302953202159,0.025245831331418687
2020-06-05,0.033808518471384295,0.0020595902529753685,-0.014743706818228203,0.011273605532708009
2020-06-06,1.2629198097733392e-07,-0.004399327170848942,2.179982265760332e-08,-0.011413140241768312
2020-06-07,1.2629198097733392e-07,0.0007991268950805834,2.179982265760332e-08,0.0137600019500533
2020-06-08,0.006641836922224352,0.0002790166169682389,0.0011137043908398473,-0.0004435009391309289
2020-06-09,-0.0038930949731476924,0.001520434226225072,0.013576604737327925,0.010431998270358806
2020-06-10,0.014167699770221613,-0.004177632340857581,0.006087823279613976,0.001240593719903216
2020-06-11,-0.02096360398602183,0.0028341276889318084,0.007573560674048763,0.015623791425611804
2020-06-12,-0.013731628940285796,-0.02553499037326381,0.00036079473439157175,-0.020544217769208988
2020-06-13,5.3488841945198655e-08,,2.041245500072343e-08,0.01949339998363362
2020-06-14,5.3488841945198655e-08,0.001008874694909524,2.041245500072343e-08,-0.01329798023226918
2020-06-15,-0.014446948284459828,-0.005827818996392471,-0.01739697117648352,-0.012072883455399948
2020-06-16,0.027446322188334548,,0.008150576404295246,0.015500823166764684
2020-06-17,-0.0011086997497083309,,0.0009093287217885683,0.001796121350384138
2020-06-18,-0.004709148232605178,0.0006569254506874169,,-0.0024226536482983545
2020-06-19,0.008591347157831773,-0.004196751129159974,0.004059681408875392,-0.01579831660425396
2020-06-20,6.288539552663164e-07,,2.0471230414690495e-08,-0.014718465257203153
2020-06-21,6.288539552663164e-07,,2.0471230414690495e-08,0.0006191642556419313
2020-06-22,-0.009593629624974826,,0.01321512201011727,0.0057022363240165725
2020-06-23,0.00821566180363967,,0.00339534337976709,0.014007969321899886
2020-06-24,-0.00785058689718248,0.0012130165597616926,0.0022586032735235247,-0.0074772595522747875
2020-06-25,-0.010677160443932495,-0.015298376578010378,-0.0007120783104244453,0.0009586365941928983
2020-06-26,0.005822935931612434,,-0.006058147008285659,-0.005260288945079901
2020-06-27,3.934962716358201e-07,,1.7538247692951712e-08,-0.005528737551770285
2020-06-28,3.934962716358201e-07,,1.7538247692951712e-08,-0.014326969896500105
2020-06-29,-0.009051701368574775,,0.010098712985164363,0.006549639806471145
2020-06-30,0.006530233786279957,,-0.0014779158425724246,0.0016028121411878057
2020-07-01,0.0030481816178488668,,0.004385368666993537,0.0007102313855832929
2020-07-02,0.0022129201110630235,,-0.005014339916048998,0.013936479673312022
2020-07-03,4.680497140828126e-06,,7.786710237948208e-08,0.004883933721364031
2020-07-04,4.680497140828126e-06,,7.786710237948208e-08,0.008483829059790218
2020-07-05,4.680497140828126e-06,,7.786710237948208e-08,0.031768289756524556
2020-07-06,0.001063182864589219,,0.00919494365354769,0.012652606471322502
2020-07-07,0.0011333733470472573,,-0.0019972599763913032,0.02232692601006226
2020-07-08,-0.0005928472273907049,0.024370305149792496,0.01714567299980271,0.04317381448797402
2020-07-09,0.0015258361665526244,,0.0009263657621911667,0.04109465142250111
2020-07-10,-0.0003900111989183792,-0.022395260803518603,0.007461832731820945,-0.019459273078017418
2020-07-11,4.096221406817973e-06,,6.416667810050331e-08,-0.00956995397010995
2020-07-12,4.096221406817973e-06,0.005396221093660016,6.416667810050331e-08,0.012836635279145662
2020-07-13,0.009784464927405383,,-0.005654998742734738,0.019171013740027706
2020-07-14,-0.008565237487677292,-0.008030029044715472,0.0026489973160665195,-0.0029154011451355414
2020-07-15,0.010484497314480177,,0.0035368289987659533,0.020121081493759792
2020-07-16,-0.004690559950353906,,0.00440371092998101,0.007951536067212075
2020-07-17,0.003940960139133991,,7.915148078745584e-05,-0.012038314629170458
2020-07-18,2.943102452263687e-06,,5.5950619765002144e-08,-0.003192818110911748
2020-07-19,2.943102452263687e-06,,5.5950619765002144e-08,-0.005883091173319193
2020-07-20,-0.0026863325587437605,,0.0032025971985526354,0.0008581370567656762
2020-07-21,0.010963018621220028,,0.004639597811754022,-0.031362081925231836
2020-07-22,-0.0033762729199335417,,0.007283296543858264,0.014615028828215325
2020-07-23,0.007057449751242553,0.0235526720804617,0.008147356757784502,0.0014844142242074212
2020-07-24,-0.014106803598718869,0.016055520050008435,0.008803812881261091,0.004105433419376373
2020-07-25,2.648542568499615e-07,-0.0026656559683613822,3.267371031526914e-08,-0.011343420334227803
2020-07-26,2.648542568499615e-07,0.05582143511398273,3.267371031526914e-08,0.01496411695927275
2020-07-27,0.0019223436248304228,0.006767159598149023,0.011284428302756654,-0.007345384491003987
2020-07-28,0.002379841790616765,0.03388968738607748,-0.0015600027494208518,-0.019991980158279958
2020-07-29,0.000925979832255334,0.008973950117157115,0.006954258845581685,0.006328609144255394
2020-07-30,-0.0006522748205644696,0.0027658663652668112,0.0014069351461934566,-0.006288547910271397
2020-07-31,0.004460857582520016,0.010415658060974468,0.00025579955758404455,0.016078595807070557
2020-08-01,1.5357054934398385e-06,0.019543801348092874,0.0,0.005051757779830046
2020-08-02,1.5357054934398385e-06,0.05008963446541654,0.0,0.024449275851311864
2020-08-03,0.0027693167723091055,,-0.0006944023245369337,-0.01714071831306349
2020-08-04,0.0003364716146960621,0.021031636288147262,0.006267454643940628,0.004309118087202558
2020-08-05,0.01207818527464812,0.005342667901875951,0.013847594255451231,0.00251370771607813
2020-08-06,-0.001674035261366651,0.00837690479272825,0.009344442574022305,0.019249068139930034
2020-08-07,0.0022237397893857995,0.0019887828565180506,-0.0029954559426757987,-0.0018885125838860623
2020-08-08,2.309359271382482e-07,-0.011701063326987496,0.0,-0.009434593390968183
2020-08-09,2.309359271382482e-07,0.02213342026726686,0.0,0.007361789092845985
2020-08-10,0.003373063729763327,-0.0038184008094943995,-0.007022216808834173,-0.009285384383686876
2020-08-11,0.00472695831974005,0.004550861195897051,-0.028736365586428544,0.00043892331964484794
2020-08-12,-0.004041137032572205,-0.02104314382580332,-0.0071197469331668334,-0.0169213266621923
2020-08-13,0.004403537808513913,0.015328534496412366,-0.0019676233446471406,0.005161164100887371
2020-08-14,-0.0008064569273727009,0.013599587079680295,-0.0009742916165836029,0.017722055716226415
2020-08-15,2.2421061290257276e-07,0.00690573622369951,2.440500063648716e-06,0.0023650395847212074
2020-08-16,2.2421061290257276e-07,0.006475053248064289,2.440500063648716e-06,0.03821980110675705
2020-08-17,0.003750684403079678,0.005436188599126337,0.002735599006241206,-0.006201858055458683
2020-08-18,0.005821924419992132,0.0030238405104401184,0.011249695447658964,-0.031954401375563914
2020-08-19,-0.00033187305966076905,-0.012534017903137792,0.00010316286219515658,-0.011024354826702873
2020-08-20,-0.010497589371860364,-0.01487112378307177,-0.009435073577825503,4.104523127999934e-05
2020-08-21,0.00686805782267508,0.007321936966929581,0.0030871631555624965,-0.0024778720711291498
2020-08-22,2.0457610439902782e-07,-0.023676395259676047,1.8814705165598732e-06,-0.03920439359004423
2020-08-23,2.0457610439902782e-07,0.011126187277534024,1.8814705165598732e-06,0.016964294835448913
2020-08-24,0.010171195718388959,-0.0054431554059907045,0.002779497578548575,0.00035350271624952654
2020-08-25,0.004703188654709164,0.007518459214588869,-0.006997308126242369,-0.012368565822382976
2020-08-26,0.0025701291798867366,-0.02560632236910108,-0.003096597170347436,-0.025956644930176766
2020-08-27,0.009704394035524524,,0.01987076953001041,0.019935769247618373
2020-08-28,0.003035707606389376,-0.007273513497181941,-0.004419524003281509,-0.01751312000129965
2020-08-29,1.826529517215343e-07,,1.0803470193733103e-06,0.01604760542011132
2020-08-30,1.826529517215343e-07,0.0027242812998095546,1.0803470193733103e-06,-0.01358113903937626
2020-08-31,0.0016380539008955955,0.013224407398702702,0.003194482859357014,0.016569862697517923
2020-09-01,-0.000833449135815798,-0.0029141264215080927,0.008708097336104717,-0.01636537429875035
2020-09-02,0.008535135064271962,0.014191039031115082,-0.017293852991557297,-0.00303591521623104
2020-09-03,0.010478010760888532,-0.02038285564484008,-0.007837928112309536,-0.026931114820969708
2020-09-04,-0.023778392193738423,,-0.007341774107271447,-0.052960682173589305
2020-09-05,1.46095689933622e-07,,4.6561452657496475e-08,0.051865585537019074
2020-09-06,1.46095689933622e-07,,4.6561452657496475e-08,-0.03478223098703224
2020-09-07,1.46095689933622e-07,,4.6561452657496475e-08,0.012019765658483715
2020-09-08,-0.02315207363898138,,-0.0033274160717212406,-0.005844920361326369
2020-09-09,0.0019052802085032876,,0.016130638880809116,0.008126433183918435
2020-09-10,0.0073373952207236234,,0.009375239057145142,0.0066591392589481204
2020-09-11,-0.008454665054182412,,-0.0058627740690396024,-0.0033796946716708577
2020-09-12,1.4894532229267566e-06,,4.916963061171563e-08,0.00174847246472197
2020-09-13,1.4894532229267566e-06,,4.916963061171563e-08,0.009782986349462104
2020-09-14,0.0051220986677841035,,0.0023285199477639028,-0.0035273521827804033
2020-09-15,0.009421435969180481,,0.004805467950568219,-4.41162753827166e-05
2020-09-16,0.00399438659531156,,0.00279487050812595,-0.01788106489872328
2020-09-17,-0.01773821484026354,,-0.016409829387957982,-0.006292103428563474
2020-09-18,0.0038798240433426255,0.011654586231338368,0.006272709596710767,0.014636242683297608
2020-09-19,1.6568258803257975e-07,-0.008654992178678026,4.130778467487138e-08,0.002403059995993551
2020-09-20,1.6568258803257975e-07,-0.0013852519104460188,4.130778467487138e-08,-0.008613486157590075
2020-09-21,-0.018178361826081454,-0.015995562419983046,-0.01747639314640699,-0.007462172766835409
2020-09-22,0.0021650700647596038,-0.06097069163469265,-0.0011575184324268215,-0.02480495968558546
2020-09-23,0.007726205691690313,,-0.014594817983017285,0.005370914050259278
2020-09-24,-0.026484056487180715,,-0.014643147463381221,-0.006720591328955444
2020-09-25,0.0010152415021233874,,,0.01619503511747244
2020-09-26,2.0295606090905764e-07,,,0.0009283826557508286
2020-09-27,2.0295606090905764e-07,,,0.003811673216212817
2020-09-28,0.026788213111260978,,,0.0011138122483012349
2020-09-29,0.001978424435009168,-0.0027060630292249773,,-0.002346876838401065
2020-09-30,-0.0006925990571511201,,,0.005339456080673417
2020-10-01,0.011491458304681484,-0.0025003449732469546,,-0.0019342252007000947
2020-10-02,-0.01740953009748791,-0.005179692164874326,,-0.008376616185875142
2020-10-03,1.256534519155376e-07,,,-0.0040434733435248185
2020-10-04,1.256534519155376e-07,,,0.0034177227369522533
2020-10-05,0.013350586049311122,,,0.00547346096828808
2020-10-06,0.010010203759857091,,,-4.195582675557495e-05
2020-10-07,-0.004784601873151658,-0.014873868331164532,,-0.006869196547096433
2020-10-08,0.012939654118550395,,,0.0009029751378551449
2020-10-09,0.007988795884771712,,,0.003774650613046067
2020-10-10,1.1285333144167712e-07,0.011606170006297177,,0.005610140287498753
2020-10-11,1.1285333144167712e-07,0.0069405504826608455,,0.009962053237475364
2020-10-12,0.007327559755072783,0.005209330081406847,,0.005049349719205504
2020-10-13,0.0034846244888485627,0.00859921303114278,,0.009042487002645323
2020-10-14,-0.0026902622955984586,-0.007800198303083259,,-0.0012933093939485947
2020-10-15,-0.01780160211817774,-0.0062957543370497455,,-0.00943844000991215
2020-10-16,0.01168749354038069,-0.004260863914629205,,-0.0018231037732094595
2020-10-17,8.210005389762791e-08,-0.020599831602375687,,-0.02937314694314566
2020-10-18,8.210005389762791e-08,0.0010080527859308431,,-0.00525530626369129
2020-10-19,0.002585939249933419,0.011752328677047971,,0.01106853328211217
2020-10-20,-0.011695920916218525,0.004032980609903397,,-0.0018744944029239477
2020-10-21,-0.0045458317937802206,-0.011692134567353714,,-0.021295378212563398
2020-10-22,-0.0007634229554851759,0.04871901329462894,,0.02137783448090305
2020-10-23,0.007907634364613043,0.02186393830848313,,0.01764539677499651
2020-10-24,1.033341184024919e-07,-0.0019033825672187667,,0.0011446427430931699
2020-10-25,1.033341184024919e-07,0.009314410476141795,,0.016653619044700665
2020-10-26,-0.011663011919821586,-0.0037775850959079838,,-0.004971996592282805
2020-10-27,-0.007496169914971488,-0.0002584017249918375,,-0.00925357730230976
2020-10-28,-0.022153882265260293,0.008574319171554204,,0.007514346264147233
2020-10-29,-0.01352702964084278,-0.023316080889720432,,-0.017629141316253524
2020-10-30,0.005006017489832756,-0.007266945196766544,,-0.006529845140805689
2020-10-31,1.3910626868013998e-07,-0.004175448788082386,,-0.0057778877839841656
2020-11-01,1.3910626868013998e-07,0.0034299257800351787,,0.004929662591666092
2020-11-02,0.010421709040408629,0.0049824038214430905,,0.002363719754761491
2020-11-03,0.011790087504636997,-0.016104724291318998,,-0.01082236179355201
2020-11-04,0.015924557503625553,0.0010324308512738261,,-0.0017162124487290174
2020-11-05,0.022442481623187918,0.004370819735119318,,0.001189913420858652
2020-11-06,-7.371628212779045e-05,0.026710401205660872,,0.0268046548410246
2020-11-07,1.0840777581357089e-07,0.034090377824416984,,0.013126410992544893
2020-11-08,1.0840777581357089e-07,-0.024545611243242314,,-0.019398867997614776
2020-11-09,0.04236730805822136,0.012909101359834372,-0.018760791752460468,0.014211396821753368
2020-11-10,-0.023747843128039136,-0.005696252233549514,0.0009238641474018862,-0.006426144285673451
2020-11-11,0.00696472219350991,0.006723436436540183,,-0.0010478021145688677
2020-11-12,-0.0020155882365544275,0.002492493717794867,,0.008152333545246344
2020-11-13,0.0006837058046709632,0.0008339682825580681,,0.0067981031018402764
2020-11-14,6.538551186187904e-07,0.014315535952346236,,0.013414914018774588
2020-11-15,6.538551186187904e-07,-0.008666198837218435,,-0.009075927799100316
2020-11-16,0.011875858921941158,-0.005238288081827229,,-0.006777341691867306
2020-11-17,-0.0012867553693695387,0.02348436084586258,,0.029209934127025623
2020-11-18,0.0023282874531707254,0.019804399835030052,,0.015402467312192634
2020-11-19,-0.01180034884956023,-0.006927302776222328,,-0.003916459510426226
2020-11-20,0.004758498403784981,0.004310614365164171,,0.009897704462262702
2020-11-21,1.9711587221662218e-07,0.023909285565264723,,0.014558338107297049
2020-11-22,1.9711587221662218e-07,0.05930932463930136,,0.07008421192942015
2020-11-23,-0.0001041803775996755,-0.006927250036652816,,-0.0130253417921114
2020-11-24,0.010110294800768981,0.01971308383540131,,0.06365015189421466
2020-11-25,0.005267395396031699,0.015545019688959515,,0.01796142576166701
2020-11-26,3.124283244347089e-07,-0.02002490597181322,,-0.02594642348418877
2020-11-27,0.003027393974139632,-0.028809654469610434,,-0.042071646402250765
2020-11-28,2.515085035150558e-07,0.0005922151589083806,,0.0033223232610890313
2020-11-29,2.515085035150558e-07,0.01097811601709606,,0.010107800152663821
2020-11-30,-0.002960888584894831,0.008256639404419973,,-0.008544974894324372
2020-12-01,0.0066566548884799265,0.01388292166664094,,0.019771214264042675
2020-12-02,-0.0026660835282762765,-0.012959192786092455,,-0.02433585960930986
2020-12-03,0.0033862669555906745,0.008259882153018636,,0.00549666263891984
2020-12-04,0.0014183602197241458,0.002975568206914065,,-0.0005841708998962506
2020-12-05,2.814058808663325e-08,-0.01932033805491783,,-0.034277553307503324
2020-12-06,2.814058808663325e-08,0.01089533016580666,,0.01671725476301378
2020-12-07,0.006349402511981605,-0.00011088065990750655,,0.011648469198374783
2020-12-08,-0.003425775923127714,-0.004491849908612127,,-0.008931345694060273
2020-12-09,0.01116561992220989,-0.01694076057853932,,-0.02404020092503541
2020-12-10,-0.010531178659497811,0.005644457838865566,,0.02332657005927073
2020-12-11,-0.0026453801449816796,-0.006735079174850009,,-0.011098319197836706
2020-12-12,7.280295019828609e-09,-0.005848734347480051,,-0.014287817694237747
2020-12-13,7.280295019828609e-09,0.008156924463652513,,-0.0032231464062109473
2020-12-14,0.008836905611582251,0.009279713039644621,,0.016469670634650935
2020-12-15,-0.0038072968305518807,0.0001278937994607329,,-0.008721258751153153
2020-12-16,0.003961814776466532,0.001969663033823122,,-0.011237475461177258
2020-12-17,0.00452900160782129,0.019095108115940333,,0.05090613676131919
2020-12-18,0.0019671577789791093,0.004402683074150509,,-0.003145908860365382
2020-12-19,1.2025111755182465e-08,0.007843066210480512,,0.0009239893603353324
2020-12-20,1.2025111755182465e-08,0.007387427455293645,,0.016320846397011732
2020-12-21,-0.013448460335181179,0.0003482337072413796,,-0.008206171936423645
2020-12-22,0.004187413782518218,-0.014683368780182511,,-0.01686604123487691
2020-12-23,0.0005596694605809529,0.00632118877620814,,0.019856687991945475
2020-12-24,-0.0018559641556508731,-0.03863587804547576,,-0.017585925317943965
2020-12-25,1.5200126322549045e-08,0.032373927837917385,,0.014834194413839673
2020-12-26,1.5200126322549045e-08,0.006115072566264212,,0.026236528777704347
2020-12-27,1.5200126322549045e-08,-0.00018613738399228308,,0.04165638292810475
2020-12-28,0.009671773999448503,0.0025125204284223135,,-0.013323295587794
2020-12-29,0.0037349886132740312,0.01771643928118608,,0.021502578555374005
2020-12-30,-0.0017021057757904117,0.006599710782356988,,-0.0051900951621194485
2020-12-31,-0.00040893413723875607,-0.002009977556727344,,-0.001962932048170765
2021-01-01,1.3223753231481782e-09,0.0077254891608449444,,0.002545522752138972
2021-01-02,1.3223753231481782e-09,0.018127559113106578,,-0.0013560773582758146
2021-01-03,1.3223753231481782e-09,0.03662508185796363,,0.01061116331491819
2021-01-04,0.010945031549213597,-0.00045206299364752205,,0.021525685703953357
2021-01-05,-0.016070186029010076,0.0006346082924984282,,-0.0064504329689181236
2021-01-06,0.004302713830410746,0.017820443250004866,,0.004496924036920754
2021-01-07,0.014168575478904308,0.027335988195403733,,0.020804326226100636
2021-01-08,0.009993980494457334,0.0036330822943055575,,-0.006444531196583986
2021-01-09,1.0141443234239977e-08,-0.00014396583381004287,,-0.0053262070875486
2021-01-10,1.0141443234239977e-08,0.00016367126972259926,,0.012929840415752954
2021-01-11,-0.002181919379172776,-0.0003986364157378881,,-0.005051918357123579
2021-01-12,0.0032575445908786223,-0.028074124125144272,,-0.04001001755333036
2021-01-13,-0.0008859874853833812,5.6682511453540466e-05,,-0.010057192116101954
2021-01-14,0.0038291032132712296,0.02714840064853927,,0.021535441175646746
2021-01-15,-0.009278077119870713,0.019779183984708362,,0.02550777721589252
2021-01-16,7.620670225772549e-10,-0.007340619410402292,,-0.014866492186211663
2021-01-17,7.620670225772549e-10,0.021219237887593587,,0.10663334890112947
2021-01-18,7.620670225772549e-10,0.008423732885243921,,-0.014531425955096086
2021-01-19,0.00697698846453788,0.0004498027549948618,,-0.009004396222379907
2021-01-20,0.004008994271992087,-0.005140745093588422,,-0.0032837122926776263
2021-01-21,0.0033403471143297727,0.004524153637106091,,0.028232182086590667
2021-01-22,-0.005973193725683402,-0.035421374851837925,,-0.03232644253009008
2021-01-23,0.0,-0.00047323360232626145,,0.021374044548958953
2021-01-24,0.0,-2.2045604184174794e-05,,0.012644629606427486
2021-01-25,6.505911683301086e-05,8.439618800168452e-05,,-0.005188812860749184
2021-01-26,0.006842351956407439,-0.0002836875788431967,,-0.012195852461819662
2021-01-27,-0.015588439660079447,4.5616271383269635e-05,,-0.0004807449215167453
2021-01-28,-0.008741130780988047,-0.0008853775227474752,,-0.02784618279774455
2021-01-29,-0.0015821995170629394,0.0007268832638343365,,0.048072211587094994
2021-01-30,1.3429171586902684e-08,0.005796068808931208,,-0.000645594443517167
2021-01-31,1.3429171586902684e-08,0.03552140395220917,,-0.038626308219777014
2021-02-01,-0.0023163656860060652,-0.0016631263772570746,,0.023604416830849555
2021-02-02,0.010144007115796718,0.012000475252548005,,-0.0023877604141322663
2021-02-03,0.00859681384789545,0.012362945433950638,,-0.002088436635776111
2021-02-04,-0.00037682481712860555,0.020659617163082657,,0.04513757929634854
2021-02-05,0.014431105943319911,0.0034996160236687598,,0.03289562399886754
2021-02-06,8.223706359583362e-09,0.028191609782887407,,0.0017742914399620083
2021-02-07,8.223706359583362e-09,0.004761854312234641,,0.05973888377421511
2021-02-08,0.003205282849647165,0.00257375886741237,,0.059184896764742645
2021-02-09,0.0008490580069049378,0.036034617883447764,,0.005001689912479542
2021-02-10,0.004338453457027249,0.02352099215901669,,-0.01022069977839776
2021-02-11,-0.002458122908158296,0.030958551531893783,,0.05535535391288803
2021-02-12,-0.0023823559824736424,0.0027530295751872188,,-0.008041070101996924
2021-02-13,5.727340789972795e-22,0.014739444641564107,,-0.0002535165090286987
2021-02-14,5.727340789972795e-22,0.004948960824817833,,-0.012164323130506817
2021-02-15,5.727340789972795e-22,-0.007530914588621572,,-0.005162555689146812
2021-02-16,0.009422051781387112,-0.0034550977737871718,,-0.020998560709553315
2021-02-17,-0.007847553581849676,-0.001102561903904693,,-0.00735683148936788
2021-02-18,-5.7646846328690516e-05,0.01750038222678694,,0.02775514222976928
2021-02-19,0.004720999787559715,0.009545534558511846,,0.052502292919657516
2021-02-20,6.757868297411772e-09,0.03502076889621704,,0.09317918239422023
2021-02-21,6.757868297411772e-09,-0.008235190188048157,,-0.07357594868767643
2021-02-22,-0.012693414960344162,0.01001585578209678,,0.0496915806631926
2021-02-23,-0.0006684284299979985,-0.008649715028152503,,-0.02607609949759713
2021-02-24,-0.00035508340752073137,-0.032521097410911595,,-0.038728868435266454
2021-02-25,0.008980283198750359,0.014521745731501574,,0.027833828394311207
2021-02-26,-0.013840974255232353,-0.020826443290200662,,-0.020836248107793675
2021-02-27,1.4528200605703102e-08,-0.0012146699580322304,,-0.015102495862428273
2021-02-28,1.4528200605703102e-08,-0.0004905005059384851,,0.008669546055773913
2021-03-01,0.0006696786852748194,-0.0007794099241245596,,-0.009205939777055394
2021-03-02,0.007650880551904573,0.0012094621454818895,,0.027051234867450518
2021-03-03,-0.008413850225910333,-0.0035885348461078157,,-0.015575131480616709
2021-03-04,-0.008728434341935529,0.007841282780411768,,-0.0006695934311796075
2021-03-05,-0.0039953183888626195,-0.008992044173378858,,-0.01722953090881999
2021-03-06,1.8899911513187678e-08,-0.0031288388988853157,,0.003216371853582269
2021-03-07,1.8899911513187678e-08,0.005100817991681214,,-0.002950520150458235
2021-03-08,0.01176555017336749,0.009311861328293605,,0.008240885841075041
2021-03-09,0.004775053342915129,0.011159475733532804,,-0.0010724866698791245
2021-03-10,0.00990908202709887,0.015509131913093697,,0.038378777308067956
2021-03-11,0.006440182637624503,-0.009637779536339982,,-0.013947763843570543
2021-03-12,-0.0013923438731364686,0.002530242092312549,,0.00465372151854762
2021-03-13,7.268762321485347e-09,-0.006129494481289511,,-0.023618256782707975
2021-03-14,7.268762321485347e-09,0.01882545480597266,,0.012227941016466931
2021-03-15,0.005680075424394819,-0.013122439707260321,,-0.008470596099834396
2021-03-16,0.006360180067391239,-0.010865036226931014,,0.02312759479979957
2021-03-17,-0.004305989741735223,0.013328683445193753,,0.020854786048401422
2021-03-18,-0.0022943975219800574,0.01204119709295086,,0.018122409933317447
2021-03-19,-0.007045266543492388,-0.009476284317534975,,-0.013482613746281933
2021-03-20,3.7018284315932082e-09,0.011533945442430915,,0.01364660645597523
2021-03-21,3.7018284315932082e-09,0.0007960072734340417,,0.0024292705068770194
2021-03-22,-0.000807135227191178,-0.00658057476596378,,0.000985118492515241
2021-03-23,0.008408407210216693,-0.017219113682336334,,-0.02390786247858417
2021-03-24,-0.0007852896998506293,-0.003949437534618793,,-0.012187266808194515
2021-03-25,-0.009415206540850967,-0.026430296498791278,,-0.010294325229331196
2021-03-26,0.01159949111269007,,,-0.006247863547975658
2021-03-27,5.893057162594661e-09,,,0.028386701143034244
2021-03-28,5.893057162594661e-09,0.003154060352720289,,-0.005096726789580904
2021-03-29,0.012731006049036871,0.0012164567868842267,,0.003652726185019503
2021-03-30,0.0022371353529390204,0.014140468279235964,,0.004303233761806154
2021-03-31,-1.3544090059187095e-05,0.00490063873540445,,-0.0012872475113825063
2021-04-01,0.006211576988827371,0.0062009193582697915,,0.05454002343268947
2021-04-02,1.718202335465721e-22,0.010169078797204386,,-0.010802330054969432
2021-04-03,1.718202335465721e-22,0.014501395051007747,,0.02175442573902832
2021-04-04,1.718202335465721e-22,-0.01197620347069308,,-0.005950930464398007
2021-04-05,0.01085804522184736,0.019628990361399565,,0.06210950589383759
2021-04-06,0.003088276246900589,0.030857820777220213,,0.020145684780525367
2021-04-07,0.0018655638241236584,0.02009776204097897,,-0.015028141449179605
2021-04-08,0.002171428572114683,-0.02695568779754037,,-0.03372929040577245
2021-04-09,0.0005778661794569285,,,0.03161495058706892
2021-04-10,1.718202335465721e-22,0.0007418261667205441,,-0.01396292075840499
2021-04-11,1.718202335465721e-22,0.010430852845653489,,0.06351334667362316
2021-04-12,0.0033964226087779257,0.01149410985911834,,-0.007112447641403983
2021-04-13,0.0008439374214843004,0.0036771063962566107,,0.02111435419472333
2021-04-14,0.0020977989989725398,0.022979334466536192,,0.053353647730122286
2021-04-15,0.0034284288273023636,0.0205585817274197,,-0.0028053002196819906
2021-04-16,0.01096912621087052,0.02152245424416889,,0.01922256618517043
2021-04-17,2.290936447287628e-22,0.02262611859049466,,-0.020852129344596616
2021-04-18,2.290936447287628e-22,-0.009303530327897314,,-0.028290929340209964
2021-04-19,-0.0012454769480380022,-0.011148292075890652,,0.017158790102323677
2021-04-20,-0.007692721462967204,0.0010214411932059986,,0.00928546638865373
2021-04-21,-0.0019181202142377128,-0.0013326873740935608,,-0.006515125022300518
2021-04-22,0.006762536470642344,-0.00021468111459782923,,-0.019889197815852525
2021-04-23,-0.007654002964315653,-0.0008649111170883937,,-0.03990409785867891
2021-04-24,1.8623466202891113e-09,-0.00023790502513006717,,0.0032079255388375518
2021-04-25,1.8623466202891113e-09,0.0004678690275828119,,-0.01267380019687506
2021-04-26,0.00884423494506642,-0.00041406239594473385,,-0.012677844640589027
2021-04-27,-0.0021636493525295447,0.0004869162260331182,,0.046469432885393104
2021-04-28,-0.000454883078009851,1.3575822511432525e-05,,0.0119297134645826
2021-04-29,0.0035309668107321593,0.0012621220232033918,,0.010170027599913764
2021-04-30,-0.003448249989446949,-0.0004677192148053829,,-0.006000487915093162
2021-05-01,9.68755037779503e-10,0.0008678205857814329,,0.028717044799147447
2021-05-02,9.68755037779503e-10,0.012400829186390721,,0.02389284167219168
2021-05-03,0.0045018734267244275,-0.008064424818137659,,0.001440237240471115
2021-05-04,-0.0033551778227983767,0.029322307822338876,,0.02389494089777099
2021-05-05,0.0034621818483947606,-0.020804694662439692,,0.016391442792576635
2021-05-06,-0.0019772572610414546,0.0007170937022438797,,0.06648988232281511
2021-05-07,0.01054831201578591,0.00041479540722085185,,0.03549487750303087
2021-05-08,1.7057482866625767e-10,-0.00010800464199284912,,0.015039924115634746
2021-05-09,1.7057482866625767e-10,0.012172590907516061,,-0.0026209442817898593
2021-05-10,0.006751092187626841,0.016292444275683292,,-0.026733994141452243
2021-05-11,-0.01590571788534459,-0.04017594615182004,,-0.047815226333468415
2021-05-12,-0.006162220665580547,-0.000327831606034982,,0.022268740522146883
2021-05-13,-0.008013234771290071,-0.05369868476347807,,-0.061142087221658
2021-05-14,0.014953390256955211,0.0010476405737764158,,0.04083935549619507
2021-05-15,3.7778312184254605e-09,0.0004044389400057024,,0.04127106904155021
2021-05-16,3.7778312184254605e-09,-0.0002993057329816259,,-0.02384420332519849
2021-05-17,0.002716764525665921,3.647578610159161e-05,,-0.001476274148630081
2021-05-18,-0.0016151327720414523,-0.00019674221440106021,,-0.01769130036868372
2021-05-19,-0.018144542493140944,-9.991538382364955e-05,,-0.001543014124567659
2021-05-20,0.009653412547000272,-0.001359440863185812,,-0.09305654968069632
2021-05-21,0.014043764938789819,0.0009701318350465925,,0.05558084468175347
2021-05-22,5.518494411991675e-09,-0.0005013311176158744,,-0.03251438047212035
2021-05-23,5.518494411991675e-09,-0.00023517890024610285,,-0.016764018055253238
2021-05-24,0.0006662504003777625,-0.000601785197283565,,-0.027156923672423824
2021-05-25,0.004848096372249418,0.0011797573043531959,,0.06596907976860958
2021-05-26,-0.003202376325328099,-0.00037329133820444653,,0.0007388863464847217
2021-05-27,0.0027374431202362264,0.0001416722887904753,,0.015599898148610226
2021-05-28,0.0017998857848231695,-0.0003795494321671487,,-0.015845761204339774
2021-05-29,1.1241294333116272e-09,-0.00048574279221873576,,-0.020494241794545894
2021-05-30,1.1241294333116272e-09,-0.00019365196857221221,,-0.01738852705107598
2021-05-31,1.1241294333116272e-09,-2.2715910299667624e-05,,0.020974534269965078
2021-06-01,0.003976221580049506,0.0005961500983892052,,0.029067767293865423
2021-06-02,-0.006469498481417307,0.001165616788790096,,-0.0034147584385376814
2021-06-03,-0.0028270189869197804,0.0012346295614574176,,0.004715066854877575
2021-06-04,0.008185069153088528,-0.0051172716944578485,0.0022903420644867834,0.013737917564628936
2021-06-05,1.1131883420947137e-09,-0.0059382494646578925,2.625488070463327e-07,-0.016965392538045198
2021-06-06,1.1131883420947137e-09,-0.0013386514773305956,2.625488070463327e-07,-0.009273991887378069
2021-06-07,0.0038573528020759175,3.330112956774183e-05,,0.0026477225974380265
2021-06-08,-5.894301469209247e-05,-0.010870057283976251,0.0008247820244900171,-0.016248842516786124
2021-06-09,-0.00222837149985047,-0.0017084382286053073,0.000544743089770862,0.000618549815139206
2021-06-10,0.0020275471441402798,0.0052855641319139775,,0.013484429901518775
2021-06-11,0.0034609096342648866,-0.005163104973009545,,-0.008310902072639539
2021-06-12,3.9312766431677803e-10,-0.002344144874238161,,-0.01391839940096112
2021-06-13,3.9312766431677803e-10,-0.0021187629112871227,,-0.004370415289039146
2021-06-14,-0.0009978681512453438,0.0038796426240443045,,0.018194934391811347
2021-06-15,0.003163252485960267,0.0012040553686832106,,0.004758002501217165
2021-06-16,-0.0029277460414666354,-0.0023480414502516666,,-0.003043748957990098
2021-06-17,-0.00873614708831511,-0.004040357909860383,,-0.01102890006573275
2021-06-18,-0.005700130846223828,-0.0005205142445255278,,0.000630720294000918
2021-06-19,5.035975841970215e-10,-0.004383275141026835,,-0.014594486358174886
2021-06-20,5.035975841970215e-10,-0.0026727639272712063,,-0.007371730847855674
2021-06-21,-0.00223181138473492,-0.0018418864439258568,,0.0020412031003120756
2021-06-22,0.008917798322343585,-0.03751252900993442,,-0.05466913857840719
2021-06-23,0.0037315148147094544,0.006951497815630209,,-0.0023608369174519797
2021-06-24,0.0022398996847222134,0.011737529286167768,,0.01574271971057718
2021-06-25,0.0032883770895097172,-0.022254382728110263,,0.0033259693587495867
2021-06-26,1.1981022827676368e-09,0.05209532554264396,,-0.012305857350076685
2021-06-27,1.1981022827676368e-09,-0.005862064132592911,,0.0028070518043378737
2021-06-28,0.003982634227719819,-0.01877806191725106,,0.012406108376470118
2021-06-29,0.0010996015597261799,-0.0054450220965996665,,-0.0010932184643914545
2021-06-30,-0.0015520130457584295,-0.012039527434836994,,0.007877052281428367
2021-07-01,0.004593758593534795,-0.0021242966316697724,,-0.004953405429052328
2021-07-02,0.005796004875377682,0.01710921137625079,,-0.00961405103033564
2021-07-03,8.210825501782786e-10,-0.0034250372638786873,,0.0019207460163803538
2021-07-04,8.210825501782786e-10,-0.00704182275659956,,0.0007144063502583818
2021-07-05,8.210825501782786e-10,-0.010435595149760628,,0.00972097650620118
2021-07-06,0.003640680055246986,0.014757339330350734,,-0.009450077541704077
2021-07-07,-0.0017513756019740636,-0.014856424377371285,,0.0020095311615575813
2021-07-08,-0.008673581091565467,-0.00012089623953796785,,-0.0019672241927022726
2021-07-09,0.009202170614300629,0.02020075879756918,,-0.013202090851521122
2021-07-10,9.266537369457715e-10,-0.0074713085153024624,,0.004265486289389714
2021-07-11,9.266537369457715e-10,0.005746435081812493,,-0.0038427799041715846
2021-07-12,0.005067405905074401,-0.004545395742213276,,0.002835903674228821
2021-07-13,0.002502801640834126,0.009048253836362222,,-0.00921535443788245
2021-07-14,0.0021646981634907544,0.008618435168588755,,-0.009669301643440245
2021-07-15,-0.003308344775490666,-0.0016444114406786719,,0.0031497486088051295
2021-07-16,0.004365975079281524,0.011125142869976783,,-0.008670469819120624
2021-07-17,0.0,0.012413341494987809,,-0.008788953210985474
2021-07-18,0.0,-0.0035054091017124784,,-0.0010304297814830458
2021-07-19,-0.018251048582790495,-7.361187225637922e-05,,0.0021661531182589847
2021-07-20,-0.00036511178102914906,0.019598429502105205,0.0021691805768578962,-0.013648522333017995
2021-07-21,0.0068948431247584175,0.016185860654056836,,-0.01928099658405466
2021-07-22,0.002260237701749043,-0.0397688950991633,,0.03654305001367134
2021-07-23,0.0031784583112143897,-0.00922465528169377,,0.001953382693431051
2021-07-24,6.363986743084317e-07,-0.008725184200066185,,0.009819118671428992
2021-07-25,6.363986743084317e-07,-0.0006952390110830434,,0.0014830402559357864
2021-07-26,0.00128429146614082,-8.491386324649992e-05,,0.0008630933590212562
2021-07-27,0.0013007608653755102,-0.0005063778510119626,,0.0012500091530771827
2021-07-28,0.0019548884458025473,-0.00019539993548742384,,0.008448915179027206
2021-07-29,0.002164322919330827,1.3752503036028395e-05,,0.00032124199548454874
2021-07-30,-0.0010024043327521521,6.301318101159845e-05,,0.002763767883313336
2021-07-31,7.936507759113131e-08,-0.0003599934763812395,,0.00485212068527295
2021-08-01,7.936507759113131e-08,0.00010572335721334349,,-0.0006530733578629761
2021-08-02,0.004562996707004846,0.00033847955364675933,,-0.00962672886207622
2021-08-03,-0.0038948499571602813,9.663713700773264e-05,,0.006582628578157227
2021-08-04,0.0038195701541891783,0.0007190996270150336,,-0.0005814040741331867
2021-08-05,0.0011239062073491778,-0.0005700598186141721,,0.0073618267142603385
2021-08-06,0.002949018178440104,6.288887895702752e-05,,0.003405310368161081
2021-08-07,4.82835240734526e-11,-0.00042768856939423225,,0.006308738659749616
2021-08-08,4.82835240734526e-11,-0.006519123844997449,,0.015450548698983952
2021-08-09,0.0014722927317262378,0.001959507303577509,,-0.01874195187815502
2021-08-10,-0.0008944667858784277,-0.001560297326116145,,0.015013433303239569
2021-08-11,0.004116184117615596,-0.00013050134921092148,-0.0013741795310206102,0.0009245514257813814
2021-08-12,-0.0004165384468888361,-0.0008047211310308182,0.00039472681687291336,0.010177143517710848
2021-08-13,0.003867885508737873,1.1672697716329322e-05,-0.0013765498686966274,-0.013621399637907297
2021-08-14,1.762258729856727e-22,-0.008117254526556232,8.071201452564142e-07,0.0393182886489439
2021-08-15,1.762258729856727e-22,-0.004577133677038047,8.071201452564142e-07,0.0353903493135352
2021-08-16,-0.00015725294204859362,0.032970340526915165,-0.001094570717939637,-0.0010103636377250885
2021-08-17,0.00033024293037521075,0.0011975245219481973,0.0019672619394913776,-0.0164294122942208
2021-08-18,-0.001418750831135345,-0.011729844131373176,0.0012513243612744533,-0.019612208103602837
2021-08-19,-0.014156098924412077,0.03984509072964058,0.002467063679846246,0.016545752933053673
2021-08-20,0.009632354361421321,0.06397130216027865,0.0014596751940586597,0.02916601585719574
2021-08-21,7.506925736436236e-10,0.05917349725288202,4.1677676455327024e-07,0.0035367342811757243
2021-08-22,7.506925736436236e-10,-0.006275746600578663,4.1677676455327024e-07,-0.009401365403020095
2021-08-23,0.004545399296342894,0.006526334269844793,-0.0040772542505300895,0.012112945844551857
2021-08-24,0.0017536596652888425,0.02014319633077362,-0.0013467022637696884,0.014700960731030605
2021-08-25,-0.0015427640388053286,-0.022733994734786676,0.0003640270680208501,0.0046371665369439275
2021-08-26,0.0004007286126317965,0.006483257590276376,-0.0007868407004545465,-0.01185442077060518
2021-08-27,-0.001757336062257282,-0.026146175134715677,0.0015749166940374451,-0.012131941698680579
2021-08-28,3.183621515127838e-07,0.04269751000480602,2.6733227321488898e-08,0.04682347574299104
2021-08-29,3.183621515127838e-07,-0.0026544555505704152,2.6733227321488898e-08,0.001042492640211274
2021-08-30,0.004361852070511658,-0.004271946632571786,-0.004716889522092301,-0.005162337836922179
2021-08-31,0.0013275312669082456,-0.007080943944519652,-0.0015801083653338081,-0.002110081989757937
2021-09-01,-0.0004956678681633157,0.011717002002808367,-0.0007909281608823311,0.0016399897857088295
2021-09-02,0.002026922073581394,0.019932812480866636,-0.0007913619524059607,0.011546173260839607
2021-09-03,-0.0008549562772710442,0.007541658599606097,-0.0035641073252146924,0.021024354013980704
2021-09-04,2.405736033982587e-10,0.012788278009806772,2.7806020670463166e-08,0.009023808123726103
2021-09-05,2.405736033982587e-10,-0.003442983129484921,2.7806020670463166e-08,-0.0038115737866724437
2021-09-06,2.405736033982587e-10,0.01467317292586159,2.7806020670463166e-08,0.0057317743217617624
2021-09-07,0.0006366614575838061,0.00239335855303501,,0.018195093081123173
2021-09-08,-0.007369144705891502,-0.046932051026577666,,-0.018616099385105153
2021-09-09,0.0020660029070126112,-0.0006387334000339534,,0.010505630818125227
2021-09-10,-0.0003098559256978198,-0.00026697062003592375,,0.011359926209699875
2021-09-11,4.015029269667487e-09,-0.0008312772613451479,,0.022732812898218432
2021-09-12,4.015029269667487e-09,8.438873967357927e-05,,-0.0016731490240686278
2021-09-13,-0.002689935176472508,0.0006466286412572563,,0.022528317472032242
2021-09-14,-0.0008516524880699985,-0.000956269099434622,-0.003943824438967985,-0.016543196219289083
2021-09-15,-0.00940600569959095,0.00033131173353685185,0.0011878879589054263,-0.017604336652530334
2021-09-16,0.005584948810179054,0.005962276343478711,,-0.0019491045245028833
2021-09-17,-0.0027187733605452506,-0.005614763202331759,,0.005310376739814856
2021-09-18,7.986018583584704e-07,-0.008751762922268985,,-0.01710898607836898
2021-09-19,7.986018583584704e-07,0.0070085235671276305,,0.04130267461934717
2021-09-20,-0.009648264685395484,-0.008404698769857362,0.003145219275657585,-0.005426702986686781
2021-09-21,0.002850886388954923,-0.029796476345853525,-0.0011755504879133404,-0.04924147854739426
2021-09-22,-8.983734049116604e-05,-0.0011672757032985678,0.0003924709809277277,-0.021496430870698857
2021-09-23,0.003797170016807223,0.0018669509723345315,-0.001653420836142565,0.05993087137207587
2021-09-24,0.0019698299291999923,8.617539292441173e-06,-0.003166820265200184,0.012722556109821977
2021-09-25,6.447703485311681e-07,-0.001082623163591138,2.8614253510137837e-08,-0.014476421815375859
2021-09-26,6.447703485311681e-07,-6.055789656136753e-05,2.8614253510137837e-08,-0.015682919048571508
2021-09-27,0.001044136313946432,-0.00026103412456951594,0.0010420233817347543,0.0011400935049106786
2021-09-28,-0.004972334235600983,-0.0004279030370239537,0.0010800754755123027,-0.011771364605490338
2021-09-29,-0.007532402492208031,-0.00026997587317714294,0.002508245362131636,-0.02129519094285056
2021-09-30,0.004734041559175864,0.00026070338040455555,0.002167471246039449,0.008751546685084488
2021-10-01,-0.009815449685021552,0.0007303634059526199,-0.0029162681435396494,0.008821263544671828
2021-10-02,6.78670791411662e-08,0.002330082009891413,2.929766254373802e-07,0.013402727929594788
2021-10-03,6.78670791411662e-08,0.0022082810736788945,2.929766254373802e-07,0.0034715288179548455
2021-10-04,0.004833851821120755,0.004683461634709766,-0.001566285966094681,0.004053096797814476
2021-10-05,-0.004237224536143824,-0.002903372716379344,0.002310543662654304,-0.008784451522388914
2021-10-06,-0.0017859976607597998,0.011596104419449034,0.0030816650832210576,-0.00452608792670835
2021-10-07,0.018495564335380726,0.0012973104545003188,-0.0015504272573048817,-0.01121554695576973
2021-10-08,0.0027744968492660047,0.001384768946432545,-0.0015535006620525052,0.011097703485864386
2021-10-09,1.523984934389506e-08,-0.004185389239201622,1.9893908746016612e-08,-0.009568711437606707
2021-10-10,1.523984934389506e-08,0.011065510824623046,1.9893908746016612e-08,5.724491184282892e-05
2021-10-11,-0.003659766745766788,-0.018041834544712046,0.0011667412349719124,-0.01360419627237714
2021-10-12,-0.00436192264748832,0.005057307998127817,0.002718381816794034,0.007730718553165248
2021-10-13,-0.003260034406034301,-0.005658138707696034,-0.0019366198064485062,0.009499323363128084
2021-10-14,0.008807539812845438,0.03276879637274294,-0.0038821084822420644,0.0017669880951747784
2021-10-15,0.011185783488325472,0.009330630978962496,0.0007791895588882391,-0.0021928246276330925
2021-10-16,1.1673327438082785e-08,0.02370009556508597,2.00316408767583e-08,0.012260889059059265
2021-10-17,1.1673327438082785e-08,-0.008422608816041302,2.00316408767583e-08,-0.004545884821658934
2021-10-18,-0.0010102087196117871,-0.003265505698150672,1.4143247468702319e-08,0.0005709422330103477
2021-10-19,0.008413604581649647,-0.0024047217225484554,-0.0035030673451378175,0.0021963517224779334
2021-10-20,0.006906560862112942,0.008140143666174335,0.00039057753306318265,0.005123002093106896
2021-10-21,0.0031749253811113915,0.039240829876629656,-0.0011709714624940583,0.01537566923538333
2021-10-22,0.001868841368068051,-0.017309559501119908,0.00078165842132804,-0.014373932793156378
2021-10-23,4.934324706195856e-22,0.0016858598061079539,2.0770601759553105e-08,-0.0031722705292219666
2021-10-24,4.934324706195856e-22,0.011097985750066628,2.0770601759553105e-08,0.0032181122920036053
2021-10-25,0.0040346705153277655,-0.006188158224849622,0.0015617921401752555,-0.008781476836413527
2021-10-26,0.0041037381587388354,0.016479139315140206,,0.017885335339551202
2021-10-27,0.0005936623053550932,-0.006621676542375061,-5.408855156995096e-08,-0.007069575154179155
2021-10-28,-0.004354846717463965,-0.0413879657325745,-0.0011702298731300976,-0.025655470596232757
2021-10-29,0.0018250157119672154,0.035598857856394966,-0.005048095378882638,0.014447068746722217
2021-10-30,2.467162353097928e-22,0.010811072127782812,2.0631414098036107e-08,0.015275946744309338
2021-10-31,2.467162353097928e-22,-0.008381132685888176,2.0631414098036107e-08,-0.00826118825752898
2021-11-01,0.00783463118888074,0.0032723953528109775,0.005038355914528444,0.0034344030707424544
2021-11-02,0.00045969519985888805,0.007398564677668036,-0.0007022263415586428,0.028619309549272654
2021-11-03,0.002518502156783509,0.01158273401354212,0.0009851806908884866,0.01575128644340206
2021-11-04,0.008231379393573962,0.012080191638941886,0.0005353554562941098,0.018943385700761473
2021-11-05,0.006110175830184631,-0.00496676718138565,0.0017378808339864494,0.0008424140616064824
2021-11-06,4.934324706195856e-22,-0.0018166964520163998,2.937142637596908e-07,0.0003959414686367342
2021-11-07,4.934324706195856e-22,0.0061275221271495095,2.937142637596908e-07,0.026424180728466876
2021-11-08,0.0025764291461112775,0.008996059454578657,-0.0024871636550321406,0.013954153495159808
2021-11-09,0.0006078459753213543,0.019694725124410555,0.0014586654714850778,0.005954087569571687
2021-11-10,-0.006036601820018824,0.00229968972304241,0.0014807541541807683,-0.011407409337175378
2021-11-11,0.0006213181164902046,-0.01360850521717216,0.002179489678264591,-0.010206918258138973
2021-11-12,-0.0010051552013167755,0.004356868716021941,0.00021856935841916775,0.005210449222492453
2021-11-13,2.2245174226533148e-09,-0.007030369088430966,2.0456777996534505e-08,-0.008952365110707353
2021-11-14,2.2245174226533148e-09,0.008436039858808241,2.0456777996534505e-08,0.02227465106027071
2021-11-15,0.005047156990178306,0.0029314024426899676,5.7422296157326913e-05,0.0066237133425952645
2021-11-16,-0.0017809078132494615,-0.009687884911700839,0.004403968535482508,-0.010408531899019738
2021-11-17,0.002476030145058119,-0.027641103856892283,0.0015149707780566944,-0.016148657852198465
2021-11-18,-0.0019081097240409935,-0.0005663553498430092,-0.0018071706191944415,0.007984663546039304
2021-11-19,0.0014295076090150014,-0.001569845306675752,0.000300391173469613,-0.026697606692082827
2021-11-20,2.5756214812652447e-10,0.0013726092229265293,1.8103390752486814e-08,0.02878357540305059
2021-11-21,2.5756214812652447e-10,2.2610919042641925e-05,1.8103390752486814e-08,0.01955634983434854
2021-11-22,-0.0022608406751195393,-0.0008468069316764717,-0.0029173678602798007,-0.0036715886337984117
2021-11-23,-0.0029951275535086484,-0.0007325657024879927,-0.0038389818551299703,-0.0047776831826391265
2021-11-24,0.0003816666689681727,0.0008981075317216568,0.00325238807053786,0.0008913326489373874
2021-11-25,1.25801237595191e-09,-0.0011950778830763676,1.915872005525657e-08,-0.008816772898269506
2021-11-26,-0.007946055339728109,0.0005372092279578587,-0.006425422233750385,0.01666774355356593
2021-11-27,2.3488344505428768e-09,-0.002576007849622837,2.007241922214581e-08,-0.03231205087330319
2021-11-28,2.3488344505428768e-09,0.00048190906568947066,2.007241922214581e-08,0.01230775946717744
2021-11-29,0.004126263179773877,0.00033396480001550243,0.0007611273862427506,-0.0006743965618063786
2021-11-30,-0.005186943962040875,0.0011381097437665434,-0.0006725676198969615,0.017608538681935567
2021-12-01,-0.00313759815685158,-4.297195926479061e-05,0.0011382157030970395,0.0016736530589521134
2021-12-02,-0.016456650087138956,-0.0009196070769384833,0.004188120110426452,-0.0003322677272582312
2021-12-03,0.017520267931380496,3.390847879051874e-05,0.00041728759328329794,-0.018510639590585187
2021-12-04,6.670765120813114e-09,-0.001848002349416513,2.0194077130399237e-08,-0.010579300492604762
2021-12-05,6.670765120813114e-09,-0.004399502631236068,2.0194077130399237e-08,-0.04210508460311878
2021-12-06,-0.0003962125924845472,-0.0016684197067191832,0.004326798729883929,-0.02077240268999227
2021-12-07,0.008390428328725635,0.0016035401025707957,-0.0013156499554040596,0.0210735659700536
2021-12-08,0.0037598190410459966,-0.00033434343665281554,-0.005196150114932109,-0.009900541192891814
2021-12-09,-0.0030015090242464996,0.004142213643970609,-0.0024740039390185207,0.011287013803353117
2021-12-10,0.005595973024786772,-0.015553002754378308,0.0013800817055823118,-0.022880278588709127
2021-12-11,2.2222222908148708e-07,-0.008559489459943427,1.962062202933412e-08,-0.015685144774908507
2021-12-12,2.2222222908148708e-07,0.008755445985176587,1.962062202933412e-08,0.008396775121743952
2021-12-13,0.001856244561938172,0.0012447358315047328,-0.0015223332532664615,0.0026501032363408328
2021-12-14,-0.00802536038495974,-0.021056226581458785,-0.001617619456095004,-0.022935640966458695
2021-12-15,0.0013949136976238563,0.06219984894534554,0.0006096868560808011,0.004552978771626039
2021-12-16,0.017970808211581177,-0.015220493775696621,-0.0011898316177386104,0.008736724933925629
2021-12-17,-0.011039608018656218,-0.007967197109681554,0.0033859659997391395,-0.005630583724381226
2021-12-18,2.7170070731790626e-09,-0.005047877729246381,2.048800612967437e-08,-0.002997972007756611
2021-12-19,2.7170070731790626e-09,0.004339376494565638,2.048800612967437e-08,0.007754264742997917
2021-12-20,-0.01860997680447255,-0.003053385548789494,0.0008443421070575896,-0.00688226771091692
2021-12-21,0.008956522126788125,-0.0026528052604902702,-0.003121855584615125,0.0010536369524276736
2021-12-22,0.004851110270893406,0.004196319193618873,0.0007100755317917354,0.00956111346636845
2021-12-23,0.01201747008504501,0.0024450750475495595,0.0017402606227711489,-0.0039026415186107924
2021-12-24,7.658203122277532e-09,0.013212370346025733,2.084176287270136e-08,0.011257199192832747
2021-12-25,7.658203122277532e-09,-0.024310908438647295,2.084176287270136e-08,-0.005354355969725158
2021-12-26,7.658203122277532e-09,0.011438152457181694,2.084176287270136e-08,0.000804449961720866
2021-12-27,0.004586416194134549,-0.0019833442251935844,-0.0015874470679636081,-0.000341608411193419
2021-12-28,0.011152283176118596,0.0018073600954587041,0.00016380201919761588,-0.0007343273800436737
2021-12-29,0.00020765744572872024,-0.04270904792036331,-0.004457537338205632,-0.019143427585745384
2021-12-30,0.002293756200192439,-0.003344925527081474,-0.00015270727607537464,-0.010537975982387753
2021-12-31,-0.003952873908007126,0.00025892116261802295,0.0027463673544852905,0.0034354979282230688
2022-01-01,2.9077269535005413e-22,-9.492134437520712e-05,2.538710249654318e-08,0.0028051532930607422
2022-01-02,2.9077269535005413e-22,0.0003982158172440208,2.538710249654318e-08,0.02577649818586063
2022-01-03,0.0016118158471249478,0.00021099232500846983,-0.0034305084362234793,-0.0054592721126534675
2022-01-04,0.00570874029158836,-0.0006883905563939011,0.0017453364916827847,0.008902900601908103
2022-01-05,-0.0003045902563353579,-0.000324510047326431,-0.003568313742249872,0.004915349960627591
2022-01-06,-0.011175840900173315,-0.0018615687790514786,0.0019061978176509976,-0.023840989178794837
2022-01-07,-0.00311917031184606,0.00019793103637118112,-0.0011411333884297293,0.0022902868648330198
2022-01-08,1.3296749772146114e-10,-0.0011475277333742927,2.5941200578820052e-08,-0.01956305473524041
2022-01-09,1.3296749772146114e-10,-0.0010700243045312801,2.5941200578820052e-08,-0.015610029540034712
2022-01-10,-0.0067665180383004704,-0.00011246235817280902,0.0011425716375094517,0.009190612564557294
2022-01-11,0.002755654779483403,-0.002070683502184968,-0.0022822169291236427,0.013820467424281346
2022-01-12,0.007762954380045986,-0.03503769506113509,-0.006863904396085561,-0.0038638003452836425
2022-01-13,0.0031060175568121623,-0.03957998555371803,-0.006142667119921897,0.006231242943990505
2022-01-14,-0.016862543116938505,0.020020578949648225,,-0.018541687938390772
2022-01-15,4.7438575340224715e-09,-0.017144633305195046,,0.015361129982945906
2022-01-16,4.7438575340224715e-09,-0.0033139896754017482,,-0.005569987746595889
2022-01-17,4.7438575340224715e-09,-0.0014942543821403992,,0.011690854131902106
2022-01-18,-0.0047316230456629655,0.010822856677599624,,-0.02121311456255885
2022-01-19,-0.002228897537757601,0.011325222037703614,,-0.006920900557926327
2022-01-20,-0.006837399251258748,0.01916590981039574,,-0.011827816712897456
2022-01-21,-0.013836393775762228,0.02260630408568722,,-0.004615517673907427
2022-01-22,1.3694839206408697e-08,0.0640493136565806,,-0.033528040329568964
2022-01-23,1.3694839206408697e-08,0.033370036502848026,,-0.0225937818272252
2022-01-24,-0.015548445396204504,-0.0176635760901997,0.005356633816445678,0.021101490759724784
2022-01-25,0.0013127470361581756,0.010400035893840545,,-0.006338823849726038
2022-01-26,0.00990522509968555,-0.004966235376726845,,0.0005128707287681881
2022-01-27,-0.000613870276748276,0.0022627984518255356,,-0.004830208864634842
2022-01-28,-0.011266753094276815,0.0013707702075122122,,-0.007100786313007367
2022-01-29,7.703407561308857e-07,-0.005485047420159942,,0.0028594853061923243
2022-01-30,7.703407561308857e-07,-0.005937787230174756,,0.0019480970648844086
2022-01-31,0.00989947265104435,0.004685863644968623,-0.0026327094783433636,-0.005312640793952948
2022-02-01,0.012922640946631377,-0.005920224718585783,-0.006410717501010034,0.0025401700334375206
2022-02-02,0.009082005482058194,-0.008836094177122273,-0.003794660036376003,0.004768987253542961
2022-02-03,-0.0004288931705094896,0.015356506934358631,-0.003426334537236033,-0.011651104034053464
2022-02-04,-0.009795287474217066,-0.004290914606940811,,0.004044344893627517
2022-02-05,1.90483622110838e-08,-0.028113271025637925,,0.02008308329554384
2022-02-06,1.90483622110838e-08,,,-0.00028297743588228877
2022-02-07,0.004437276287998029,,,0.005018143666109881
2022-02-08,-0.00276187246007225,,,0.00803248844769569
2022-02-09,0.009815177261943912,,,-0.00075403844665035
2022-02-10,-0.0020897255129349694,,,0.006223510745912908
2022-02-11,-0.006871137893576873,,,-0.0076832035557510775
2022-02-12,2.0831108941963838e-08,,,-0.011555558684628243
2022-02-13,2.0831108941963838e-08,,,0.005756376574315432
2022-02-14,-0.02012827996890212,,,-0.006298933338799752
2022-02-15,0.005628317689497054,,,0.006146430824180928
2022-02-16,0.004058094531182572,,,0.027408337575685837
2022-02-17,-0.0034644270691190954,,,-0.0007617523367665829
2022-02-18,-0.012085103083704305,,,-0.02315390078090342
2022-02-19,4.7250202700006953e-07,0.008313901671514487,,-0.00463560026044078
2022-02-20,4.7250202700006953e-07,-0.004315465793250704,,0.008043670168949938
2022-02-21,4.7250202700006953e-07,0.022090430290040267,,-0.018871799388464245
2022-02-22,-0.009216742199066562,0.029076217361757153,,-0.025102744851230437
2022-02-23,0.0016370332884862342,-0.015698260437074705,-0.0015406284949865785,0.010930780050813467
2022-02-24,-0.04215820721241993,0.0107090261876923,0.028657516648369113,-0.0055833793410941975
2022-02-25,0.039753685618187894,-0.001835187167704551,-0.006996610203845654,0.00473038964910069
2022-02-26,3.069803536123058e-07,-0.021321878507199674,6.695311557877023e-07,0.019956162006652237
2022-02-27,3.069803536123058e-07,-0.0007207901446566534,6.695311557877023e-07,-0.001743849597253826
2022-02-28,0.0022241219859932496,0.02218142543617193,0.0024087038836364096,-0.014876779679656386
2022-03-01,0.0033627786607095416,-0.05473326773824587,0.0012543739714274756,0.025502606889039096
2022-03-02,-0.004190952845111121,,0.003686448288065413,0.00383775099647569
2022-03-03,0.007187843870767809,,-4.773634643268936e-05,-0.0074142833193824205
2022-03-04,-0.010990328073199052,,0.010109555240649538,-0.009984091498642995
2022-03-05,6.947607428623235e-07,,2.185886164642737e-07,-0.010583332290942686
2022-03-06,6.947607428623235e-07,-0.0051392703496478155,2.185886164642737e-07,0.001917316706954809
2022-03-07,-0.002086776337139999,0.008383434744186303,0.00314254457810744,-0.02132516206885061
2022-03-08,-0.013459656406481797,0.005261560929433914,0.008049659652438316,0.001291992482272282
2022-03-09,0.016115840653157736,-0.004118342267726645,-0.010222246105458695,-0.0036360128683660072
2022-03-10,-0.0018910099006158143,-0.0149909224701253,0.002908414932322755,0.018693607167239258
2022-03-11,0.00570653384320854,,-0.002775262787731742,-0.016024859002458494
2022-03-12,5.53364978979711e-07,-0.0003827517389148306,2.2268167300784425e-08,-0.011722755540955709
2022-03-13,5.53364978979711e-07,-0.0007769187890362792,2.2268167300784425e-08,0.011768728937657028
2022-03-14,-0.013898218311989095,0.008670433825098009,0.0006980140510730047,-0.0008921823256104869
2022-03-15,-0.005139364553200955,-0.009195915652846954,-0.00786838586592905,-0.0007239637381959784
2022-03-16,0.01779808967034078,-0.0009592518970060536,-0.0007593679319334399,0.013763149659147628
2022-03-17,0.006531776520302117,-0.016206819102881985,0.00039351055511976067,0.003570755033968687
2022-03-18,0.010213505748255405,,0.0005024445008252373,-0.0024585149136336073
2022-03-19,4.4836479950109783e-07,,2.4452259269176674e-08,0.03869680327144014
2022-03-20,4.4836479950109783e-07,,2.4452259269176674e-08,-0.0009580050107198566
2022-03-21,0.015011200341939816,,-0.0033288969560184003,5.810995633245969e-05
2022-03-22,0.0025845775292630234,,0.0017563580381504769,-0.001668841475534847
2022-03-23,0.0049671376389633344,,0.003470619722337883,0.0014524853218840644
2022-03-24,0.0004160329074571036,,0.0036786096937285835,-0.004475265141785224
2022-03-25,0.012117047086515793,,-0.0018822988952136813,-0.004872200956325683
2022-03-26,2.3224829765850464e-07,,2.366848966789911e-08,-0.0012594101244125559
2022-03-27,2.3224829765850464e-07,,2.366848966789911e-08,0.0028352764917680875
2022-03-28,0.0002949846956755841,,0.0024397065727032007,0.0014935287429330092
2022-03-29,0.01409307126639641,,-0.013349070694493873,0.03824748505926761
2022-03-30,0.0015964034912371687,,0.0018473242155945863,0.026195653492387637
2022-03-31,-0.011594877136313603,,0.002228430132845472,0.004975075330181419
2022-04-01,-0.014073389166376918,,0.00021820667891695494,0.00015822831292013333
2022-04-02,3.126071783091008e-07,,9.01486893719118e-06,-0.006012482200803184
2022-04-03,3.126071783091008e-07,,9.01486893719118e-06,-0.017756248525436863
2022-04-04,-0.004720130332842025,,0.0015916660487760865,-0.007805991693319402
2022-04-05,0.007993380745483418,,0.0009882739980811089,-0.02907412720333027
2022-04-06,-0.008853220882960236,,0.0010760715153715617,-0.024607862102198688
2022-04-07,0.004057839099809797,,0.0010253805786792412,-0.01060956769405904
2022-04-08,-0.00032644365104126863,-0.013298512309706897,0.00450088330483334,0.015886557480222527
2022-04-09,1.0231110464500895e-05,0.017033622419719424,2.2619102409227587e-06,-0.0241798340927836
2022-04-10,1.0231110464500895e-05,-0.0071389668122391475,2.2619102409227587e-06,0.004857430783379935
2022-04-11,-0.007894053587151813,0.00947377090030705,0.002865752845962471,-0.00527153276702893
2022-04-12,0.0008936957415956312,0.04289948220908891,0.000962050946569358,-0.02060618971870023
2022-04-13,-0.010064170321103969,-0.016440923065255988,0.004712559810246004,0.0031210392761834922
2022-04-14,0.01055061104855143,-0.010722811088108412,-0.0019243255190457308,0.005051618945012923
2022-04-15,4.625247298868881e-06,0.010297283483946899,2.96515113834393e-07,-0.0038065561442843497
2022-04-16,4.625247298868881e-06,-0.009874473806138291,2.96515113834393e-07,-0.0015815847524400038
2022-04-17,4.625247298868881e-06,-0.001586937979532644,2.96515113834393e-07,-0.003058404778164971
2022-04-18,-0.015615029187113497,0.012715450092991127,0.004582860743855657,-0.004517942821962868
2022-04-19,0.007594370959407169,-0.010974616216075993,-0.0011087513844356344,-0.0011417656933978481
2022-04-20,0.008738705627230855,-0.009480700308912913,-0.006363259440447594,0.006470864924738082
2022-04-21,-0.0052567263261227805,0.005847409298876893,-0.0015979551110027722,0.013723421962211912
2022-04-22,-0.03121140711271977,0.01395306811765396,0.003924800631737828,-0.01370413132814665
2022-04-23,1.5709609075782394e-06,0.00352651910285152,2.970129772334702e-07,-0.002827316323098984
2022-04-24,1.5709609075782394e-06,0.0036980756678972894,2.970129772334702e-07,-0.0018934353949444634
2022-04-25,-0.028377202406588954,0.003428349824124202,-0.00024879805140254265,-0.0038891647574978375
2022-04-26,0.0018752764886879505,-0.0051671396925243975,0.0030496757480237596,0.016382641122026947
2022-04-27,-0.027608911868060058,0.026551883434255727,0.01069707922502709,-0.01780387505152875
2022-04-28,0.015267321829516312,-0.008902006549321462,0.006083850450054519,0.00406834591181033
2022-04-29,0.008297711063831762,-0.002645586637912692,-0.004273119997850112,0.0024881911574297835
2022-04-30,2.701641348318793e-06,0.01592319277984036,2.5246060379624606e-07,-0.0041858736398288545
2022-05-01,2.701641348318793e-06,0.022467489472242388,2.5246060379624606e-07,-0.009730122114117785
2022-05-02,-0.02394171204243978,-0.014351561442267919,0.0028631220537791036,0.022262421962692763
2022-05-03,0.017027276493649067,-0.00036197567254893695,-0.0022606645352913155,-0.0050814916086844965
2022-05-04,0.012547430970722159,0.006240365324544722,0.0005581726434627048,0.0053372682603471016
2022-05-05,0.01366661291729658,-0.03302473563508047,1.2128630906406833e-07,0.02989526248742704
2022-05-06,-0.022970263159837332,0.03718918776200468,0.0010732474616033012,-0.024373719974499455
2022-05-07,5.618913436711854e-06,0.0037848203470985027,2.499691228972166e-07,0.018636260272033047
2022-05-08,5.618913436711854e-06,0.009914986713191392,2.499691228972166e-07,-0.008483334457826156
2022-05-09,-0.0128340616675299,0.010792339531868037,0.003930662462123074,0.003226657111168336
2022-05-10,-0.00594133681398228,0.05552472693464116,-0.0014234454008215007,-0.04059094931601436
2022-05-11,-0.008350491683225594,-0.020224580428213824,0.00035650962779249683,0.016160574752906266
2022-05-12,-0.01931903237513474,0.05135525186482631,0.007484972692094627,-0.020302326498265785
2022-05-13,0.020030226794619074,0.013286399178679449,0.005306283595911308,-0.012969653727966409
2022-05-14,6.72949248988724e-06,-0.022879769809555677,2.416358281666503e-07,0.021275650201382536
2022-05-15,6.72949248988724e-06,-0.008857593830992959,2.416358281666503e-07,0.002206022029538951
2022-05-16,0.011512123475969242,-0.018167470759186573,-0.004929738381952386,0.007922029782523366
2022-05-17,0.010379133696157634,0.019160320554828074,-0.009206990005073561,-0.011387167692163557
2022-05-18,-0.0010630220316281574,-0.011590238802578848,0.000714687398657837,0.007410317114869959
2022-05-19,-0.027630502344463636,0.027352170438716315,-0.004636231103602474,-0.01262991311037343
2022-05-20,0.008593575574863784,-0.01592596298257658,-0.0010747409849245792,0.012451734258537753
2022-05-21,6.114499363969697e-06,0.010617712632745462,2.4300792009149023e-07,-0.006590274409968355
2022-05-22,6.114499363969697e-06,-0.0058402551906036465,2.4300792009149023e-07,0.00796887313162125
2022-05-23,-0.007709751776115912,-0.008611398319128863,-0.006453671859055466,0.008970203818424859
2022-05-24,0.000282191157269361,0.011303611731470225,-0.0032476261988727655,-0.0037126517486335193
2022-05-25,-0.004463132572309708,-0.004938691529377923,0.0025327589494008383,0.011006423172301952
2022-05-26,0.01364506839182027,0.006151956201943997,-0.002524989421336127,0.004971656598216679
2022-05-27,0.028838935710169773,0.01880161457640966,-0.0028939401011419184,-0.011605264069505567
2022-05-28,5.710253527373697e-06,0.006670702090751603,2.702762617081905e-07,-0.002594546382414854
2022-05-29,5.710253527373697e-06,-0.010142994031871095,2.702762617081905e-07,0.0028734468151238534
2022-05-30,5.710253527373697e-06,-0.005145671782621732,2.702762617081905e-07,-0.0015397457719785442
2022-05-31,0.014858528756679486,-0.02406418574534049,0.0021765106180743734,0.010030705489669233
2022-06-01,0.0005720620986335927,,2.8075927882319957e-07,0.001368641614190606
2022-06-02,-0.011791886411908745,,0.0018097459180315117,-0.008694403776571638
2022-06-03,0.0073185087979559405,-0.007845875332138557,-0.0014446679398420982,0.004271723801665834
2022-06-04,5.487161604300256e-06,0.011042055406284066,2.771314735960942e-07,-0.00863327259122546
2022-06-05,5.487161604300256e-06,-0.005999218742998184,2.771314735960942e-07,-0.02763685782366408
2022-06-06,0.006456934198658542,0.0005053652556479543,0.0014476533889663803,-0.02355167270507113
2022-06-07,-0.015854963671643033,-0.009832493404037194,0.006141565301749991,0.006030038233133613
2022-06-08,0.01160812882703306,,-0.003590496995561788,-0.015109479165380675
2022-06-09,-0.006843423775661532,,0.0025245329145714705,-0.0032275033237105736
2022-06-10,-0.03447361338038271,-0.00224529234346282,0.01258516764967182,0.004450083794783285
2022-06-11,2.5213286285354616e-06,0.017301051247112086,2.679345408110665e-07,-0.024507797202500813
2022-06-12,2.5213286285354616e-06,0.022400730459752365,2.679345408110665e-07,-0.01943067858471398
2022-06-13,-0.03911996440577914,0.023287508777690907,0.007813297889103293,-0.028553688057175796
2022-06-14,-0.005178670524588614,0.033227531553381824,0.0014112130028309552,-0.01580246553671449
2022-06-15,0.000411197243044529,-0.010370772428604524,0.0021157582359932724,0.013442794687366163
2022-06-16,-0.011992128918087779,-0.026545875199629733,-0.007742425705475838,0.019043624975946517
2022-06-17,-0.011237970885815666,0.035662927038336546,0.001064705025245924,-0.02922467945433461
2022-06-18,7.037916848341507e-06,-0.006682216863516068,2.1189328027838102e-07,0.005246251040001919
2022-06-19,7.037916848341507e-06,0.016441806839685897,2.1189328027838102e-07,-0.009998191908679184
2022-06-20,7.037916848341507e-06,-0.029733597744438296,2.1189328027838102e-07,0.017034899859842353
2022-06-21,0.013470430736429673,-0.00316675528548243,-0.0024788158866172476,0.006084073503340735
2022-06-22,-0.007123941639288003,-0.0045426750003112115,0.0003551708161135641,0.02868996034143832
2022-06-23,0.01026757964988126,0.012341076281991123,2.4821987526088414e-07,-0.017047238036800076
2022-06-24,0.0013550416477695426,-0.019215113046126164,-0.0010642172922653097,0.012999958310956215
2022-06-25,4.94009439971735e-06,-0.015914991739221437,2.3061135285613234e-07,0.008757106566830274
2022-06-26,4.94009439971735e-06,-0.0037761442353477603,2.3061135285613234e-07,-0.0001078394703229098
2022-06-27,0.023103619430571546,0.007497329074311994,-0.0028415002897529597,-0.012498699381134772
2022-06-28,0.0001437523599187973,0.0034628461474387963,0.004274532899601129,-0.004323831105592324
2022-06-29,-0.020259120649829286,0.014068309802900768,0.0035457207187483534,-0.01211113482376428
2022-06-30,-0.014985163112483477,0.0033010831807162174,0.0038881314851582894,-0.005420642327787343
2022-07-01,-0.0024799911177738766,0.0032914020656459667,0.002466048862685834,0.0004050931689398116
2022-07-02,2.0873557538607433e-05,0.008769664127274257,7.214974502036713e-07,-0.008165776610635627
2022-07-03,2.0873557538607433e-05,-0.0019243568173974413,7.214974502036713e-07,-0.0003177149569679098
2022-07-04,2.0873557538607433e-05,-0.002045749301197482,7.214974502036713e-07,0.0010214919697683032
2022-07-05,-0.012453578320417701,-0.013779675933189012,0.010896435796858209,0.013661266226172706
2022-07-06,0.014805796446053086,0.006096961052651185,0.003825724471595333,-0.009132587186565847
2022-07-07,0.012175754640597522,-0.007449246065532375,0.0006940040690150844,0.006562118541568238
2022-07-08,0.008330592860751888,-0.011587146906704242,0.000693945124496594,0.00817606714316967
2022-07-09,9.685374923904461e-06,0.005523207749027967,5.759459223735571e-07,-0.002645825323561266
2022-07-10,9.685374923904461e-06,-0.004940996830454265,5.759459223735571e-07,0.0004761192172730019
2022-07-11,-0.00365638660615313,0.01346920031396127,0.009009742559134677,-0.007550261036678485
2022-07-12,-0.011514429411417806,0.022702231622646264,0.001030736454377845,-0.01954918666647088
2022-07-13,-0.01809202877759344,0.011737583419934979,0.0020607822432281036,-0.007379801974363976
2022-07-14,0.00283340144616461,-0.019118568822277273,0.0065120257139547975,0.01517563489499204
2022-07-15,0.02038575528669127,-0.01217313091232107,-0.0071514284781991734,0.01228653543846232
2022-07-16,9.312688389978665e-06,-0.0023922258232344008,4.824518140691119e-07,0.00010555787433844827
2022-07-17,9.312688389978665e-06,-0.020935129201347834,4.824518140691119e-07,0.01036903730681241
2022-07-18,0.024575200914093726,0.00787510898718404,-0.00858168630738015,-0.004962446203794262
2022-07-19,-0.003022786696839603,-0.03655896912922604,-0.0069198077915884415,0.02019713613133195
2022-07-20,0.019431622359008596,,0.00034841738320891475,0.005790613578677219
2022-07-21,0.011154920458566482,,0.005216109836562869,-0.00852600563125287
2022-07-22,0.01574984936859609,,-0.004150177603410063,0.013690938250107646
2022-07-23,5.748042552019871e-06,,5.920764952702224e-07,-0.005713046764229554
2022-07-24,5.748042552019871e-06,,5.920764952702224e-07,-0.0012623055471209746
2022-07-25,-0.01229549887391174,,-0.004517976013790598,0.00143670824345361
2022-07-26,-0.00022185427693229468,,0.006631407369314834,-0.022496023651993675
2022-07-27,-0.0005891777756136744,-0.0001096680919957337,0.0006934576878262489,0.005808254761641016
2022-07-28,0.021075116815592636,-0.028926991366065594,-0.005543769310737966,0.037604439730945904
2022-07-29,0.007259632127763666,,0.0006974082271219484,0.021145158253207345
2022-07-30,6.243461537038968e-06,,5.653798830804396e-07,0.001688403037950785
2022-07-31,6.243461537038968e-06,,5.653798830804396e-07,-0.005071792411371332
2022-08-01,0.011393656485186173,,-0.009396191713363101,-0.010067645771532659
2022-08-02,0.0005786865073360318,,0.002108805245789317,-0.007481695465196975
2022-08-03,0.0036903714897850845,,0.005604964791650519,0.005097390596047868
2022-08-04,0.010766926712628973,,0.0006974010745023988,-0.0025419235969880703
2022-08-05,-0.011242554906574949,,0.003832397012262205,-0.004305059452595753
2022-08-06,1.5034043549946932e-06,,6.107326471901152e-07,0.020313171455902307
2022-08-07,1.5034043549946932e-06,,6.107326471901152e-07,-0.004353654349645806
2022-08-08,0.00605923141932535,,-0.003816892586656828,0.00041583504423686713
2022-08-09,-0.007861316708563416,,-0.0024392927902738785,0.0060887992599993526
2022-08-10,0.012030381353978267,,-0.008381327283715706,-0.009478514514501747
2022-08-11,0.015931021994284346,,-0.0031684777484192773,0.017517794768753935
2022-08-12,0.0015939774726832533,,0.007058978110588353,0.011122021012453409
2022-08-13,1.46779025954252e-06,,6.806587428768842e-07,0.008222003223591814
2022-08-14,1.46779025954252e-06,,6.806587428768842e-07,-0.0021151903092563405
2022-08-15,0.00886844799058419,,0.0038541493920055303,-0.010029362114902459
2022-08-16,0.006677071268823727,,0.006984983214861602,-0.0005499115808185151
2022-08-17,-0.011553906342841671,,5.293465557161457e-07,-0.007960550186539192
2022-08-18,-0.00014293871718292525,,0.0013891805764543444,-0.00401579760330732
2022-08-19,-0.002226335852347929,,0.011441821480428757,-0.007872695942685951
2022-08-20,1.3931651434519913e-06,0.04324149123342129,5.788952266613864e-07,-0.03225918599808072
2022-08-21,1.3931651434519913e-06,-0.000899529053425723,5.788952266613864e-07,0.004559173563611477
2022-08-22,-0.02353065621845842,-0.009203131363095654,0.003428521017217362,-1.6058914056876543e-05
2022-08-23,-0.011605859437882662,0.0012207652857270093,0.005130910113219461,-0.002900124637533763
2022-08-24,0.0025534870476195725,-0.004164875040254739,0.0003408027242172765,-0.0016897312804483148
2022-08-25,0.008744352134779422,0.004317746468789686,-0.0037451457746375894,-0.0034170285450460863
2022-08-26,0.016121033877285744,-0.0037853460218188187,-0.006835537977430672,-0.0007679257507237882
2022-08-27,1.5142402363662523e-06,0.03060918633758282,4.281313753959968e-07,-0.020556800869524824
2022-08-28,1.5142402363662523e-06,0.000641690117262577,4.281313753959968e-07,-0.00325525076795401
2022-08-29,-0.046094042491761585,0.01135846499653223,0.008944997779771032,-0.010486876659549378
2022-08-30,0.004435588988941517,-0.01958114188192974,-0.0017032580585872523,0.010892979868805315
2022-08-31,-0.006315477130067261,0.009104490283125193,0.004441326254392932,-0.004279524719400274
2022-09-01,-0.011555756600312949,-0.0010095223724150336,0.0030606647252024626,-0.00139294320067053
2022-09-02,0.012000805290346403,-0.007583314423556766,-0.0013562665550292043,0.010502865952157454
2022-09-03,2.9610939776153323e-05,-3.1562535010216055e-05,4.206439756181566e-07,0.0010388161415342842
2022-09-04,2.9610939776153323e-05,-0.0005725106995292673,4.206439756181566e-07,-0.0024433723298469983
2022-09-05,2.9610939776153323e-05,-0.006164094023860953,4.206439756181566e-07,0.001935159064089854
2022-09-06,-0.010785863041583464,-0.00041600529993434824,0.009512695221609748,0.002166613327692244
2022-09-07,-0.006171071180273136,0.022192601425443187,0.0037013942176277338,-0.019669354329096143
2022-09-08,0.0075593334178337915,-0.017321604006493765,-0.0057045345473369655,0.03229468803493944
2022-09-09,0.021766709359714066,-0.0037167730474211287,-0.00911579711350297,0.0032393275634675497
2022-09-10,1.6247839692644185e-05,-0.0186346006983575,3.1670419746088905e-07,0.01865415342072489
2022-09-11,1.6247839692644185e-05,,3.1670419746088905e-07,0.003127940066565472
2022-09-12,0.011084587349677828,,-0.005789083246592041,-0.00424754205109381
2022-09-13,-0.01548475704641429,,0.009581538428655459,-0.003228041830859377
2022-09-14,-0.014073267690397294,,0.0016939443027120097,-0.022238499732473476
2022-09-15,-0.0015073651537626971,-0.008784207422713537,0.0016923940295108888,0.012593693716605032
2022-09-16,-0.009263290119532584,0.014233742711847611,0.00304211367522681,-0.0025698090420546217
2022-09-17,2.0459804669339456e-05,-0.00458623906685849,3.8198719865957995e-07,0.0077455326054253005
2022-09-18,2.0459804669339456e-05,-0.012577846858554535,3.8198719865957995e-07,0.0028218102704235465
2022-09-19,-0.0029207063053937003,0.027780472019473788,4.744837257559203e-07,-0.02008516207132719
2022-09-20,0.007323616908946795,-0.008603358023806153,0.0010116470052108665,0.002997331476856302
2022-09-21,0.0025516983391038937,0.004914898271186551,0.00437839634170656,-0.01116051402431333
2022-09-22,-0.019902759416001475,0.009320122869148819,0.0036890634642051,-0.005423622589938605
2022-09-23,-0.02420039670887567,-0.027409874279411602,0.009359425430815277,0.013891756843372334
2022-09-24,5.459803349608137e-06,-0.007202676158982184,3.11368389139142e-07,0.0017217176813763481
2022-09-25,5.459803349608137e-06,0.004185022695475274,3.11368389139142e-07,-0.009250569464683245
2022-09-26,-0.013093549064437965,0.002983068027914135,0.01292026370004778,0.0036050306379882945
2022-09-27,0.003199986974457847,-0.0045238866448394,0.004910514577362423,-0.0056685041900238235
2022-09-28,-0.009391810922735099,0.004496293878827723,0.0035884384535182067,-0.008524019182434396
2022-09-29,0.005651686864835187,-0.0018727808907236943,-0.012684734650089643,-0.0031378158618835614
2022-09-30,-0.019321052053108467,-0.004414304188927636,-0.0013182480485127602,0.007528703483478371
2022-10-01,1.3802167997264514e-05,0.0030721126769984986,1.3857196401882672e-07,0.0005104811834325003
2022-10-02,1.3802167997264514e-05,0.0047265254405669385,1.3857196401882672e-07,-0.0025105996677137034
2022-10-03,0.0038757706459210486,0.007316392870673594,-0.00329528581209512,-0.012240498884022124
2022-10-04,0.03462396770020678,-0.009656869944402024,-0.011569935041103475,0.006777170267071603
2022-10-05,-0.0026337409055231897,-0.012893203467181613,0.0033436851873844126,0.008240886794123502
2022-10-06,0.009079468589242693,-0.0008257731467238168,0.00465922265819242,0.0045480444016493485
2022-10-07,-0.018388134043284713,-7.423553175762583e-05,0.005964989895516994,0.002339186169011933
2022-10-08,1.3715762953426163e-05,-0.0009615308061113185,4.951943113966568e-07,0.011862329324470362
2022-10-09,1.3715762953426163e-05,0.0030929616091015942,4.951943113966568e-07,-0.0019514210386450748
2022-10-10,-0.022683735180108022,-0.004463399924581956,0.005932376888810165,0.004464775734501493
2022-10-11,-0.018437823828771273,0.016640343736657143,-0.0003277365118265798,-0.01604717217723706
2022-10-12,-0.00793934320315077,0.006009183906654848,0.0016408122643708316,-9.461037138809564e-05
2022-10-13,-0.020864552525921797,0.00025477983456909803,0.0032763515563770636,-0.0003651124115772628
2022-10-14,0.056036336748079126,0.004280955914234724,-0.007511378642278873,-0.0027733761006835914
2022-10-15,2.2270034454606454e-05,0.005352194095173319,2.4616437719105423e-07,0.00040160590507663834
2022-10-16,2.2270034454606454e-05,0.0059352429151957676,2.4616437719105423e-07,-0.006852578772909476
2022-10-17,-0.011771579831619647,-0.012431493255562321,-0.0026333972873888232,0.0020329281088663402
2022-10-18,0.01965480392837014,-0.011504157570614707,-0.005606068171918878,0.0044139826463041555
2022-10-19,-0.00807736295904824,0.00043044586638012433,0.0076258628364991605,-0.002926277446331008
2022-10-20,0.003268962565396934,0.01603884415826375,1.2487413796732878e-07,-0.002921779558410805
2022-10-21,-0.00041278559019055315,0.007357390049350602,0.005265839329073735,0.0004831311844325516
2022-10-22,6.07169401134246e-05,-0.008217509512042916,3.1415576247879494e-07,-0.00015898066762239283
2022-10-23,6.07169401134246e-05,-0.0031531112281218986,3.1415576247879494e-07,0.0011058178985704464
2022-10-24,0.019035054882592883,-0.018458023262214924,-0.008511442355774205,0.007350169359576301
2022-10-25,0.004941793175818597,0.0006172144561301957,-0.008589825346059093,-0.004970040056638437
2022-10-26,0.003960181248992615,-0.04277345249255177,-0.008656322449941524,0.019870605582168535
2022-10-27,0.008670441262510098,-0.0016858453245365106,-0.0003352432909933299,0.01841403172508276
2022-10-28,-0.0059156809680359,0.0003328775896576209,0.0033535662573041525,-0.008477979628484907
2022-10-29,5.903307956523236e-05,-0.00036794136269310346,5.996251360461136e-07,0.006438688872334496
2022-10-30,5.903307956523236e-05,0.00028775345048044165,5.996251360461136e-07,0.051718800577486373
2022-10-31,0.008366926622390853,0.0006573460927983416,0.006684366708572448,-0.002297541226511463
2022-11-01,0.007602088666548376,-0.00016736438837264687,-0.004648655651895633,0.00886723509963343
2022-11-02,-0.006232265736561227,0.00014594082793162983,0.00267128045244821,0.005818969113632434
2022-11-03,-0.021184836503732256,0.0009857118004679786,0.01597588682743773,-0.013160007740547715
2022-11-04,0.018898383522806293,-0.00022671748770840134,-0.012123137777431176,0.00039550718062557875
2022-11-05,4.8273906083223516e-05,-0.0036615509430180855,4.924376500757767e-07,0.01674861848665193
2022-11-06,4.8273906083223516e-05,0.0010550377438164947,4.924376500757767e-07,-0.0007745948503292114
2022-11-07,0.0010479382010077942,0.001832473483621894,-0.010633403010888982,-0.010557394422036131
2022-11-08,0.008759431671805366,0.0006195810320239878,-0.0006707788052958288,-0.003774800857882556
2022-11-09,-0.006714191691542272,0.0050438271757792955,-0.0003350185828423894,-0.030260378750604642
2022-11-10,0.019429502604451032,0.11075542347593136,,-0.03681782185474673
2022-11-11,0.01906401165989085,-0.10518645022336755,-0.015305514719255843,0.03956438329272454
2022-11-12,2.6200220297895343e-05,0.007975741162743166,6.014986093539002e-07,-0.005837694207109394
2022-11-13,2.6200220297895343e-05,0.010181746815673727,6.014986093539002e-07,-0.006996668894825801
2022-11-14,0.014335394435961515,0.007815613025313688,,-0.0073000143706386305
2022-11-15,0.01330673545297378,-0.005385640856189821,,0.0025346937177110574
2022-11-16,-0.014521522445371894,-0.0034826511478465287,,0.002793194020032275
2022-11-17,-0.019507338961330927,0.005688225160474247,,-0.004423523996568696
2022-11-18,0.017328959075104625,0.00020466745890351036,,0.004034853605264347
2022-11-19,3.078717685813173e-05,-0.0007730497859149526,,0.0010705821478081475
2022-11-20,3.078717685813173e-05,0.0005585482654615921,,0.0008266291547577105
2022-11-21,-0.01288292321106818,0.012875737557893499,,-0.010751934623073375
2022-11-22,0.0025215499762573,0.006312355431260561,,-0.005905130075811721
2022-11-23,0.008693921048361957,-0.013697020386060703,,0.018805028260334485
2022-11-24,3.996035819486576e-05,-0.016678057134294304,,0.020363467875453768
2022-11-25,0.004758383686076789,-0.0010970258870755902,,-0.00032287601427514394
2022-11-26,3.875952092592294e-05,0.0008996186058903364,,0.0031991951124568383
2022-11-27,3.875952092592294e-05,-0.00249773866987567,,0.0064405559948163375
2022-11-28,-0.010439666817440785,-0.0001501394286311957,,-0.004415779321166977
2022-11-29,-0.003569028072693995,0.006354622574115521,,-0.0027474903661639434
2022-11-30,-0.0005921352433688754,-0.005138893858888811,,0.005637727828594088
2022-12-01,0.037975306626603464,-0.010473567382559109,,0.009844369394523595
2022-12-02,-0.018630842203018125,0.004999149408264976,,-0.004329622401158424
2022-12-03,1.0344724656946294e-05,-0.005090778071568068,,0.0011948005022531362
2022-12-04,1.0344724656946294e-05,0.007561525114737405,,-0.005748653500552432
2022-12-05,0.004284623071839211,-0.007682490645302812,,0.006770509935438273
2022-12-06,-0.011839802572779222,0.0033721903340651733,,0.0021661094689951993
2022-12-07,-0.019976564739633367,-0.00099149157441134,,-0.0020417120961594075
2022-12-08,0.0057611944824223545,0.011929303186367656,,-0.010625707233936531
2022-12-09,0.001885927307330695,-0.00855762408116182,,0.006185410874670151
2022-12-10,3.0607932620684507e-06,-0.00017982102096880323,,-0.00532300116394482
2022-12-11,3.0607932620684507e-06,-0.0006327426525417905,,-0.0002339936150143604
2022-12-12,-0.002178377269979295,0.005097352071680421,,0.0005706069600457318
2022-12-13,0.033332088538807134,-0.00040250546277123924,,-0.0009308889893494723
2022-12-14,-0.015820285515374177,-0.0008903524203384261,,0.00426588740105299
2022-12-15,-0.014971845987046303,0.0008868210316265209,,-0.008542630637094395
2022-12-16,-0.01566510773843761,0.0008414688162880285,,-0.016466755447791838
2022-12-17,2.389739932059802e-06,0.0028734223631489983,,-0.03509139739737002
2022-12-18,2.389739932059802e-06,-0.009643398493099135,,0.007588297315337903
2022-12-19,-0.0016655514254867005,0.00197446631984188,,-0.003451458026021087
2022-12-20,-0.0033426380108192376,0.023010602088106194,,-0.00336181295627989
2022-12-21,0.0034582638490692347,-0.024499388249847265,,0.008533997287988222
2022-12-22,0.00027098181189158814,0.007650316515560394,,-0.0007743376288766716
2022-12-23,-0.004532030865096003,-0.004699237044972314,,0.001895515649702105
2022-12-24,9.555094115332202e-05,0.00020891509571083843,,-0.00432476176715245
2022-12-25,9.555094115332202e-05,0.0028689648063722007,,0.002241030052407392
2022-12-26,9.555094115332202e-05,-0.001582533088819799,,0.00026122491626573224
2022-12-27,0.0005022166852007595,-0.01124406148960842,,0.0003347380905100811
2022-12-28,-0.003032898292067038,0.009843082214868274,,-0.0035960546880784918
2022-12-29,0.0014495714442266723,0.02573979423424409,,-0.0015894402249435054
2022-12-30,0.0007455896133936638,0.004726040781668244,,0.0005736488293451216
2022-12-31,9.543819171543926e-05,-0.00018139895778940962,,0.0010335356119521757
2023-01-01,0.00012785116667196654,-0.002841205469793369,,-0.0008542894893044512
2023-01-02,0.00012785116667196654,-0.0033227056596376683,,0.0028308520641452417
2023-01-03,0.004333459536153314,-0.019426484765833335,,0.006280975207695036
2023-01-04,-0.0013566998579950178,-0.00881379056042935,,0.003715410400380015
2023-01-05,0.0009188473153076245,-0.01894017584057942,,0.0018027638774851874
2023-01-06,0.002020924040826442,,,-0.003863715631645828
2023-01-07,6.248531674676423e-05,,,0.0001301840937154494
2023-01-08,6.248531674676423e-05,,,-0.0038165126504632395
2023-01-09,0.034508922382144584,,,0.024707057309621538
2023-01-10,-0.006680708462214253,,,0.01257620609435449
2023-01-11,0.014106653577710284,,0.0005118094916655043,0.006110434056234195
2023-01-12,0.0063024134935172425,,0.003638331584013224,0.023619781971324815
2023-01-13,-0.007104089830760287,,,0.015834128196886395
2023-01-14,4.383356886299145e-06,,,0.01291456495121867
2023-01-15,4.383356886299145e-06,,,0.10181759415420431
2023-01-16,4.383356886299145e-06,,,-0.0174181858976933
2023-01-17,0.012204089074230814,,0.004282790488581629,0.003156663603021951
2023-01-18,-0.0023352321625849212,,0.002621719596874456,-0.0009278874054508567
2023-01-19,-0.023851346423772735,,-0.0026279711093988014,-0.024075910832931962
2023-01-20,-0.001039995196647391,,0.0034704357523065075,0.00787785473554592
2023-01-21,3.916956761304253e-06,,1.7569594535528025e-05,0.03230505487770709
2023-01-22,3.916956761304253e-06,,1.7569594535528025e-05,-0.008488178451681264
2023-01-23,0.003785310545393727,,-0.003752942294156565,0.0016437849549019458
2023-01-24,0.0026964255573264776,,0.006742929363419982,0.004737493871271958
2023-01-25,-0.0030158543105912442,,-0.0011632679526991636,-0.013215583474158441
2023-01-26,0.00918649731077408,,0.004443246544056696,0.014264415709062794
2023-01-27,-0.0008132766545035375,,-0.00486405530575484,0.001041245258477462
2023-01-28,3.773219820420497e-05,,6.936472197479836e-07,0.019973416303522156
2023-01-29,3.773219820420497e-05,,6.936472197479836e-07,-0.005332237821048229
2023-01-30,-0.0026582553638181136,,0.00011160181137427543,0.012487829496626362
2023-01-31,-0.003962621378550585,,-0.002609911154964863,-0.015892672662757984
2023-02-01,0.009671103846914709,,0.00517989365503918,0.0003420044407675559
2023-02-02,0.011362776440153485,,0.007367110500181291,0.011811601678333158
2023-02-03,-0.005438244601281829,,-0.033886497431002575,-0.0015509991211404717
2023-02-04,4.247617745837063e-06,,6.518225527385468e-07,0.0026229049348319156
2023-02-05,4.247617745837063e-06,,6.518225527385468e-07,-0.003874032472011708
2023-02-06,-0.004909358762204615,,-0.004616328601193656,-0.008637586414832827
2023-02-07,-0.0024697387169939186,,-0.0011870656614994038,-0.00608443814062353
2023-02-08,0.007256199078755159,,0.004543444729199211,0.014085578809528484
2023-02-09,0.00385732791254205,,0.002219816662283288,-0.00640775338787583
2023-02-10,-0.015417167879172444,,-0.00786867659528553,-0.02305932812524199
2023-02-11,3.949277845091269e-06,,4.31206679772597e-05,-0.002405882620573353
2023-02-12,3.949277845091269e-06,,4.31206679772597e-05,
2023-02-13,0.007421236931385067,,,
2023-02-14,0.005561399277081497,,-0.0035392116176295677,
2023-02-15,-0.0038920948641766712,,-0.007952953456247434,
2023-02-16,-0.004805525931487022,,,
2023-02-17,-0.005774013234053045,,,
2023-02-18,4.086678779443977e-06,,,
2023-02-19,4.086678779443977e-06,,,-0.0008830667110008576
2023-02-20,4.086678779443977e-06,-0.0019863113055163194,,-0.00554330250887942
2023-02-21,-0.004284811230425275,0.008304886124867548,,-0.0040999197161248405
2023-02-22,-0.00735347091606609,-0.010494338312467157,,-0.006230746993693701
2023-02-23,0.0031834816658317874,-0.002085101986290733,-0.0056267340405051,0.004587905638249285
2023-02-24,-0.01401732030778959,-0.0037171264448882524,,-0.002134906600595453
2023-02-25,5.232103017721897e-06,-0.0182598126770065,,-0.00992300364420931
2023-02-26,5.232103017721897e-06,-0.0031058885548275266,,
2023-02-27,0.011771319160850934,0.008501329619712351,,
2023-02-28,-0.006653730734492661,-0.005752049275152523,,
2023-03-01,-0.005877774377992978,-0.009269266386383236,,
2023-03-02,-0.0043799664574135635,,,
2023-03-03,0.007721473837997327,-0.010713468286926809,,
2023-03-04,0.00011428890597867018,-0.02280051913861825,,
2023-03-05,0.00011428890597867018,,,
2023-03-06,0.006181508665993557,,0.005027712776360231,
2023-03-07,-0.001995755626665124,,-0.010919440757846606,
2023-03-08,-0.004747592479460642,,-0.010524109577435107,
2023-03-09,0.0032595919333650064,,,
2023-03-10,-0.007734157496847621,,,-0.041008467965851836
2023-03-11,0.00010165433118310565,,,
2023-03-12,0.00010165433118310565,,,-0.0031797455870788568
2023-03-13,-0.011488508181001689,,,0.010625153643622681
2023-03-14,0.010596635689820428,,0.002570476285497431,0.013128213183788442
2023-03-15,-0.0035315020417456267,0.012356840135148062,0.006721443466692501,0.000426605609316702
2023-03-16,0.0013201445396964482,-0.039026467881812535,0.0030664568614474285,-0.007374390283515349
2023-03-17,0.013095436047180416,0.02174222629091911,0.007497553260631985,0.01738739085982264
2023-03-18,9.976288916323376e-05,0.04274680139831137,1.8422702057684195e-05,0.01376699727101335
2023-03-19,9.976288916323376e-05,-0.017475929334172843,1.8422702057684195e-05,-0.008212838429507647
2023-03-20,-0.006259784231915767,0.010786204096047261,0.016470405349990804,0.008955181658885888
2023-03-21,0.011706459003805573,-0.013008252129140117,-0.008303739398277775,-0.006315972583731634
2023-03-22,0.003463236960320739,0.03443932434967445,-0.012234597591396912,0.008206745377317243
2023-03-23,-0.0015448907142837844,-0.013324281579891437,0.019308119231083554,-0.014276596095780037
2023-03-24,-0.0023985070782050802,0.014173485691432354,0.009161214435003182,0.014601574866071058
2023-03-25,3.761066130960259e-05,-0.011028580209504802,1.5264538542575717e-06,-0.010724224094532333
2023-03-26,3.761066130960259e-05,-0.0020413848172541544,1.5264538542575717e-06,0.006280045077553926
2023-03-27,0.007709614607827617,0.005420574668539537,-0.02386211867420261,0.0051543502169321
2023-03-28,-0.005952390230300041,-0.009118939872323095,0.006366262299638885,0.006726746070961471
2023-03-29,0.007092284866778855,0.007717731968501757,0.0009793947876568544,0.013526349543491903
2023-03-30,0.013237755465175447,0.00867001111052271,0.0014145905605325675,0.015971498511160382
2023-03-31,0.000836968392591892,-0.003197556850796399,0.007385512258247994,-0.004930727184731579
2023-04-01,3.628613358322834e-05,0.007836975119821727,1.4087511164233897e-06,0.004745346066616251
2023-04-02,3.628613358322834e-05,0.0007734865953011292,1.4087511164233897e-06,-0.00913474943104186
2023-04-03,0.009606736738570895,-0.004673573653614876,-0.0014001259962216329,0.0012888637124673279
2023-04-04,0.004110152983627004,0.005941896810714914,0.00470096640712113,-0.009575990556515658
2023-04-05,-0.0035383471211817745,0.0033662930882775964,0.019462525417670167,0.004870419951787795
2023-04-06,-0.0006897971682768061,0.0008257564977681657,-0.007648425254804245,0.00112922379152174
2023-04-07,5.586878327604662e-06,-0.0060759905981426655,1.167891470282625e-06,-0.001714610233876809
2023-04-08,5.586878327604662e-06,-0.0021152751738975177,1.167891470282625e-06,0.002878249333953755
2023-04-09,5.586878327604662e-06,-0.0024612288450432543,1.167891470282625e-06,-0.002563422336912951
2023-04-10,-0.0018159750408573516,0.0040134515420903565,-0.009110571360227257,0.0023347494676230623
2023-04-11,0.008813663817820082,0.00995674079501974,0.0039226034991557985,0.008905845316716907
2023-04-12,0.0035101928515897276,0.0050896252996914335,0.008714685846818527,-0.0038774786150195866
2023-04-13,-0.00448106135801208,-0.0012171080079609131,0.01177091884994247,-0.009654384556082194
2023-04-14,0.006431341920830555,0.016712839632776238,-0.008810726383531647,0.013295683646630299
2023-04-15,5.2211965433053155e-06,0.012270996647487153,8.626635480219337e-07,0.047011205633603795
2023-04-16,5.2211965433053155e-06,0.0032981648538860635,8.626635480219337e-07,-0.003669119896343755
2023-04-17,-0.000626641337762159,0.013117326020486254,-0.01160364228162113,-0.0019500196837292211
2023-04-18,0.005681938515660976,-0.010844840846946674,-0.003480696684867067,-0.011022668709631072
2023-04-19,-0.005784551694622475,0.018734522887259547,-0.0047765608291843505,0.007923534002299724
2023-04-20,-0.003556016766501755,-0.051565202332763405,0.00965173962668834,-0.023116159816890216
2023-04-21,0.003845297138113794,-0.015023904764768985,-0.006189711578264119,-0.01033315550561745
2023-04-22,5.160145935717784e-06,-0.0014289286274198419,1.2010035987565638e-06,-0.012831255131701401
2023-04-23,5.160145935717784e-06,0.0003937285468869539,1.2010035987565638e-06,0.008822479345356035
2023-04-24,-0.0003846863066992915,-8.565783823987687e-06,-0.0048914335393135285,-0.006834518264428885
2023-04-25,-0.0015607775999684783,0.00017696133078653478,0.00415803696859596,-0.0015899666518330684
2023-04-26,-0.01083284005146392,0.0003295271544460841,0.009619704298719492,0.0033841530801747835
2023-04-27,-0.0050059710836114265,-8.3751818569382e-06,-0.014534685442280681,-0.001710658397670915
2023-04-28,0.01011693911271507,0.00800381019019233,0.004814815775192061,0.005447772249942242
2023-04-29,5.8284222021781715e-06,-0.0008982442819638983,9.551583280713467e-07,-0.0007141885460151364
2023-04-30,5.8284222021781715e-06,0.001502547914857974,9.551583280713467e-07,-0.0015942674233154817
2023-05-01,0.011446527697509415,-0.005291086952736477,0.006772672163222346,-0.003147146534853697
2023-05-02,-0.0025433757149265477,-0.012376970677998927,-0.0074763342598282885,-0.008654131033974569
2023-05-03,-0.007516262885723306,,0.01594171288744739,0.0033231323805290864
2023-05-04,-0.009851569219226818,0.00561510648666943,0.006621022793516376,0.0016276196059805687
2023-05-05,0.0026820455520456914,-0.006455313103846152,-0.01212135885828982,-0.0033894083894306843
2023-05-06,5.50186055363827e-06,0.013826577234826694,8.468932543939939e-07,0.0071455823902126505
2023-05-07,5.50186055363827e-06,-0.01949663127355397,8.468932543939939e-07,-0.005919556974633818
2023-05-08,0.007732400356583015,-0.003944647595733418,0.006727897263953674,-0.003523203637082241
2023-05-09,-0.0032152909221664526,,0.001589359193157889,-0.006448331236877598
2023-05-10,0.005550295287442633,,0.004551478649181845,0.000292030903338975
2023-05-11,-0.005265653458134314,,-0.002844245267385382,0.0012451619754158083
2023-05-12,0.0016469413256012296,,-0.005338677681101928,-0.009913651124911079
2023-05-13,5.337608593539442e-06,,6.999325201313348e-07,0.002674940033725672
2023-05-14,5.337608593539442e-06,,6.999325201313348e-07,-0.004986656003737323
2023-05-15,-0.002041918021798506,,-0.000689986428125912,0.0017032705666571563
2023-05-16,-0.0028790594929809185,,-0.0038251572408042325,0.0007382222324847296
2023-05-17,-0.0008599323736624184,,-0.012106828419818527,-0.0002654259066872223
2023-05-18,0.003757492461496879,,-0.011926889812581797,0.006853434507765468
2023-05-19,0.011184272751909504,,0.0008190808536228121,-0.013900919734797809
2023-05-20,5.868437632600195e-06,,1.1965280018394077e-06,-0.0009225526855568733
2023-05-21,5.868437632600195e-06,,1.1965280018394077e-06,0.009469976739530723
2023-05-22,-0.0034014683791343306,,0.005281472953802957,0.00978924155658552
2023-05-23,-0.007578789009772086,,,0.007752401932067833
2023-05-24,-0.007991754138382854,,,0.005244706745412262
2023-05-25,-0.0006869279015310523,,-0.012764145712669182,-0.028438492734193466
2023-05-26,0.0023312088033755774,,,0.0025546059985340356
2023-05-27,6.1022819934274046e-06,,,-0.003514643475741726
2023-05-28,6.1022819934274046e-06,,,0.009196251027703486
2023-05-29,6.1022819934274046e-06,,,0.01238169894873042
2023-05-30,0.011244821492060936,-0.002654677330702604,,0.0005385686507991519
2023-05-31,-0.00827221036877957,0.00252283562304237,,0.014519261264054874
2023-06-01,0.00150711217025715,-0.006711760975186675,,-0.008497596284066274
2023-06-02,0.012176874987618233,,,0.0031078540247459993
2023-06-03,5.847295821236189e-06,,,0.031042293038313
2023-06-04,5.847295821236189e-06,,,-0.00307388472529543
2023-06-05,0.008531141310636663,,,0.0014390307388561698
2023-06-06,-0.002540213629674631,,,-0.025786490735333775
2023-06-07,0.0016865545722076932,,,0.01276081571658401
2023-06-08,-8.23475748153053e-05,-0.030721800638784297,,-0.008712819275186022
2023-06-09,0.008294975915566128,,,0.0021124802372785812
2023-06-10,4.632327989362517e-06,,,-0.004351988276323052
2023-06-11,4.632327989362517e-06,,,-0.019104253604195147
2023-06-12,0.0017391605706001882,,,0.005195512469882111
2023-06-13,0.008129395286682776,,,0.001917200340008733
2023-06-14,0.002128533450465358,,,-8.511143117275319e-05
2023-06-15,-0.0005676907946761411,,,-0.016964653750886058
2023-06-16,0.015894281317957074,,,0.0012453047469249115
2023-06-17,3.4656675323008387e-06,,,0.0019152329864645318
2023-06-18,3.4656675323008387e-06,,,0.0021294346390516683
2023-06-19,3.4656675323008387e-06,,,0.0006975658944898178
2023-06-20,-0.011590085958766415,,,0.005349100374925425
2023-06-21,-0.004440066762910921,0.025488133678931865,,0.010616129535724175
2023-06-22,-0.00134883756736694,0.03724482715287992,,0.016294962879918367
2023-06-23,-0.004071325850315019,-0.006130963675847325,,-0.0029813127508347796
2023-06-24,3.5181210998722794e-06,0.0238327512613657,,0.004985514661487093
2023-06-25,3.5181210998722794e-06,-0.01067405299860104,,-0.002687669570309016
2023-06-26,-0.0024024991441556976,0.006289275780305293,,-0.017615055513174417
2023-06-27,0.001168097364730473,-0.01309851279279273,,0.02782815329484407
2023-06-28,0.0038860811716384964,0.008412301390096215,,0.008231583586098623
2023-06-29,-0.0002969491223084248,-0.02448161205865213,,-0.006897982934208185
2023-06-30,0.011379322974007358,0.017386896359638807,,0.023058712526858115
2023-07-01,4.136118951713304e-06,0.02924451179669979,,0.03297969124472675
2023-07-02,4.136118951713304e-06,0.006007205479273498,,-0.009290997406993733
2023-07-03,0.002658906245220882,0.006491378197472995,,-0.00012559713418760612
2023-07-04,4.155794613568967e-06,0.001034490837880854,,-0.0009501683732360668
2023-07-05,-0.0010120969931184508,-0.005652076008288948,,-0.01160079384163731
2023-07-06,-0.005461389202317625,-0.00976954717591581,,0.00331286068764573
2023-07-07,-0.005131044433220384,-0.013508192694079324,,0.003563916303569906
2023-07-08,3.3041325816831848e-06,0.010809441227849928,,-0.0008814639471608609
2023-07-09,3.3041325816831848e-06,0.0038982373025103875,,0.009120316861871263
2023-07-10,-0.00107924841783491,-0.004188978507985408,,-0.00806154604661562
2023-07-11,0.006513128864984658,0.004924062073076325,,0.008678915027105197
2023-07-12,0.010551045177219992,0.002950265557163636,,9.241717245519869e-05
2023-07-13,0.0034730315292169373,-0.0035457534080344773,,-0.00022395347784836997
2023-07-14,0.0032116812819638053,0.07578480711485315,,0.014293018980445158
2023-07-15,2.9505758997751932e-06,-0.014890086803924701,,-0.004467293109790652
2023-07-16,2.9505758997751932e-06,0.0014648295204346402,,-0.0015839266446823874
2023-07-17,-0.0033556481254963313,-0.0051489671745335,,0.0024952713576545135
2023-07-18,0.00021040871943395372,0.0013161397225735583,,-0.005422247718525445
2023-07-19,0.007670350244893758,-0.00465895450742893,,0.0014497593126841415
2023-07-20,-0.00048160592502723197,1.3250306011759793e-05,,0.007609001710745392
2023-07-21,0.005606684086273618,4.2505250037785805e-05,,-0.0018649839598953665
2023-07-22,2.2077015117803115e-06,5.4668087887804984e-05,,-0.003648539010774575
2023-07-23,2.2077015117803115e-06,-6.243999399767862e-05,,-0.012860125552143381
2023-07-24,0.0036524994142215373,0.00024271426843792092,0.0005387634702490178,0.002156377292579787
2023-07-25,0.0007831999672099988,-0.00566649450086545,,-0.019651544897337715
2023-07-26,0.0001942353154012065,-0.00010984514413397425,,-0.002093679503164245
2023-07-27,0.009224547225755879,0.0002561789297501307,,0.019453853925856412
2023-07-28,-0.005280858581650845,0.00018599855567621418,,0.004540387204875949
2023-07-29,1.555391524239707e-06,0.00018840347526443243,,-0.0031215396018792934
2023-07-30,1.555391524239707e-06,0.00020554132125778218,,0.003175617960310009
2023-07-31,0.0016181245781715806,0.00014566369794879593,,-0.007386262530844803
2023-08-01,-0.00038969092601829063,0.0001478858638514777,,-0.00475428910023709
2023-08-02,-0.005722620822898419,0.0002766739995891582,-0.0013595285881694884,0.005073018198795249
2023-08-03,-0.009994701694771119,-0.008222151226163932,,-0.016605170118596566
2023-08-04,0.0024550749461416965,-0.00031287058008115946,,-0.009489082772995672
2023-08-05,1.59718301903007e-06,-0.0006107000614872695,,-0.005640031134118097
2023-08-06,1.59718301903007e-06,-5.099969761907902e-05,,0.007800257786338791
2023-08-07,-0.003425027461322413,1.8768704542999822e-05,0.0010576903382510448,-0.004309007050198363
2023-08-08,0.0009686130758988762,0.00017541665741224415,,0.005999850339039628
2023-08-09,0.002265959529804741,0.00096734251604342,,0.0047058795258782616
2023-08-10,0.00022927703840743314,-0.0020223468143537485,,0.0034864202146842843
2023-08-11,-0.006429612262060465,-0.0073714781934115965,,-0.0024826991935052493
2023-08-12,2.1164305799993047e-06,-0.0009683969152944848,,-0.001492472002480491
2023-08-13,2.1164305799993047e-06,1.2553725793722757e-05,,0.0013179775247568715
2023-08-14,0.0030038666828474266,0.00010756893047111273,0.005337320760825079,-0.00382834860487987
2023-08-15,-0.00013431958249184264,0.0005914300584857386,-0.003279671685781256,0.0007049262920430495
2023-08-16,-0.006663059429967729,-0.0010685601248589733,0.002418238581570739,-0.011145288397689702
2023-08-17,-0.001981090732199408,-0.000978823795191143,-0.0003442306752544606,-0.013342081579046266
2023-08-18,-0.01452628317889021,-0.004516628145558373,0.004153791403394299,-0.04132944483659049
2023-08-19,2.784340449124589e-06,0.00018425011840180635,1.6281046106713381e-06,0.0010895227057877688
2023-08-20,2.784340449124589e-06,0.0011163784446346571,1.6281046106713381e-06,0.0002001721980593432
2023-08-21,0.008423600630365279,0.0013967772212221637,-0.0013766352009764705,0.0009735544594660667
2023-08-22,0.0016010284650338112,-0.0006770864620884139,0.0017274323225958974,-0.003234879748238406
2023-08-23,-0.001966675490646117,-2.0056812374821885e-05,0.0024134378384284977,-0.001606913745617568
2023-08-24,0.004827201420311305,0.0007845630767903784,0.0006890604900262289,0.006759196841072218
2023-08-25,-0.006876544828751417,-0.0020221411605523404,0.0027504062957010907,-0.001027196900394503
2023-08-26,5.360008272619031e-05,0.0015084727854674986,1.4812938585363454e-06,-0.0011927559429196198
2023-08-27,5.360008272619031e-05,-0.0003118685990692846,1.4812938585363454e-06,-0.0007468722999236123
2023-08-28,0.006000301384197387,0.00025864786340999945,0.0006868787346437802,0.0016822474156723945
2023-08-29,0.0018867392023109307,0.0001292875924028237,0.002742016765659427,-0.003906319634999099
2023-08-30,0.011695854968589206,0.003252948298775169,-0.012298429801060107,0.01371235864274114
2023-08-31,0.002992720097052851,-0.02294050666863024,0.005192041917492759,-0.008438820640024335
2023-09-01,0.001777454854968545,-0.0044744144085834565,-0.0006970812607822027,-0.00442497632057123
2023-09-02,2.0659159780326177e-06,-0.0004238976207406115,0.00010304378044784965,-0.003990589643479462
2023-09-03,2.0659159780326177e-06,0.0002309213441600939,0.00010304378044784965,0.0029226481278936717
2023-09-04,2.0659159780326177e-06,0.0004667520497880696,0.00010304378044784965,0.0001958717961202458
2023-09-05,-0.004626325249250847,0.00039564628514097256,0.006522361110520179,0.0023948079325131198
2023-09-06,-0.00797573035618802,3.0173949728066682e-05,0.0010922169512926386,-0.0007696192953866751
2023-09-07,-0.005997844312731085,6.386629677907876e-05,0.002172570958576317,0.004982721120113269
2023-09-08,0.0030188730810678955,0.00030615004020733143,1.996565023236253e-05,0.002805462649042461
2023-09-09,2.5829933377942534e-06,0.0001820718556579742,3.1707932893218844e-05,-0.004469556388983781
2023-09-10,2.5829933377942534e-06,0.00011896182769699216,3.1707932893218844e-05,-0.0007135597992473149
2023-09-11,0.004788228538667609,-0.000309647807483837,-0.002740117687529142,-0.008122685711576977
2023-09-12,-0.004734597968953057,-0.0015637159613495464,0.002264146476666887,-0.007168139896706636
2023-09-13,0.000960275297709822,0.0006872196087400616,-0.001369011942088405,0.030716275350618546
2023-09-14,0.006829252037520249,0.00043089805404913575,0.004763356317243757,0.004372825112339029
2023-09-15,0.0005050664550587858,0.0006706883343672335,0.0016935879619332007,0.02110814890106364
2023-09-16,2.715367414836723e-06,0.0010848264529959907,1.2025611834049678e-06,0.0024066106795462053
2023-09-17,2.715367414836723e-06,0.00014225695163879186,1.2025611834049678e-06,-0.006509111206523538
2023-09-18,-0.007781746312776962,-0.0003619529165974178,-0.0006752099212312358,-0.0071970946054808775
2023-09-19,-0.001569679763645499,0.0010229284342640759,-0.0016908917848829075,0.012564289469113225
2023-09-20,0.0010547201305561302,0.0010368596098505635,1.0652487163934452e-06,0.0044100988342448705
2023-09-21,-0.013836286612640636,-0.005894721449272521,0.005084050453556735,-0.005015850743747208
2023-09-22,-0.009728180382969983,-0.021308250422595005,0.0010125257191942701,-0.016178612809560008
2023-09-23,2.7812112010923423e-06,,1.1108373785465153e-06,6.904361020177982e-05
2023-09-24,2.7812112010923423e-06,,1.1108373785465153e-06,0.018586748980366535
2023-09-25,-0.007153335558353045,,0.003033802390603839,-0.01861191650871564
2023-09-26,-0.0016562136540772619,-0.004818459293775277,0.001344990582358455,0.04248883834467608
2023-09-27,-0.003676038135164461,6.427633232908249e-05,0.004700076508713112,-0.009517784013493026
2023-09-28,-0.0017035893070481008,0.0015206844272320288,-0.0013357607501509145,0.015029248837564223
2023-09-29,0.00929033325829843,-0.014833281978046649,-0.003681576437319163,0.008488450350358862
2023-09-30,0.00010808955349508229,,7.694443912921195e-07,0.00648761573566095
2023-10-01,0.0001111730385622569,,7.913944337694295e-07,0.001814170230827773
2023-10-02,-0.013933974417747868,,0.006719709615080871,0.004584670661399211
2023-10-03,-0.005934646842261641,,0.005004296949907739,-0.010454170511001941
2023-10-04,-0.0034158374758080728,,-0.0036529642874530512,-0.004480848881980558
2023-10-05,0.0025909716961221405,0.0024516604393514203,-0.0010000890892326334,0.0036538679338497197
2023-10-06,-0.0034103289487352442,-0.007248764184800924,0.0016693382266507503,-0.00511354283185063
2023-10-07,0.00010934703781158376,0.01390666113860379,7.209195504836967e-07,0.001447702880085525
2023-10-08,0.00010934703781158376,-0.006087027334097076,7.209195504836967e-07,-0.005389239594645187
2023-10-09,0.007383755080114857,-0.005908625625154025,-0.0029976076532731177,-0.0016396313975171883
2023-10-10,0.011912661496466834,-0.025418002802320764,-0.0036758119537396807,-0.017800679164357854
2023-10-11,0.005590621610605471,-0.0012518512537844006,-0.002346710682062897,-0.002882184839186299
2023-10-12,-0.0008736733160460426,-0.011559101202028655,0.0040327640097127795,7.662341481934996e-05
2023-10-13,-0.004836433955835535,,0.005019281430183127,-0.006569460382545516
2023-10-14,5.078237164706574e-06,,9.146596424008987e-07,0.004760134724642939
2023-10-15,5.078237164706574e-06,,9.146596424008987e-07,0.0003341320011525
2023-10-16,0.0014592140210183749,,-0.0013313460181809862,0.001574099853585258
2023-10-17,-0.0015969032878229762,0.019696127789152425,0.00033421057061857153,0.021668909360152883
2023-10-18,0.0036332098029814314,-0.01498269352671815,6.545692293100687e-07,-0.007676086424524899
2023-10-19,-0.004237631305900416,-0.006563862610652782,0.0003342511146242284,-0.0020282373222190305
2023-10-20,-0.006592102946482583,0.011714482320061378,0.002779383609455569,0.008617627487318329
2023-10-21,0.00010165536167770867,0.015325504663724902,7.280763573087917e-07,0.026393275423802137
2023-10-22,0.00010165536167770867,0.026509674047812678,7.280763573087917e-07,0.019802071781358056
2023-10-23,-0.007409000370181004,0.017841850775267367,0.00013341813546470857,-0.0011790704048902328
2023-10-24,0.008253109880152052,0.05439208945636974,-0.003332104781560429,0.03507687270224319
2023-10-25,-0.0022400334980210916,,0.0054969452126906624,-0.004880181640560246
2023-10-26,-0.012336431563654594,,0.0011192934450799286,0.013182965493744547
2023-10-27,-0.0007280329812716399,,-0.00032206395046442844,0.0002588341492047509
2023-10-28,6.966635751397267e-05,-0.008757617895998337,4.77450856599816e-07,-0.005427008871478487
2023-10-29,6.966635751397267e-05,0.0050274502183934614,4.77450856599816e-07,-0.0041269808157358995
2023-10-30,-0.0029509639125622792,0.00851235192916167,0.002276957179549528,0.0075270043137340625
2023-10-31,0.0024841231056988993,0.007988042955261843,-5.214994051989007e-05,0.010679062112467714
2023-11-01,0.011220915494076212,-0.0027519878214583614,0.0023480908005414827,0.01671642716168267
2023-11-02,0.028073210460457295,0.01619556136968988,-0.0064261921947374925,0.01471417528846805
2023-11-03,0.016518795358884095,-0.0013648911607802012,-0.003930718194751401,-0.011173928786815742
2023-11-04,5.788745748134853e-06,0.0034654879311020164,2.271135943588179e-07,0.003355053994380127
2023-11-05,5.788745748134853e-06,0.007052088888196475,2.271135943588179e-07,0.011044870673250436
2023-11-06,0.00891831182657619,0.016189140855127977,-0.0019667986711623263,0.004989400390382222
2023-11-07,-0.002711506251032669,0.026283346244214773,0.0008842759516467204,0.012276004771772384
2023-11-08,0.0028256570115725273,-0.012613435907516445,4.706679939940233e-05,0.003430008792715799
2023-11-09,0.00016134150227049658,0.005092470967906138,-0.002919249431846877,0.022450426394590075
2023-11-10,-0.004755369037862485,0.012309119715025019,0.0015050215703581382,0.0046398091655736
2023-11-11,5.0346676219768725e-06,0.010726307158638553,7.569981696569484e-07,0.04597033118429108
2023-11-12,5.0346676219768725e-06,0.011636250807026651,7.569981696569484e-07,0.019464766798367707
2023-11-13,0.005449840756653761,0.0034670842974079755,-0.0016878418949380339,0.008486801279262131
2023-11-14,0.01335115837141207,-0.027576043595325672,-0.004009081688991717,-0.02852648872229792
2023-11-15,0.007688969528386152,-0.014194625949769672,-0.0015926474602859194,0.011288509818661007
2023-11-16,-0.002207508519392318,0.043807202199471026,0.0014937724018974654,0.03703583898504561
2023-11-17,0.004462852250920101,-0.02030757433451202,-0.0011786918150234345,-0.011989465073092688
2023-11-18,3.667372886039429e-06,0.003842219211522117,1.1600429601496776e-06,0.0011252682298062038
2023-11-19,3.667372886039429e-06,-0.0014712064967104697,1.1600429601496776e-06,-0.0013409716546231183
2023-11-20,-0.0024287213458265788,0.011856141742126366,-0.0062847144901289065,0.0084124355138135
2023-11-21,0.005648652764413374,-0.006342480170084134,0.017394153971347075,-0.017279780652420286
2023-11-22,0.0030582042654517523,-0.03430845417189741,-0.0005343151225035502,-0.02234152948672594
2023-11-23,3.679401090378434e-06,0.029402607781984228,1.3966986109964328e-06,0.02403273379709503
2023-11-24,0.001846467923013583,0.0012017093816752743,4.441186171945933e-07,-0.0024487281543330817
2023-11-25,3.3212755960497143e-06,0.003459916223328887,9.884335750027618e-07,0.003198430408215228
2023-11-26,3.3212755960497143e-06,0.004108016929475568,9.884335750027618e-07,0.006274708409448399
2023-11-27,0.000255208794311328,-0.0041562440410759845,0.005849959307337941,-0.0027604759603705705
2023-11-28,-0.002473101450947839,-0.007034426573773937,0.007149476614927368,-0.009814878065586808
2023-11-29,0.0058831265635069085,0.006475637184664046,0.006678842855118988,0.008393251840387599
2023-11-30,0.00028720277010269756,-0.0013957607403311655,-0.0014221503524630907,0.0034897296890834244
2023-12-01,0.0032313271124942743,0.0025456943835595316,-0.0004220950217209724,0.0006622574400656609
2023-12-02,2.7756350767830764e-06,0.006804449195538728,5.445578648768251e-07,0.006029993120637303
2023-12-03,2.7756350767830764e-06,0.008998928920475494,5.445578648768251e-07,0.005221195651293482
2023-12-04,0.001183931059207034,-8.626412317955229e-05,0.004173191251007781,-0.002268239624165669
2023-12-05,0.0008878083879637598,0.010887785059516165,-0.010781475739203105,0.01376124595873155
2023-12-06,0.003919241548529408,0.010989565898844329,0.00409638572577377,0.014278374243905947
2023-12-07,-0.0019018089502145165,0.0024276891899440646,0.0006882485593440795,0.009767948295912867
2023-12-08,-0.0004878107037506639,0.008657775365880905,-0.01333064759389444,0.0019588668294674106
2023-12-09,2.1652708061689424e-06,0.03459255338773765,6.464844288221429e-07,0.029648157474548235
2023-12-10,2.1652708061689424e-06,0.00024706754383838276,6.464844288221429e-07,0.014564673964365905
2023-12-11,0.006307100035641417,0.011251941523304282,-0.00766735966066096,0.026343837095901657
2023-12-12,0.004862452577871363,-0.021558430880537324,-0.003560700725153229,-0.006788783032975257
2023-12-13,0.0018527351802567517,0.005538574682871977,,0.005262914161921402
2023-12-14,0.018760260313626223,0.013538018826422834,,0.02883890980626863
2023-12-15,-0.004063611648824989,0.0034869412622788288,,-0.0045278991345532715
2023-12-16,1.4710068452086604e-06,-0.019114593344050596,,-0.00853783743489156
2023-12-17,1.4710068452086604e-06,0.008097204925542861,,0.011515164319190004
2023-12-18,0.0073863526079936785,-0.013010295376979461,-0.005378524358818116,-0.011912782869028093
2023-12-19,0.0023943321253967966,0.008036371322628442,0.0038723007565231063,0.007520751305201315
2023-12-20,0.002971501910184796,-0.00501774423105161,0.002429610511676437,-0.011106139304987266
2023-12-21,-0.006123265694973906,0.015234485719532995,0.00274078903794841,0.017207854809382767
2023-12-22,0.004021123823015229,0.025252444950216363,0.012561767542805826,0.019647982488195367
2023-12-23,4.669985906564735e-20,0.002638806267915024,1.17867249110204e-06,-0.004740615288141417
2023-12-24,4.669985906564735e-20,0.0040474029313982115,1.17867249110204e-06,0.014283461483255062
2023-12-25,4.669985906564735e-20,-0.005097690595553255,1.17867249110204e-06,0.0001883689478826216
2023-12-26,0.000678531610943137,0.012930159112058696,,0.014137772906578056
2023-12-27,0.0030502717107876005,-0.004740322647169899,0.004173550494949907,-0.017101652456763466
2023-12-28,0.003006634070766974,0.01502536631060104,0.0029614366873279324,-0.005264058265775221
2023-12-29,-0.000234999160949643,-0.008788802544491938,-0.00699388473727752,-0.013300943575472235
2023-12-30,9.33997181312947e-20,-0.006677178270107355,7.28128071456694e-07,0.004058781553756722
2023-12-31,9.33997181312947e-20,-0.0027538102650616876,7.28128071456694e-07,-0.005117436123459903
2024-01-01,9.128500122183964e-20,-0.004101428845236126,7.116421036640091e-07,-0.0034440660089586593
2024-01-02,-0.006107111042894164,0.018491111932332483,0.0023492897691519917,0.016796214907323238
2024-01-03,0.0021071723363736868,-0.006006380118201994,-0.013891810194758403,-0.006068942504442673
2024-01-04,-0.003245572004345608,-0.0352857835018116,0.0016368892651856047,-0.015373112865294768
2024-01-05,-0.0012804648419138412,0.01454829808842702,0.003157444517629449,0.01478746940197436
2024-01-06,2.84171007006849e-07,-0.00927081896118747,1.065131239165388e-06,-0.012017938445783959
2024-01-07,2.84171007006849e-07,-0.010659403548477624,1.065131239165388e-06,-0.013828118399943506
2024-01-08,-0.0002135569855498034,-0.00941635689140615,-0.01295574126246052,-0.008823433291256275
2024-01-09,0.004774109835674944,0.024821827210530657,0.007816382195761737,0.013933005768906897
2024-01-10,0.002422255769589555,-0.007604216103485811,-0.002843684918353353,0.0011034007070586387
2024-01-11,0.003747529107145478,0.024697964610444684,-0.0006336087416376544,0.006043037162658975
2024-01-12,-0.0005775958608943008,0.0036127891235667687,,-0.0016709962737632455
2024-01-13,1.1654887759613725e-07,-0.0194920550679997,,-0.017980725963639158
2024-01-14,1.1654887759613725e-07,-0.0003986677169068015,,0.002020982669584064
2024-01-15,1.1654887759613725e-07,-0.0006230966544127468,,-0.012689848991637973
2024-01-16,-0.0046462425424689206,0.0002913291006457009,,0.009088007495027167
2024-01-17,-0.0076822004005681005,0.0004926398973985084,-0.009672008143836999,0.004699501250365952
2024-01-18,0.0027663955592091504,-6.483590878566013e-05,-0.0004830976821761134,-0.008755443126549387
2024-01-19,0.008716307813095984,-0.000761107663928998,-0.00035675369051584943,-0.008321769837555646
2024-01-20,8.810791806727533e-07,0.0002649782351372552,1.3711188404573487e-06,0.005663902402338269
2024-01-21,8.810791806727533e-07,0.0006643318679752039,1.3711188404573487e-06,-0.0060762938762744375
2024-01-22,0.009092779625496521,-0.00029824974028784074,-0.0031596225465303366,-0.004194456071820205
2024-01-23,0.0016376970382616643,-0.0007769241265445698,0.001827502692638344,-0.01869076287505474
2024-01-24,0.005262140119224403,0.00013763178580595992,-0.00274218076022186,-0.005198905902571363
2024-01-25,-0.0016746084183733914,0.0001701559656780745,0.0018865720716041876,-0.0013560198442506702
2024-01-26,0.0018331942387507139,-0.0003185975094233039,0.000358610229977033,-0.0034499861225181236
2024-01-27,2.282125030545991e-20,0.0011970352622550971,1.5557575139812757e-06,0.01043740959841563
2024-01-28,2.282125030545991e-20,0.0002635053863852482,1.5557575139812757e-06,0.0031743797605748776
2024-01-29,0.0012782744268467997,0.0015473235867020981,0.004459133693931203,-0.0033290870090670064
2024-01-30,0.004229856168783162,0.0013911959569620476,0.00028282380774643503,0.007660763273247769
2024-01-31,0.0030083522972176187,-0.009409984681706965,-0.002047918645877451,0.003193202482671314
2024-02-01,-0.007949917507242235,-0.014001850562267854,,-0.00802901572662018
2024-02-02,0.006732709337568093,0.01629845978338623,,0.007745330740365738
2024-02-03,4.564250061091982e-20,0.014959775737877169,,0.007677826589509681
2024-02-04,4.564250061091982e-20,-0.004223701162266783,,-0.005411818585271978
2024-02-05,0.0007743728825715877,-0.011916593855948785,-0.01085503191678167,0.002174437674498954
2024-02-06,-0.0005831160930816158,0.0058687288473697995,,0.010871387170897672
2024-02-07,0.006272183067780331,0.003331507055433044,,-0.0028813048661046484
2024-02-08,0.0028421011369105745,0.02044957907488473,-0.001468950477256506,0.01732665049499704
2024-02-09,0.0001238847996219798,0.013117991823216922,-0.001036284961403662,-0.005626963527826901
2024-02-10,4.564250061091982e-20,0.024849197387110663,8.328427184731657e-05,0.013020282010218445
2024-02-11,4.564250061091982e-20,0.009433763735567893,8.328427184731657e-05,0.016583605181954075
2024-02-12,0.0005465372634898833,0.0023841012371062726,-0.00323562502009814,0.005858855862777224
2024-02-13,-0.005875920286338743,0.026750823544969965,0.0004311325368196896,0.016334052560118467
2024-02-14,0.000728416156816522,-0.016295808041806272,-0.0007714853901791025,-0.01054456948743144
2024-02-15,0.004419408796562299,0.0365992370331268,-0.00011017188693185012,0.030456992210490804
2024-02-16,0.007328252520505211,0.01414267899011882,0.0021925985320539534,-0.010651384854436516
2024-02-17,3.529926124823925e-07,-0.0023670708224425474,1.2172748321457326e-05,-0.012583729175235776
2024-02-18,3.529926124823925e-07,-0.007772184710872238,1.2172748321457326e-05,0.00014793485183994885
2024-02-19,3.529926124823925e-07,0.011064541365322709,1.2172748321457326e-05,0.005781821986178207
2024-02-20,-0.005723645019230477,0.006380687445271101,,-0.008579073793595246
2024-02-21,-0.0011803590902243791,-0.008441287197319685,,-0.009417723560493562
2024-02-22,0.011103926548942593,-0.007869060345866756,0.0007084101443614733,-0.013846048529555899
2024-02-23,0.008711925542944653,-0.007770388191282929,,-0.01216878892226001
2024-02-24,4.7264566161476955e-07,-0.008020695869997471,,-0.008737540394333474
2024-02-25,4.7264566161476955e-07,0.019992910090572816,,0.009984279486238817
2024-02-26,0.0010668536317987615,0.006146545822105762,,0.016639858484258082
2024-02-27,-0.0034228281406792,0.02784813326184987,,0.01521388908228677
2024-02-28,-0.0018978181554509615,0.021630879429547573,0.0014165593131389186,0.0011137996560949322
2024-02-29,0.00674249184345294,0.03563652026483777,,0.025890567355676325
2024-03-01,-0.0010067287257034309,0.0006908538488662376,,-0.014159614653274097
2024-03-02,3.6411769989153497e-07,0.024298760438873326,,0.012862903241509835
2024-03-03,3.6411769989153497e-07,0.029841147641113844,,0.0077372359872376565
2024-03-04,0.0043895883485047735,-0.004728768036148328,,0.04249030976895044
2024-03-05,-0.0001782783677530802,0.012768158694480723,0.01679113318618376,0.09701683201807156
2024-03-06,0.00014234912386524158,-0.003923530270182411,0.003213455353582014,-0.06958426899108697
2024-03-07,0.005396247367734654,0.0398110865017305,0.007317160069195468,0.00918930607913783
2024-03-08,-7.317000514287024e-05,0.01981954130070212,0.006719240039076647,-0.00029111412598452173
2024-03-09,2.4558248385209712e-09,0.0011553605134785748,1.4493185437540578e-06,0.01276479270737687
2024-03-10,2.4558248385209712e-09,0.0032587449992878188,1.4493185437540578e-06,0.010107627913729888
2024-03-11,-0.004783918540350468,0.004003455109386005,0.004057434064235072,-0.009948640502691572
2024-03-12,0.007444364296190235,0.04152524125316051,-0.006359184332785131,0.019236867611527347
2024-03-13,0.004067976856015476,-0.0020073873802889278,0.00010022530687784463,-0.015248492912348262
2024-03-14,0.00019699103041458113,0.017623651873216063,-0.00034626124095119595,0.00333502686538599
2024-03-15,-0.01422949867190947,-0.005326826154874187,-0.0021324648027423567,0.006617772733217102
2024-03-16,0.0,-0.0074381662890356795,1.1828305264783935e-06,-0.01899274391775637
2024-03-17,0.0,-0.035130359663614094,1.1828305264783935e-06,-0.02332907256725436
2024-03-18,0.007756428080088082,0.020398581914710893,-0.0013911220919259836,0.01771971871095729
2024-03-19,-0.0007981910627854639,-0.003559788834704976,-0.0001980017543113087,-0.011846474413904904
2024-03-20,0.002980886276481011,-0.038132114803731444,0.0006755390087064456,-0.030593681794826195
2024-03-21,0.008357084150255841,0.0012296963361844906,0.004600740532014609,0.0384748823504221
2024-03-22,-0.0003688033847365813,-0.004643793890996888,0.0005444430676142917,-0.0042427064809555
2024-03-23,5.1566775817215016e-05,-0.006548423461632623,1.2294075575571065e-06,-0.003594179492367358
2024-03-24,5.1566775817215016e-05,-0.00015657874938002932,1.2294075575571065e-06,0.003286980036236139
2024-03-25,-0.005055926665377789,0.0008082248851681031,-0.00044983116059132234,0.014959559121698414
2024-03-26,0.0008133406384410981,0.008328381057540633,0.0016210025733461638,0.006392416472934272
2024-03-27,0.0030688744089485904,0.002452227832244998,0.0013741330407575996,-0.001756142034502677
2024-03-28,0.006782029774894184,-0.0055089027187808165,0.004032980423841188,0.009001587185624023
2024-03-29,4.0671152009364667e-07,0.006841463195585683,9.440033044700813e-07,0.008449871297162204
2024-03-30,4.0671152009364667e-07,0.004589647924603678,9.440033044700813e-07,0.015307244589715262
2024-03-31,4.0671152009364667e-07,-0.005088001492387967,9.440033044700813e-07,-0.008292246033789683
2024-04-01,0.000352302859442431,0.009315539256308175,0.007952212679612953,0.02199961266421636
2024-04-02,-0.011628754604330072,-0.014175242327964395,0.0025058990051100754,-0.01576869425059654
2024-04-03,-0.0011754070420561462,-0.01682117737583034,0.001044579436572028,-0.016459389399083008
2024-04-04,0.0064880526290308025,-0.0008571567286609099,-0.0025175749942229807,-0.005361154455796177
2024-04-05,-0.016550848199916306,0.0006454030958467611,0.005165632397572871,0.013628046257433158
2024-04-06,8.802534889396497e-07,-0.005978515320315367,1.767099419378534e-07,-0.006530940970821944
2024-04-07,8.802534889396497e-07,0.006955803722785601,1.767099419378534e-07,0.013364305443478329
2024-04-08,0.007683442077643676,0.0042586925786535605,0.002824515845264792,0.005333240790601521
2024-04-09,0.0018776049222891157,0.010062823612695868,-0.0001992213894122387,0.0034722094008857725
2024-04-10,-0.01069293611894504,-0.013438666402804427,0.0035854127887266184,-0.0132603414596277
2024-04-11,0.002855942129449838,0.004144575627420448,0.003677669367242302,-0.0014340410988708256
2024-04-12,-0.0076028261240166164,-0.002694278561906125,0.013296693355833337,-0.0033926838236916484
2024-04-13,1.658079789012855e-06,-0.048078538148021974,0.0,-0.039968604492339216
2024-04-14,1.658079789012855e-06,-0.0038191693693020554,0.0,-0.037058806617016764
2024-04-15,0.0015516424722631333,0.0006678520915214208,-0.0043649126693260255,0.022216262942777756
2024-04-16,-0.014586993560742048,5.624301868972103e-05,0.003983640849558803,-0.005055360649511241
2024-04-17,0.0008229055328520682,0.00012949813019175795,0.0008314541187904676,-0.0101934272135404
2024-04-18,-0.004025034234488925,-0.0002114449104083027,-0.0006773213540832098,-0.01382382180660912
2024-04-19,-0.0013939974370670157,0.0006518603711850676,-0.0010229863768479,0.010143458917311773
2024-04-20,2.80874149485251e-06,0.0005484141147164018,0.0,0.0019798015588728107
2024-04-21,2.80874149485251e-06,0.0016274779882036491,0.0,0.0056010379518600965
2024-04-22,0.0032834775462527548,-8.131601931896443e-05,-0.0019388085593943967,0.0022194180801170388
2024-04-23,0.006674338303292286,0.0008896871838700484,-0.00530524142071767,0.00994273590032862
2024-04-24,0.005430532812264078,-0.005152029400785755,-0.0008704604547401713,-0.0002735709352973412
2024-04-25,-0.005217496096922816,-0.01502674995659339,0.0011908793676660837,-0.0036826141292895537
2024-04-26,0.004090760078172353,-0.0008641841694076127,0.0022500848962117345,0.0016188674447593534
2024-04-27,2.140752901057673e-06,-0.0001758285344031651,4.488696215427514e-07,-0.0011547725608617601
2024-04-28,2.140752901057673e-06,0.0004289150650100625,4.488696215427514e-07,-0.001001567589124942
2024-04-29,0.006349256784153271,-0.00018427895157116845,-0.0008954199720133655,0.0027858342099610633
2024-04-30,-0.0014881307293704783,3.8283613764641554e-05,-0.002178384001300043,-0.004065259473625512
2024-05-01,-0.011924269450756777,-0.0007180049435790209,0.0015152767516706139,-0.0025758825947558755
2024-05-02,0.005908124269310248,0.0007463528120026739,-0.004354149732461153,-0.0027825027960304205
2024-05-03,0.00783354117610439,0.0006631653706836257,-0.005137325891717455,0.001901586600548334
2024-05-04,2.6963522092287665e-06,0.0007797830291767379,3.6282039651989884e-07,0.007097268773496402
2024-05-05,2.6963522092287665e-06,-0.000574697020798489,3.6282039651989884e-07,-0.0013308591987458266
2024-05-06,0.004365947116985416,-0.0007217132265136003,0.0036538878057398544,-0.004029575333788279
2024-05-07,0.0034114390823112473,-0.004921358937164456,0.00043513203662667106,-0.010630529754933837
2024-05-08,-0.0012434885816853974,-0.003436088771803502,0.001880389910605789,-0.0012233686999045862
2024-05-09,0.0035784844687680416,0.0020452665659857973,0.0006029529219236202,0.005251827770794254
2024-05-10,0.008853376689830371,0.0022457555917945915,0.004803734647200519,0.017791252193559738
2024-05-11,1.3313274553690798e-06,-0.002462665254814661,5.2383602419903e-07,0.00748362318855729
2024-05-12,1.3313274553690798e-06,-0.0014106174029429304,5.2383602419903e-07,0.00010889975142108275
2024-05-13,0.0020655229097870736,4.3735804220807666e-06,-0.003688276052980616,0.004835240246124354
2024-05-14,-0.0018503464617595996,-1.2132481533206821e-05,0.0003117142264052917,-0.007513236325244779
2024-05-15,0.005415590357483888,-0.0013297546886231958,-0.001157408251030202,-0.019861002160030644
2024-05-16,0.0075072459571689535,0.004871973396345145,0.001320663876521791,0.01444707385310696
2024-05-17,0.0010899597120124721,0.0036166360159724693,0.003792750313801947,-0.01358586215630583
2024-05-18,9.922765808546894e-08,0.029661980081493133,4.844410003068009e-07,0.006523243020174244
2024-05-19,9.922765808546894e-08,0.001147668577429536,4.844410003068009e-07,0.007083887750352191
2024-05-20,-0.0012897625693309384,-0.016514349671987286,0.0012154495895312697,-7.045579365881746e-05
2024-05-21,-0.0016507306010362078,0.07575131883298221,0.0019359070496717686,0.06291387349915878
2024-05-22,-9.005296077676019e-05,-0.00017831422775877378,-0.0008918482434021197,-0.033177453600467394
2024-05-23,0.001420664099242699,-0.01136895252821937,-0.005438519902178905,-0.008612455703726088
2024-05-24,-0.01215429811971726,-0.007634904416851563,-0.0010115873896705105,0.002581302154295033
2024-05-25,2.0776896804254033e-07,-0.00046981079215529766,1.469378893251861e-07,-0.0019956285748185657
2024-05-26,2.0776896804254033e-07,0.007003532645352646,1.469378893251861e-07,0.0020290199474606893
2024-05-27,2.0776896804254033e-07,-0.007737581889106833,1.469378893251861e-07,-0.00012904541829982758
2024-05-28,-0.0005851750502683286,0.015395403358908492,-0.0012960999682333427,0.02136571026889526
2024-05-29,-0.011163127571207443,-0.010255510947810043,0.0020583297586608063,-0.007060728275621014
2024-05-30,-0.004541210032032462,-0.0065677486478934845,-0.0005186459652815284,-0.009107802779375767
2024-05-31,0.002886448512819241,-0.0046109566198914865,-0.0006255764690843079,-0.00846120164652862
2024-06-01,1.7466664729415018e-06,-0.0004979567187333421,4.071022082954847e-07,0.0037463387836604036
2024-06-02,1.7466664729415018e-06,0.003403875551749354,4.071022082954847e-07,0.002435888137368187
2024-06-03,0.013728655505943137,-0.005190961318454826,-0.0015630489021413103,-0.006683835397290483
2024-06-04,-0.006214659287860913,0.005205420267716887,-0.0012166251823197572,-0.0032030635520786106
2024-06-05,0.00888062109488891,0.014836228813949666,-0.0002677683262322424,0.00911251510338939
2024-06-06,0.0013119907020418535,0.005562505996145669,0.002732757719254533,0.004268809062095879
2024-06-07,-0.0006298931485671974,-0.005341648710886507,-0.0001238363267976762,-0.009528245080881516
2024-06-08,7.528601161056012e-07,-0.02396536737905969,5.983366029038305e-07,-0.021398883811256732
2024-06-09,7.528601161056012e-07,-0.00871083149451626,5.983366029038305e-07,-0.0011671644587581262
2024-06-10,-0.0008003985925463464,0.005534585624177656,0.0021652890816220645,-0.0002855911844093889
2024-06-11,-0.0010177226179289823,-0.009004558124451391,0.0009141149005970268,-0.011771597077692417
2024-06-12,0.009733139060078774,-0.025958215051021288,-0.010008922664744782,-0.022832294476141917
2024-06-13,-0.007564102673069894,0.000375086282892248,-0.001045692120629749,0.01236015409232773
2024-06-14,-0.0022800058755158377,-0.019016934254675162,0.007477096008073428,-0.014890264460381357
2024-06-15,1.6617069978459768e-07,-0.00038384672257673854,0.00010352690308716128,-0.00020715413987915416
2024-06-16,1.6617069978459768e-07,0.0004731759690557964,0.00010352690308716128,0.0031226957913260203
2024-06-17,0.0003385915366943671,0.0003524630499817299,-0.0021324080349995685,0.0060114472826363055
2024-06-18,0.008606949992891143,-0.0001764774233654176,0.0003214815589927978,-0.006438838104219516
2024-06-19,8.4304073501132e-07,-0.0007816409361573269,8.274781563950815e-05,-0.01010831464173188
2024-06-20,0.0027522389210386787,0.0008857684316377712,-0.0007402006171728623,0.006317816068142114
2024-06-21,0.006175830420962218,-0.0005339809734312731,0.006821620667967566,-0.0039006570142593624
2024-06-22,2.3226786662466254e-07,0.00010215836492930952,4.1635407073774114e-05,0.00023415439500872254
2024-06-23,2.3226786662466254e-07,0.0005141403526914019,4.1635407073774114e-05,0.0022083536245374393
2024-06-24,-0.0004588611831745414,-0.0006781478832014525,-0.002574374104566101,-0.008828933522984294
2024-06-25,0.0009057277591012323,-0.0004206684673715341,0.0014441567623857743,-0.011653607475521438
2024-06-26,-0.007008131752041666,0.0008924952377101391,-0.002076643386029069,0.01087859104908314
2024-06-27,0.0029582911309978957,-0.00019795555318782783,-0.0012866402967769727,-0.004901912716256314
2024-06-28,0.0008619811521284027,0.0008700525862718159,0.002109165335084603,0.005590186516469154
2024-06-29,4.823908508414652e-07,-0.0008980677189234105,4.536386308592951e-07,-0.006780557670677927
2024-06-30,4.823908508414652e-07,0.00043276013046569513,4.536386308592951e-07,-0.00044606387630821806
2024-07-01,-0.00015608341865460147,0.001421940350157414,-0.010977624353594157,0.0072978183769634875
2024-07-02,-0.004119756387031865,-0.0003621711035960993,0.0019001682455486327,0.008366034932518378
2024-07-03,0.005764607422602359,0.0005365122313393238,-0.0018896765728460155,0.010030567603870727
2024-07-04,2.315565729679074e-07,-0.0037767147117318267,0.00010389017380222117,-0.03202951791574737
2024-07-05,0.0027988094778958828,-0.007378699549551251,-0.00033628956011096843,-0.05447366754124719
2024-07-06,5.149907052163914e-07,-0.009480680991825686,9.356694717236556e-05,-0.004744266092526473
2024-07-07,5.149907052163914e-07,0.008559614570384014,9.356694717236556e-05,0.016579271010947645
2024-07-08,0.003990469325117241,-0.011083734109328116,-0.0005344224857800025,-0.01900176104082191
2024-07-09,-0.0012382984441652192,0.0075163975639871835,0.0005983508495387391,0.007712912024129789
2024-07-10,-0.0010371241068237067,0.002620315576812797,0.0015676982154147158,0.005486400273315713
2024-07-11,0.008771608172613242,0.0033528921910894694,-0.0027815727514165747,0.0014711812844284463
2024-07-12,0.0013518146602807322,0.0002213740897359397,-0.001351795033170507,-0.002155889643961323
2024-07-13,1.5679882189792217e-07,0.0043083297947584314,1.1209469100916859e-05,0.011193186327602005
2024-07-14,1.5679882189792217e-07,-0.00055068220176703,1.1209469100916859e-05,0.010424675981662185
2024-07-15,0.0064445950669273205,0.006508628842888534,0.0005367576200032968,-0.0023743069266370324
2024-07-16,0.0022888189867590475,0.04623188040362562,0.008823287574822657,0.006633586984982263
2024-07-17,0.005880092802018962,0.0028069695571432515,-0.0019456827061048634,-0.007823105115733558
2024-07-18,0.0027005660608080133,-0.009464220898907394,-0.0003507380261611504,-0.0025577897472419103
2024-07-19,-0.004620832021962376,-0.01003024399267593,-0.003826738700759265,-0.005821950184883668
2024-07-20,2.296663662031031e-20,0.02960040189946069,9.568845796925659e-07,0.009833613210921983
2024-07-21,2.296663662031031e-20,0.012334554946295664,9.568845796925659e-07,0.010285125152208124
2024-07-22,-0.006017928889169538,0.02165654236091184,0.0014743870301655584,0.013087177086965194
2024-07-23,0.002327717860887708,-0.0196791169184855,-0.0006324863710598528,-0.002491211925291129
2024-07-24,-0.006031374665230498,-0.01303435568388299,-0.00239869701424089,-0.00878213122404595
2024-07-25,-0.0046220511960583825,-0.010229672164516012,7.361453460724534e-05,0.011359220418973146
2024-07-26,0.005438144429436944,-0.014647046465393497,4.805338819691014e-05,-0.01151749611265574
2024-07-27,9.865096518465209e-07,0.022762469204207773,1.2677701924311307e-06,0.014575275304854222
2024-07-28,9.865096518465209e-07,-0.003167439936842403,1.2677701924311307e-06,-0.004063402961990996
2024-07-29,0.005591974299113015,-0.002404292445966801,0.0048505365353557015,0.00066113183676509
2024-07-30,0.0007882189642564276,-0.001439328726208587,0.000930839724528662,-0.003958109650992529
2024-07-31,0.007386076467565325,-0.004269479940641118,-0.0007848623000316281,0.00034523449898239304
2024-08-01,0.0025036774807613016,-0.012386161946335983,0.006042726171503675,-0.01290086463023158
2024-08-02,-0.01958974593085279,,0.0126339043588635,-0.01520322220710405
2024-08-03,9.186654648124124e-20,-0.03315942329841658,9.085923937388361e-07,-0.03338972023590087
2024-08-04,9.186654648124124e-20,,9.085923937388361e-07,-0.01439534664639526
2024-08-05,-0.03194956412543855,,-0.007014116138771343,-0.017508457804658536
2024-08-06,0.002563409708559675,,-0.006285935490252976,-0.025705357133918933
2024-08-07,0.0015863717090130141,,-0.010632929141480665,0.023420104138022126
2024-08-08,-0.003843884921028637,,-0.002280154322495244,0.01966197434075185
2024-08-09,0.0017710532240597949,,0.01179669602736349,0.02796894502543835
2024-08-10,0.00017966130514682435,,1.2150499894560756e-06,-0.010869079337489762
2024-08-11,0.00017966130514682435,,1.2150499894560756e-06,0.0011763930875203503
2024-08-12,0.0020905535319448096,,0.0005324368656262102,-0.008378431301652316
2024-08-13,0.002023175981563338,,0.010377538406089354,0.002725732188466628
2024-08-14,0.004898439460041989,,-0.0021183625363086194,0.00434259002055863
2024-08-15,0.013124116353281498,,-0.0057997201759187504,-0.00010607755849206219
2024-08-16,0.0016740568616573535,,0.013045921132610603,-0.0018904483888369063
2024-08-17,1.272641884179853e-05,,3.2782123778004685e-07,0.004933170955520882
2024-08-18,1.272641884179853e-05,,3.2782123778004685e-07,0.0016061156174757135
2024-08-19,0.0047778622590606635,,0.0002538460022540981,-0.00044130596329602657
2024-08-20,0.005785374167251327,,0.012315928939379769,0.016818423827254916
2024-08-21,0.0012240272074062696,,-0.00249557756231859,0.01625487141899452
2024-08-22,0.002459351743178134,,-0.005136646041863693,-0.004687054995469783
2024-08-23,-0.001761927316475314,0.006887925784721424,0.0013133072599675116,0.0010409489137594083
2024-08-24,6.841498185978839e-07,,1.1470971934656857e-07,0.005605828963821369
2024-08-25,6.841498185978839e-07,0.007771097802502245,1.1470971934656857e-07,0.0006838894307534477
2024-08-26,0.00631921901887491,-0.014686177358545513,0.007768949993296678,0.01360405633360213
2024-08-27,-0.0003736005026854464,-0.02902802982616885,-0.009828963811698541,-0.0081816048659125
2024-08-28,0.0014807946124471313,-0.023151479067628555,0.003326604812141161,-0.007702728975111543
2024-08-29,0.00037640910106068485,,-0.0034355287960069255,0.0005636567522640766
2024-08-30,0.0009422601047736069,,0.0028454112365463983,0.0038205537191340305
2024-08-31,1.4925803309509998e-07,,3.004831084380735e-07,-9.590248222887253e-06
2024-09-01,1.4925803309509998e-07,,3.004831084380735e-07,-0.006103567401397037
2024-09-02,1.4925803309509998e-07,,3.004831084380735e-07,-0.01411737034692664
2024-09-03,0.0019064076549805053,,-0.003470618222330651,0.010023607075696163
2024-09-04,-0.006296133993148204,,0.00047653266412275836,-0.012251469661517203
2024-09-05,0.0021137646168770865,,0.013827465758154089,0.005770997695818317
2024-09-06,-0.005616885882898935,,-0.0008022324777495838,-0.0019850165873508373
2024-09-07,4.227542681224622e-07,,4.6476689183277955e-07,-0.009778453488421133
2024-09-08,4.227542681224622e-07,,4.6476689183277955e-07,0.011518017941769716
2024-09-09,-0.005320552488357628,,-0.0019737042651151965,0.015904843108176105
2024-09-10,0.010361325184347174,,0.004803763150136272,0.007209545815633051
2024-09-11,-0.0034412696925548705,,0.0016614001769889536,0.002495614365236664
2024-09-12,0.0036554502280846074,,0.005633144415893056,-0.010708957397992616
2024-09-13,0.00442964920227913,,0.00795662422937192,0.005937303429158831
2024-09-14,5.55783556363466e-07,,0.0,0.004563174239380664
2024-09-15,5.55783556363466e-07,0.0005287584117580223,0.0,-0.003575183391650832
2024-09-16,0.007424954814224724,-0.025086693737842294,0.002094870846105914,-0.018252377568124957
2024-09-17,0.003851597082051998,,0.0029902433669442303,-0.01249801335422321
2024-09-18,-0.0033695175321079777,,-0.005938368188448742,0.007609658122885925
2024-09-19,0.006727493096007226,0.01725535181125387,-0.006443091535044479,0.01275776310061162
2024-09-20,-0.004414811791614145,0.02150718448507037,0.006448652583945539,0.008757253360448797
2024-09-21,2.3005022451735906e-07,0.011011950770572595,2.727917974625165e-07,0.004527414826427229
2024-09-22,2.3005022451735906e-07,0.017471704344902538,2.727917974625165e-07,0.0006378301511662328
2024-09-23,0.0037093476249536635,-0.011268472476426003,0.0013780985110060631,-0.00930184388285556
2024-09-24,0.0028623253059457537,0.01022395527860153,-0.001700668898827188,0.0019068143265177095
2024-09-25,0.0009572525951798253,0.02231516182846617,0.0070777908197412025,0.022202840137860634
2024-09-26,-0.0013973673747310603,-0.01494232796252697,-0.000470464341975442,-0.024758512093063678
2024-09-27,0.002580388044186973,0.03189034658469642,0.00213268874451009,0.03846236943190658
2024-09-28,4.593327324062062e-20,0.014521255829770135,0.0,0.022187093240006533
2024-09-29,4.593327324062062e-20,-0.0001659944305316156,0.0,-0.0009588102217299787
2024-09-30,-0.0002921246033698037,-0.0031764669494403147,-0.004236630290837841,-0.008033668106199205
2024-10-01,0.003241294618377901,-0.032500682690906446,0.004947922666632606,-0.02867248447349624
2024-10-02,-0.002181498865650021,-0.0347614746613774,-0.006418083444539056,-0.02916783132031166
2024-10-03,-0.0025464861186582565,,-0.001792056836820422,-0.007533113407823809
2024-10-04,0.0020619724269417927,,-0.009973147305987253,-0.0036874326999763916
2024-10-05,1.2868873295049636e-07,,2.547007229331448e-07,0.017592673225351355
2024-10-06,1.2868873295049636e-07,0.0008007439083893169,2.547007229331448e-07,-0.005758984281539634
2024-10-07,0.00012603323748077558,0.007112975413128186,-0.003369003146725912,0.008677722536713258
2024-10-08,-0.0037914447110008434,-0.007344578921005295,-0.003496491261449128,-0.0021059809297059033
2024-10-09,0.0005111512470794957,0.00011063335564912667,-0.0011027623287524681,0.0017355063654089348
2024-10-10,0.006892275688154242,-0.008996154518551371,0.0014996026583837948,-0.005032291297663269
2024-10-11,-0.0010894375727712115,,0.0040085098508166155,-0.0008154107635133988
2024-10-12,3.40761220389018e-07,,9.444064864834005e-07,0.012455234524350826
2024-10-13,3.40761220389018e-07,0.004997412940098145,9.444064864834005e-07,0.0032368961138709595
2024-10-14,0.006589236296589894,-0.003569673138848056,0.00321255971324704,0.00014012567693468775
2024-10-15,0.005662367644951459,0.022137981009288807,-0.0013942207344958557,0.005666007758990558
2024-10-16,-0.003389954488717474,0.0027102313733224337,0.005278190055290981,-0.0005922696737020573
2024-10-17,0.010125555151033944,0.0007545219487195072,0.0036157990602752057,0.013082912124582069
2024-10-18,-0.0033688273865692467,-0.0029368156540544254,0.001410124504802574,0.00471526120400171
2024-10-19,2.006115830313418e-07,0.011000806825391462,4.4871984462259915e-07,0.009963707624515731
2024-10-20,2.006115830313418e-07,0.005482786615368737,4.4871984462259915e-07,0.00913384203869971
2024-10-21,0.0011657077859133665,0.01131602323208535,0.004329502267263304,-0.0014295454646496726
2024-10-22,-0.010355548868803363,-0.011635931855284623,0.0029601169584872527,-0.00785601658388715
2024-10-23,-0.003546049896909667,-0.0031878783524378657,0.002561081300121875,-0.005599859481125088
2024-10-24,0.0014415026012419793,-0.013829399609294555,-0.0009580735844714828,-0.001731292241450999
2024-10-25,0.0008981005408780575,0.010240460799859234,-0.002231549875118023,0.010007572007190838
2024-10-26,9.543184466901795e-07,-0.034150111719481055,0.0,-0.024330503867530613
2024-10-27,9.543184466901795e-07,0.010965286544893586,0.0,0.015870583988245614
2024-10-28,-0.004775688365842072,0.010610734272210069,0.0024093177098542477,0.01796901436286965
2024-10-29,-0.004237809312462655,0.011923893648067637,0.0046330505152929555,0.03192783654973929
2024-10-30,-0.004177564865503135,0.018371717132708066,0.0009800595256925144,0.028782693163057423
2024-10-31,-0.002586592779825235,-0.005290216914817248,-0.004313651500746507,-0.01935284270224725
2024-11-01,0.0010419963480492644,-0.02341865628135982,-0.0006656428609282984,-0.017072568243584465
2024-11-02,1.5883091329813918e-06,-0.000724406254031847,0.0,-0.008545286503943218
2024-11-03,1.5883091329813918e-06,-0.003989885670356517,0.0,-0.002212682101809268
2024-11-04,-0.0022431881144461888,-0.012602675334689001,-0.002360160813091981,-0.012069618341215239
2024-11-05,-0.00358134333176117,-0.007212000950128818,-0.0002113975441506525,-0.001550368966734442
2024-11-06,0.02807996688049027,0.01565762387748044,0.00256377428567303,0.015115573045205472
2024-11-07,0.002112665453716524,0.050020771578965735,0.010364457096244777,0.04537918177016354
2024-11-08,0.0004151898203783832,0.014924866349834951,0.002216500120120144,0.004815856455076934
2024-11-09,3.940325418184643e-07,0.01076721236828264,1.975285894081309e-07,0.00729176248528201
2024-11-10,3.940325418184643e-07,0.01465275090672253,1.975285894081309e-07,0.021513933647892433
2024-11-11,0.0062256400006921436,0.026712319653225493,-0.0020572529174864348,0.05613683401388387
2024-11-12,0.0019012772040106556,0.029592330173050886,0.000691495127100423,0.0379291958834471
2024-11-13,-0.005986827137356599,-0.004761198015706958,0.0007203227919945497,-0.003375730752240995
2024-11-14,0.0027231312466557494,-0.0019674993889243347,-0.0020536222566290207,0.008090884140137904
2024-11-15,-0.012443571361245498,8.173355562729658e-05,0.0026812415410295163,-0.01142640758587293
2024-11-16,3.5518692548271117e-07,0.022482236623781612,2.530135052264597e-08,0.03169713822773812
2024-11-17,3.5518692548271117e-07,0.01885103178383817,2.530135052264597e-08,0.025342947417754016
2024-11-18,-0.0010191548702406703,-0.007646118747858459,0.0025784068936246136,-0.010282676717575656
2024-11-19,-0.0028128421876062945,0.012018853829271717,-0.003524155513642973,0.01110417179479775
2024-11-20,0.004112925002781459,-0.0032194720776719254,0.00430630851503684,0.004968101980548939
2024-11-21,0.004140487280829885,-0.0013613924788849487,0.003367161366245175,0.005515324262692226
2024-11-22,0.006935540524309317,0.018794600061576586,0.008218530492494686,0.018110708755674644
2024-11-23,9.173895190483832e-07,0.025063502833461367,0.0,0.048763634912416906
2024-11-24,9.173895190483832e-07,0.015315991300388613,0.0,0.04633273230240066
2024-11-25,0.009561155079971063,-1.0502713273491691e-05,-0.010579209011634715,-0.0026620369720596984
2024-11-26,9.991339019640748e-05,-0.015611859196019586,-0.000334794446553758,-0.02086450618234305
2024-11-27,0.002718075854664911,-0.004078771890963528,-0.006468129557997762,-0.007157764745265706
2024-11-28,0.0,0.018327416815230608,4.195914312197697e-07,0.017814543632522196
2024-11-29,-0.00030373798725299853,5.4919114462657106e-05,-0.000999130842695953,0.00781319076130344
2024-11-30,9.908300249405187e-20,0.015192326359441692,4.3273849794001556e-07,0.027190360710314686
2024-12-01,9.908300249405187e-20,0.002218698403483553,4.3273849794001556e-07,0.004158711918199466
2024-12-02,0.0033549698839578004,0.014999533986515795,0.003999880551838744,0.031012813546794023
2024-12-03,-0.0022905692417544924,0.020950248936589033,-0.0014181245779389836,0.019651535546867483
2024-12-04,-0.003028781107049279,0.00332627491835563,0.0027685469013237762,-0.014669695623088988
2024-12-05,-0.0014042113827045983,0.0075424365739719884,-0.006117666171881775,-0.009789645333102188
2024-12-06,-0.00110874980076823,-0.00674080527710977,-0.0010008445139150337,-0.010514563190228542
2024-12-07,3.1608488073052645e-07,0.015614523905455828,4.3840065638525e-07,0.018814559614191012
2024-12-08,3.1608488073052645e-07,0.002001847952914139,4.3840065638525e-07,0.012883132870320741
2024-12-09,-5.466387967071842e-05,0.0030883731044840583,0.0013357319989708836,-0.0035028002622028882
2024-12-10,-0.007000080210657653,-0.048848395779449875,0.0046677861640715525,-0.047285909927765976
2024-12-11,0.0002814670757504176,-0.002186331473982589,0.0028026255262677767,0.020264535546968186
2024-12-12,-0.002391355499688845,0.01759515729738542,3.0049982656800494e-05,0.001046405237427093
2024-12-13,-0.0050491612239321445,0.006464311383039029,-0.001392046585412884,-0.006571660320179814
2024-12-14,8.650805109301891e-07,0.004105160438645551,3.410940879222022e-07,0.009585595035037043
2024-12-15,8.650805109301891e-07,-0.007671815938785176,3.410940879222022e-07,-0.0001008858197364183
2024-12-16,0.0001819957129192249,0.00816432334809002,0.00039033727197103764,0.0013072586653694246
2024-12-17,-0.0073684546544891105,-0.002638398395598715,-0.0007909304126453997,-0.004913728114910493
2024-12-18,0.0007266090970305771,-2.2972442966379448e-05,0.00165087129222765,-0.008735122522341996
2024-12-19,-0.017548649168027525,-0.028761407302108348,0.009556586154034393,-0.03097479425995599
2024-12-20,-0.010344646019163012,-0.02271215538708019,0.0006532638922295404,-0.023288735830378056
2024-12-21,1.6820662610280737e-06,,3.5988073985002435e-07,0.0072375540783184596
2024-12-22,1.6820662610280737e-06,-0.007235727264213911,3.5988073985002435e-07,-0.009039327733811036
2024-12-23,0.005630242807817505,,0.0007129101890024346,-0.0017096427909633447
2024-12-24,0.0029418932472714677,,0.00034120699269187275,0.015603855081720408
2024-12-25,8.213629395415323e-05,,1.5815062403292156e-07,0.007157475285381385
2024-12-26,0.003668584277339798,-0.00026144481310252265,0.0013642534255699837,-0.0038905520585962397
2024-12-27,-0.0010039877455254025,-0.014086609366491202,-0.0027244710284022736,-0.013601752236965773
2024-12-28,4.637904931837519e-05,,1.3728120223405039e-07,-0.0027906800359249325
2024-12-29,4.637904931837519e-05,,1.3728120223405039e-07,0.00589204849800138
2024-12-30,-0.008008684136741719,,0.002390966602709645,-0.008457271100233456
2024-12-31,4.728871336390986e-05,,0.0006813790666501673,-0.0009276546410745153
2025-01-01,1.8480980833700686e-05,,1.536554015541978e-07,0.0015725554810736653
2025-01-02,0.003938924870896133,,0.005447968070103567,0.013471087670975632
2025-01-03,-0.004347808732219461,,0.004064087113062186,0.0052308884232133476
2025-01-04,2.4889670126352654e-06,0.024011834056851457,9.676350827049697e-08,0.004413859492780617
2025-01-05,2.4889670126352654e-06,0.0007846778426843723,9.676350827049697e-08,-0.001287906562526137
2025-01-06,0.006222991438530334,-0.0003172993283378458,-0.008099999764895845,-0.003294501371432506
2025-01-07,-0.0013884249892839177,0.007377085044034208,-0.0006804814061488473,0.0048927483747259965
2025-01-08,-0.007618852881242601,-0.03244507543433469,0.009524843974723246,-0.0159355136709677
2025-01-09,2.174835235126471e-06,,1.5028338894779824e-07,0.005880059140918389
2025-01-10,-0.0017859630819673596,,0.00303261449457682,-0.015064899501055643
2025-01-11,2.2503403474457335e-06,,1.6287481153931311e-07,0.012977650672589542
2025-01-12,2.2503403474457335e-06,,1.6287481153931311e-07,0.026735395766460408
2025-01-13,-0.01186529046667642,,0.00047222020353776474,-0.01914695975404493
2025-01-14,0.012368233315224835,,-0.002992262519103868,-0.002007259572136429
2025-01-15,0.011832513799874473,,-0.0021834441529861343,0.008206059972961158
2025-01-16,0.0002080802036321917,0.03477869271659449,0.0061982438891597024,0.04437705370631136
2025-01-17,0.011573561637583836,0.0026428284167028786,-0.0005950485272777778,-0.004046998838757517
2025-01-18,2.1002712336899102e-06,0.0210996554576208,1.9162350968116782e-07,0.003296778689007814
2025-01-19,2.1002712336899102e-06,-0.006023510530838337,1.9162350968116782e-07,-0.008774520798980884
2025-01-20,2.1002712336899102e-06,-0.023248040175065852,1.9162350968116782e-07,-0.027351750971092707
2025-01-21,0.003610745479980797,0.00432228707878142,-0.0030482577476758452,0.010247529386342331
2025-01-22,0.010474971922563657,0.00943626011033292,0.0012817429816118992,0.0015243641416999199
2025-01-23,-0.0019747008864494787,-0.005101916036691048,-0.0005451704349772542,-0.0054651606601235315
2025-01-24,0.006398422042676993,-0.0013400319759453402,-0.00020988087388644605,-0.0002727670876539326
2025-01-25,6.882043831417033e-07,-0.0012447128165728866,8.758830356423478e-08,0.00132931974795373
2025-01-26,6.882043831417033e-07,0.003527893498299605,8.758830356423478e-08,-0.0004637841264784695
2025-01-27,-0.005664405325053564,-0.011363836236060236,-0.005466173046051833,-0.00756545176164849
2025-01-28,0.011527519741241004,-0.004224528462621227,0.0048727539887186855,-0.0029069052126033928
2025-01-29,-0.003431419436518984,-0.01198660577495641,0.00242626027632539,-0.007114186824922151
2025-01-30,0.00271605766016757,0.009114079569432922,0.0012062105254293006,0.005428462847976324
2025-01-31,0.005823280444143065,0.015579555037901637,0.006326324536917854,0.0073470257888176614
2025-02-01,3.1577165152837903e-07,-0.0015326693909787506,4.698241458287815e-08,-0.003267859641998769
2025-02-02,3.1577165152837903e-07,-0.02209634944532747,4.698241458287815e-08,-0.020489596163092306
2025-02-03,-0.019094460287750394,,0.0066932662763586415,-0.022541739282151828
2025-02-04,0.0073428607211500335,,-0.002577425497523693,0.009847778888512739
2025-02-05,0.005530386823031837,-0.021559170283170406,-0.0017284682916067567,-0.015545789495688161
2025-02-06,0.005227988965427253,,0.0016083683926006586,-0.008161514711881174
2025-02-07,-0.0008324853299282956,,0.0007471857689728463,-0.00743973790978559
2025-02-08,3.5671973819934643e-07,,1.5963680685996804e-07,0.0034691890226404842
2025-02-09,3.5671973819934643e-07,,1.5963680685996804e-07,0.0035304283053855666
2025-02-10,-0.0032910088551987428,,0.007876424388886494,0.0010006846302240647
2025-02-11,0.0007416879673241599,,-0.0014919866697090868,0.007619857286280694
2025-02-12,-0.0027630624621635975,,-9.949132891895942e-05,-0.005614853553957929
2025-02-13,0.0077849162783225154,,-0.0006074634686499177,0.002913743857859023
2025-02-14,0.004014075273722457,,-0.004096916074851921,-0.00689252070696771
2025-02-15,4.0786921258416094e-07,,5.884857231058382e-08,0.0027682990637567474
2025-02-16,4.0786921258416094e-07,,5.884857231058382e-08,0.007667518382104319
2025-02-17,4.0786921258416094e-07,,5.884857231058382e-08,-0.006348582992580945
2025-02-18,-0.004105160133585983,,0.0013746583875137465,-0.004066969312372878
2025-02-19,0.002965059999628007,,0.0024366560060759116,0.0033802238569133982
2025-02-20,0.0028687772296080547,,-0.002572037906718194,0.006272746133959439
2025-02-21,4.9999668008663786e-05,,0.0018046392989672219,-0.0007977688991962794
2025-02-22,6.40820594880995e-08,-0.019354551563661376,9.16920637807402e-08,-0.006042728406073302
2025-02-23,6.40820594880995e-08,,9.16920637807402e-08,0.0018951303146063085
2025-02-24,-0.005547288270540921,,0.0023977556421437775,0.003869058784616394
2025-02-25,8.968637021198132e-05,,3.682740307551794e-05,-0.029870349094094382
2025-02-26,0.0029309398300458003,,-0.016124952219931644,-0.007044057186539984
2025-02-27,-0.004001889768884854,,-0.0022075999084919585,0.0005558118886965986
2025-02-28,-0.004318672870458727,,-0.014711851721612745,0.0023603324443210124
2025-03-01,1.4122470831132981e-07,,4.0165998577819533e-07,-0.00034370217252609615
2025-03-02,1.4122470831132981e-07,,4.0165998577819533e-07,-0.016374156082725813
2025-03-03,0.013534860363485685,,0.009534809617905027,0.015243009725583961
2025-03-04,-0.015505673952530982,-0.11940792228402534,0.0041377650267711025,-0.07090526460980474
2025-03-05,0.00015388076774882218,,-0.006965049764851458,-0.028259155101835447
2025-03-06,-6.570054931845952e-05,,0.0007516188151281618,0.0008170556021867081
2025-03-07,-0.0036216010153276293,,0.0031214382087763437,-0.001749762933889569
2025-03-08,0.00010401629959317991,,5.369717856753037e-07,0.0006065458305363823
2025-03-09,0.00010401629959317991,,5.369717856753037e-07,-0.001971091888208239
2025-03-10,-0.00031003762114960006,,-0.005445437143939195,-0.01439112634859728
2025-03-11,-0.006564831180675798,,0.0007130650114823784,-0.008409071962811362
2025-03-12,0.005354823931483242,,-0.005348999176473132,0.005946711259087907
2025-03-13,-0.0008547251348392169,,0.01121643787064936,0.0011950019034825143
2025-03-14,-0.0005805940487981876,,0.010669216984073944,-0.0037116797982055644
2025-03-15,0.00010139008592015637,,7.213066572730317e-07,0.004296240793462659
2025-03-16,0.00010139008592015637,,7.213066572730317e-07,0.0011966107273833598
2025-03-17,0.005327388654780833,,0.0031749878365623734,-0.01204881668201575
2025-03-18,7.659475499659281e-05,,0.015516699276828775,0.0074298351019825605
2025-03-19,-0.0006098747869138773,,-0.00017878366452479976,0.006613190550264773
2025-03-20,5.5983076929987394e-05,,0.007706072960620412,0.004159810099682287
2025-03-21,-0.0005738699682406913,,-0.004902744568290872,-0.004740248911310166
2025-03-22,9.845187725619947e-05,,3.313551869320798e-09,-0.003990646198491108
2025-03-23,9.845187725619947e-05,,3.313551869320798e-09,-0.0018255531558593488
2025-03-24,0.009807568849042346,,-0.0073196708105109495,0.0028751614266007094
2025-03-25,0.005765345521329317,,-0.0007574886471018423,0.004846190234032951
2025-03-26,-0.0017436812991214784,0.004428224659451065,0.0005365954998885811,0.0013265198775712747
2025-03-27,-0.01682075311052204,-0.006857554149064682,0.00579229727496357,-0.010090351341288986
2025-03-28,-0.0032306865161327264,0.0016843052520645674,0.011624678993704007,0.0050701401179863775
2025-03-29,5.701935245928879e-06,-0.023513246310988216,4.513138935572571e-07,-0.015275625748799185
2025-03-30,5.701935245928879e-06,,4.513138935572571e-07,-0.010415633502913704
2025-03-31,-0.03188338265262847,,0.013044837987685383,-0.00036814352800067555
2025-04-01,0.014892412440261717,,0.003509757019249648,0.0017378448180369861
2025-04-02,-0.00915633311503805,,-0.0009013349062321359,0.004498384383839933
2025-04-03,-0.01415362460496726,,-0.009008715304870596,-0.014877270121621494
2025-04-04,-0.04525873807028067,,0.007633971028365705,0.015125579899622333
2025-04-05,6.092703728582463e-06,,1.6659632428492104e-08,-0.016932748924239113
2025-04-06,6.092703728582463e-06,,1.6659632428492104e-08,-0.009975229124653437
2025-04-07,-0.07146648314529673,,-0.017846333375455086,-0.01465436132503016
2025-04-08,0.06475306167633425,,-0.016523326407194273,0.013646037798302141
2025-04-09,-0.017363032080222045,,0.015225244588091399,-0.024571021059873646
2025-04-10,0.020328674590607335,,0.02083842176496528,0.017329415010848115
2025-04-11,-0.004854694115810854,,0.028410706073915524,-0.02393797988125692
2025-04-12,0.0001282498507386384,,1.726337738009831e-05,0.004742794398669767
2025-04-13,0.0001282498507386384,,1.726337738009831e-05,0.02239567014825442
2025-04-14,0.007625367889479674,-0.020161656292788176,-0.006807042943189067,-0.014421423762647642
2025-04-15,-0.002396078232941105,,0.003572077558712174,0.0018765741612870824
2025-04-16,-0.0051887282285483114,,0.02002786168894792,-0.008468067386879602
2025-04-17,-0.0035265000199351183,,0.004226550351104013,-0.0005276856256028529
2025-04-18,0.00011904477230920137,,3.8496412871632545e-05,0.005384499165973071
2025-04-19,0.00011904477230920137,,3.8496412871632545e-05,-0.0032046821101751445
2025-04-20,0.00011904477230920137,,3.8496412871632545e-05,0.008463821024497454
2025-04-21,-0.0056018580454192,-0.0012889498996547313,0.02078314070164219,0.0020354159418838995
2025-04-22,-0.00041588159076195585,0.004199910450375612,0.005804370694647126,-0.006140728267114079
2025-04-23,0.013634607675229695,0.06388538206914109,-0.02932294002193942,0.019059332827703883
2025-04-24,-2.307650339140115e-06,0.007375130859386129,0.006491136060946401,0.00525628786585851
2025-04-25,0.006533751930924488,0.0046374226956764015,-0.010500192021461326,0.0010832817986479875
2025-04-26,0.00011465610968185477,-0.0008670923248706277,6.301186582455209e-05,-0.0008230252856610137
2025-04-27,0.00011465610968185477,0.0026216869155459973,6.301186582455209e-05,
2025-04-28,0.005128795544854018,-0.007601047916636553,0.004983849576852459,
2025-04-29,-0.0018680783134585248,0.00674203118070636,0.0034020743719365854,
2025-04-30,-0.00328361049559065,-0.007946665981517569,-0.002997141561010122,
2025-05-01,0.009125710952273582,-0.006983748879155896,-0.01808788323837963,
2025-05-02,0.004866981274187829,0.015353411897402396,0.007384854639195139,
2025-05-03,4.232891144442864e-05,-0.0020477219572472343,3.43785073751642e-05,
2025-05-04,4.232891144442864e-05,-0.008060699462086336,3.43785073751642e-05,-0.00294497578029008
2025-05-05,-0.003626261733646922,-0.012255386059603104,0.015662944007193935,-0.007670813636196417
2025-05-06,-0.00543479964335993,-0.0001192321075030954,0.019094649811568835,0.008835988120064118
2025-05-07,0.0034885539775416433,0.010691303175016105,-0.002553305205624152,0.0005867757689634752
2025-05-08,0.01372811537197402,-0.00284572817214078,-0.005997908893716469,0.0014293265884469035
2025-05-09,0.0023482152020750753,0.05726642380330335,-0.005074720659612446,0.05537723597763079
2025-05-10,6.302916191814665e-06,0.020620733248343435,3.276973564721645e-05,0.024432194424297407
2025-05-11,6.302916191814665e-06,0.023769664394573828,3.276973564721645e-05,0.03035102033326243
2025-05-12,0.031068199071650794,-0.011350793184095894,-0.024449668116711624,-0.006170782536135731
2025-05-13,-0.003269373519684976,0.003018033869524176,0.0018645995576281559,-0.007623731809783429
2025-05-14,0.013443135312457695,0.008074118734220656,-0.014243421123428196,0.01091036268156224
2025-05-15,-0.015970740080969163,-0.008652271450727004,0.0013664840582531576,-0.017799989965377957
2025-05-16,0.011488277107826836,-0.01089211191743287,-0.0048132137135759884,-0.0051011184871391025
2025-05-17,5.5338609152280995e-06,-0.001828897251101507,7.346382230970945e-06,0.008599516183519855
2025-05-18,5.5338609152280995e-06,-0.006502929457863275,7.346382230970945e-06,-0.007829283142894381
2025-05-19,-0.004964024264098361,0.011732723169198486,0.017693572534960542,0.008651897119091267
2025-05-20,0.010766942785751108,-0.005888592531514186,0.0016598196378484172,-0.005848046966089603
2025-05-21,-0.008546171353023505,0.0006085522724716659,0.019799891040580216,0.0016678915950776797
2025-05-22,-0.012050276505209104,0.008357269365359452,0.0016980503972412204,0.0007620887920168489
2025-05-23,-0.007949014417022896,0.011844915860440472,0.01206331539515519,0.008570048895736324
2025-05-24,5.408858856881646e-07,-0.018636798768618543,3.877609306948712e-06,-0.014558963911910488
2025-05-25,5.408858856881646e-07,0.0014504772012281697,3.877609306948712e-06,0.0007691678956748011
2025-05-26,5.408858856881646e-07,0.0018038490957234465,3.877609306948712e-06,0.0006549533004217686
2025-05-27,0.012300320305560629,-0.00039766108752995854,-0.016147501803331306,0.0005173769340713753
2025-05-28,0.007958587550366185,0.0034492334281620456,0.002647099886042648,0.004038967655348464
2025-05-29,-0.004229836317992631,-0.0017981428537508421,0.003585028045454602,-0.003108004880059857
2025-05-30,-0.00010017604028931946,-0.008691631238920652,-0.0068382078120132125,-0.006237561016109404
2025-05-31,3.2264843158381007e-07,-0.020267551100066592,7.192028311885932e-07,-0.017391340934546088
2025-06-01,3.2264843158381007e-07,0.002120223155118298,7.192028311885932e-07,-0.0013096911599519783
2025-06-02,0.0005809053054227791,0.002197749783732032,0.01827250327633175,0.003765618371160672
2025-06-03,0.003238993342092089,0.003872110034076596,0.0011271715697337128,0.0031328489337484173
2025-06-04,0.00806246288482069,-0.001067653486404749,-0.00048345600734857504,0.00014148301941075434
2025-06-05,-0.0012753045003421693,-0.006807456596172706,0.00589976270551274,0.0034793923237066327
2025-06-06,0.00025620090188115227,-0.024201097959724565,-0.0068894599850260335,-0.008404101282107564
2025-06-07,5.541863052829003e-20,,4.325557958446745e-07,0.0022053329439434962
2025-06-08,5.541863052829003e-20,0.0056887254982870995,4.325557958446745e-07,0.007889441565511168
2025-06-09,0.0015037516769967627,0.0018921508738187372,-0.011947138046210202,-0.003010528592173585
2025-06-10,0.0034115675823726556,0.01716677235854039,0.009535788110896422,0.012290590143038111
2025-06-11,0.006430166403844873,0.009170606601067869,-0.0026163627449108033,0.004155120971549823
2025-06-12,-0.0049549196736291875,-0.007533274080044101,0.01374766365316409,-0.011527882779828103
2025-06-13,-0.001131563577338824,-0.018607185916881323,0.01764967981708801,-0.010631456315252225
2025-06-14,0.0,-0.0065056932643591855,5.440403088682067e-07,-0.0007156232868241013
2025-06-15,0.0,-0.007069943503522709,5.440403088682067e-07,-0.0037347453620857666
2025-06-16,0.0005753088676567955,,-0.007740551599560865,0.003928411123537985
2025-06-17,-0.003766843093742991,0.00236906230501961,-0.006798469334007676,-0.0001329850442166936
2025-06-18,-0.00526180686966261,-0.010297193782719318,0.0007348967231393305,-0.004118513663025178
2025-06-19,2.923358121739276e-07,,1.4335255851589938e-07,0.0008468111582362851
2025-06-20,-0.002042049228922078,,-0.011359488174052693,0.013449913357420289
2025-06-21,4.916045302695951e-07,,2.687052569976702e-07,-0.015987073612422836
2025-06-22,4.916045302695951e-07,,2.687052569976702e-07,-0.006730738123034113
2025-06-23,-0.0010476419930052455,,0.0032603764653136766,-0.012082397556853494
2025-06-24,0.012091092310863586,,-0.016933865313353884,0.017634105755952003
2025-06-25,0.003646890956020019,0.005500281307532896,,-0.0013585602684831187
2025-06-26,-0.0015454689400255532,-0.00459879493195141,,0.012254151806802194
2025-06-27,0.004209577613157933,-0.007581881138794686,-0.018690712700647292,0.00036074794609356034
2025-06-28,9.889755460705726e-08,0.005728198197052806,7.163482436374284e-07,0.0069808338891207454
2025-06-29,9.889755460705726e-08,0.00962071171187391,7.163482436374284e-07,-0.0006589683224088603
2025-06-30,0.006606953502456049,0.012580129776717849,,0.007347845809260262
2025-07-01,0.002037963502387556,-0.006963828324034644,,0.0011195056819063441
2025-07-02,0.010328214008366522,-0.021726727729572293,,-0.009459967572750451
2025-07-03,0.0029570165584464772,,-0.0031924235383198546,0.013922093650334002
2025-07-04,7.38386434397917e-20,0.006462846167304214,1.0581630037062229e-06,-0.0007513050353227445
2025-07-05,7.38386434397917e-20,-0.023837692332143216,1.0581630037062229e-06,-0.010400634631216139
2025-07-06,7.38386434397917e-20,0.003019001680520484,1.0581630037062229e-06,0.0017079593019701583
2025-07-07,0.0004117897817000693,0.01280884055386206,-0.006406301200688842,0.007406120738949042
2025-07-08,-0.0066491279776565845,-0.007323931029544955,0.0040057319056850576,0.00010718011959806542
2025-07-09,0.003551395258327276,0.011454666987640125,-0.008813318829093067,0.005188207935963596
2025-07-10,-0.0008376372662621041,0.027827486880652192,,0.013952042031580576
2025-07-11,-0.0009439998042360758,0.04126515844627521,,0.017994042496929957
2025-07-12,1.6692581067920774e-07,0.009766208790899652,,0.019969420628249825
2025-07-13,1.6692581067920774e-07,-0.003433677533256872,,-0.006285528841821368
2025-07-14,-0.0017127817396945647,0.010309956078547844,0.0006759096247662797,0.04825559448453288
2025-07-15,0.0036759073365000452,0.0034506216939484673,-0.004299810575674421,0.004975703732099468
2025-07-16,-0.007913812550349467,0.005309766505238648,-0.001997692056705486,-0.0051536963114677216
2025-07-17,0.0009299365967943514,0.01655355749498549,-0.005197391870600189,0.018316617376931525
2025-07-18,0.007133278922839276,0.023048490861981415,0.012138768352010382,0.042851549857708664
2025-07-19,5.949666280673951e-07,0.002274930135368356,1.423164141832468e-06,-0.002465068462877023
2025-07-20,5.949666280673951e-07,0.012392760788976569,1.423164141832468e-06,0.0011347974974491172
2025-07-21,-0.0016923456825520555,0.01643422409941804,0.008460559340894404,0.00236776280800907
2025-07-22,-0.0006333977164021309,0.006810785632981677,0.008272449689017674,0.009406444050740733
2025-07-23,0.009892872865137948,0.009831661493027118,-0.0015149665414320697,-0.000122593180626084
2025-07-24,0.00229169679465168,-0.03510984844578205,-0.01490968257517766,-0.03828614891047603
2025-07-25,0.00019136655834957987,-0.006324094682572408,-0.004722684351094476,-0.0036766955084585463
2025-07-26,7.38386434397917e-20,0.005030120194395686,1.0203846485469902e-06,0.0019359107064306034
2025-07-27,7.38386434397917e-20,0.0029852176346856214,1.0203846485469902e-06,0.000139537300357044
2025-07-28,0.001793616507935726,0.014871377034082164,-0.00444747896099296,0.007440213795359896
2025-07-29,-0.001419923638285759,-0.017116655683457542,,-0.012568651154753578
2025-07-30,-0.0006841709590965311,-0.00533019017497453,,-0.0005154260207332623
2025-07-31,-0.006908266645684165,-0.004693979049745196,0.0005549422718999405,-0.003880079407249805
2025-08-01,-0.010298861414359458,-0.013322502915723051,,-0.007991449593095617
2025-08-02,1.1534374901670076e-07,,,-0.012676471312954482
2025-08-03,1.1534374901670076e-07,,,-0.008640900644580368
2025-08-04,-0.00034787626138742755,,,0.009722960314584332
2025-08-05,0.008637753596927283,,-0.0013699981397527932,0.015501805100124647
2025-08-06,-0.0013621573138272857,,,-0.0058724440930869705
2025-08-07,0.004321974737366351,,0.004472937807194503,0.0026275154945048806
2025-08-08,-0.002904226621219901,,,0.014713788490055427
2025-08-09,6.794213491651864e-07,0.005714407655449095,,0.0021969586157608973
2025-08-10,6.794213491651864e-07,0.00867544043750156,,0.012547077221515686
2025-08-11,0.004260064222056823,0.0028185732427874447,-0.011840352849040415,0.0032264412074825533
2025-08-12,1.128875080391213e-05,-0.013731179216533624,-0.0012838242832677986,-0.00735801416438409
2025-08-13,0.008176237660330184,0.03538745483489979,0.0028287972122862477,0.027310977591670244
2025-08-14,0.0017157336696504229,0.01718863199679999,-0.0037465002244697477,0.005045849656940528
2025-08-15,0.006125409270520315,-0.025134331580846228,-0.0018963005378315502,-0.016853467167147022
2025-08-16,3.691932171989585e-20,-0.005509567621306899,1.5797667520720194e-06,-0.006763971492720863
2025-08-17,3.691932171989585e-20,0.004222631729630916,1.5797667520720194e-06,-0.0005135414576813304
2025-08-18,-0.0025862981465179795,0.009714685886701279,,0.013127467393305012
2025-08-19,0.0012527460065109035,-0.012180175289386592,,-0.00487617142138735
2025-08-20,0.003760301013184782,,,-0.015130305831341593
2025-08-21,-0.0036826260991596276,,,0.016101330539898182
2025-08-22,0.004016745403801051,,,-0.007587470403881965
2025-08-23,7.38386434397917e-20,,,0.02264322670865707
2025-08-24,7.38386434397917e-20,-0.0029423731715140966,,-0.004232376588828933
2025-08-25,0.0063321583816039724,,,-0.0018484427109486138
2025-08-26,-0.0057805092861207994,,0.0030383703844061747,-0.021972622594163382
2025-08-27,0.0022682551762370374,,,0.011099294799714278
2025-08-28,0.0032904127671551436,,0.006138965939977398,-0.00511985342916919
2025-08-29,-0.001695167413943647,,0.004426157020341534,0.005850998129078506
2025-08-30,1.962514517660397e-07,,1.6270937935669457e-06,-0.011597361082075493
2025-08-31,1.962514517660397e-07,,1.6270937935669457e-06,-0.0006577886159644676
2025-09-01,1.962514517660397e-07,,1.6270937935669457e-06,-0.0014984511149652487
2025-09-02,-0.006408752620796086,,0.019206954931597887,-0.005183962926443208
2025-09-03,0.001723131043518093,,0.02144659026365232,0.009183271589423026
2025-09-04,-0.00010037969175170557,,-0.0022122258748550434,0.003667641320419944
2025-09-05,0.007867328451818334,,0.007612623140128761,-0.010977594994138404
2025-09-06,3.66182384860498e-07,,6.950553419233285e-07,0.0006025237082580405
2025-09-07,3.66182384860498e-07,,6.950553419233285e-07,-0.004481505016818791
2025-09-08,-0.005898385039223732,,0.012478227300160055,0.007849750615705866
2025-09-09,0.0006145472424508838,,0.005578044685179459,0.009632162743995977
2025-09-10,0.006196874285065211,,-0.0017258595934190818,0.003765909433383234
2025-09-11,-0.00018415932566896758,,0.00010343283331542852,0.008294499923588794
2025-09-12,0.005752942509056827,0.013799837464744934,0.00281731774950832,0.005857998788147479
2025-09-13,7.38386434397917e-20,0.025778784049992575,2.1414724498569704e-07,0.016519653739332837
2025-09-14,7.38386434397917e-20,0.00851036258961605,2.1414724498569704e-07,0.009067684956618782
2025-09-15,-0.00123676356291879,-0.020983623981968867,0.0025482671729744294,-0.007265074605470381
2025-09-16,0.0002827020244891287,-0.014695494362815465,0.004624532623348882,-0.0044679261766850395
2025-09-17,0.00038728799587342983,0.013524291551193435,0.001834803637493048,0.0032034262748188327
2025-09-18,0.002101815402463255,0.020994913179690898,-0.011954774978947875,0.017438352687106556
2025-09-19,0.002174022063421938,0.005090675729742947,-0.0008216568677855875,0.013282147762485387
2025-09-20,3.144098098085512e-08,-0.024158081627201365,0.0,-0.015548473917353197
2025-09-21,3.144098098085512e-08,0.00811206093204324,0.0,-0.0005358516915789405
2025-09-22,-0.004073955270746458,-0.006726869356503832,0.0066536241410413335,-0.005317938261325109
2025-09-23,0.004660349377175759,-0.044863570153926564,0.008026915285791582,-0.014490978252342837
2025-09-24,-0.0003510661548136936,,-0.0012622122632210148,-0.00712764845105654
2025-09-25,-0.0039155715031134785,,-0.004419056954855989,-0.0034475867019224658
2025-09-26,-0.00021663322805905234,,0.0027347694346049204,-0.032482075899257154
2025-09-27,1.908478662012765e-08,,4.669241992986206e-08,0.015487562842198476
2025-09-28,1.908478662012765e-08,,4.669241992986206e-08,-0.0014527979481787484
2025-09-29,0.004673479934975836,,0.00953943492695431,0.009443795765099235
2025-09-30,-0.002676051316055824,,0.001462873210849345,0.0039342440599686185
2025-10-01,0.003615434377079957,-0.006433419181997633,0.006906774389067926,-0.003947465487104867
2025-10-02,0.0047907944603805975,0.03180147715403485,0.0016802441666984955,0.011019285921398744
2025-10-03,0.00012188907454548205,0.021490260017483772,0.0006246410685049356,0.01217062024852937
2025-10-04,5.081913763627932e-20,0.005618891658799424,0.0,0.008721939639217828
2025-10-05,5.081913763627932e-20,-0.010317685278916192,0.0,0.01598978703296567
2025-10-06,0.005740555751294368,0.000779625907740659,0.00037292553239156,0.007126666625642034
2025-10-07,-0.0010528723221413347,0.016645681416611904,0.006884150115077115,0.001015660041335318
2025-10-08,-0.0012625559560994312,-0.02249673409641545,0.010041415080687188,-0.020835640981588518
2025-10-09,0.00164089414355954,0.011530134154521173,-0.0010331721721847022,0.04384828524353879
2025-10-10,-0.005821914614080872,-0.009497525162075585,-0.0010398954061107215,0.013457098486998864
2025-10-11,1.1769458463281138e-07,-0.08995557689928914,0.0,-0.029878899926401678
2025-10-12,1.1769458463281138e-07,,0.0,0.02712194114066821
2025-10-13,-0.01324419718044081,,0.01181483573037863,0.007297682803822018
2025-10-14,-0.0007111718561094271,,0.0042721385825180746,-0.0042172773692597445
2025-10-15,0.007495610641411143,,0.010307710545934226,-0.00818637937682851
2025-10-16,0.001796017956805061,,0.0025363706068677826,-0.011680785493149026
2025-10-17,-0.0058339193196929,,0.010938164185834822,-0.013176675687221185
2025-10-18,6.119433354237785e-05,,1.6939712545426438e-20,-0.0015332883212722933
2025-10-19,6.119433354237785e-05,,1.6939712545426438e-20,0.003914486234505343
2025-10-20,0.005475890221764477,,0.0017052541828582821,0.008446154983915535
2025-10-21,0.003945810768545972,,-0.006677234718996934,0.01315350055444365
2025-10-22,-0.0006960523768303231,,-0.012543047932190363,-0.007055823771961841
2025-10-23,-0.0005168150240423255,,0.0036107847450094085,-0.0075268593186505915
2025-10-24,0.00454039073092958,,-0.002338477510172759,0.00854811994264706
2025-10-25,7.666417358527266e-06,,6.489488531468989e-07,0.009111207249531978
2025-10-26,7.666417358527266e-06,,6.489488531468989e-07,0.0032889046075748364
2025-10-27,0.0013090361218865343,,-0.007679377525241407,0.020289455444637165
2025-10-28,0.003767717376324966,-0.002774283084315446,-0.003036336181007176,0.004402996276322901
2025-10-29,-0.003854385311718477,-0.0066823478289065015,0.006164157550096925,-0.010764913076137009
2025-10-30,-0.012859453304380646,-0.0014899712847664679,-0.01507156110735751,0.008612518645390598
2025-10-31,-0.0005980673694339718,,0.005428650107312442,-0.0052699439983966275
2025-11-01,1.9603322266968252e-07,,7.583739925795233e-07,0.017850778374698787
2025-11-02,1.9603322266968252e-07,,7.583739925795233e-07,0.004641471642514871
2025-11-03,0.0017471490205655637,,-0.006031555311809927,0.004954642691808476
2025-11-04,-0.009456774894053933,,-0.002796808599973708,0.012090942998931445
2025-11-05,-0.0011408783680744974,,-3.165182795039956e-05,0.006222276387391302
2025-11-06,0.0009479163731337433,,0.000930799523677454,-0.010716823217996536
2025-11-07,-0.004617587183515899,,0.001587509205814743,0.03701510529821245
2025-11-08,1.322464985382545e-06,,1.3802046740760245e-06,0.019428325364182413
2025-11-09,1.322464985382545e-06,,1.3802046740760245e-06,-0.04477247505765418
2025-11-10,0.006157159902401225,,0.006293241619245045,0.004374646508613754
2025-11-11,0.003907392995337989,,0.006519277317298085,-0.03737275358056474
2025-11-12,0.009558979419366228,,-0.00023183074896993147,-0.03260145680615115
2025-11-13,0.0004974335229126875,,0.0028470701948112615,0.019288747411380116
2025-11-14,-0.011042032799530886,,-0.009028855989036001,-0.0029964140122545886
2025-11-15,5.234927264871584e-07,,8.649790275792157e-07,0.046327699802968886
2025-11-16,5.234927264871584e-07,,8.649790275792157e-07,0.03091568616289251
2025-11-17,6.588883275153001e-05,,0.0026257657888289535,-0.010535301357547242
2025-11-18,-0.01000575759055467,,0.0020976464939341565,-0.01550746076434522
2025-11-19,-0.00021962961496412692,-0.025593051183221794,0.007819321133604408,0.0009301804264430263
2025-11-20,0.004852749051562957,0.025081057903031945,-0.006548354473628446,0.00475926407291471
2025-11-21,-0.012994405231376786,0.019404550868817864,0.001307952457747247,-0.014010581021897627
2025-11-22,1.5654185721490762e-06,0.018202053499324387,8.385572763985643e-07,-0.0283046796207724
2025-11-23,1.5654185721490762e-06,0.0011393464359332939,8.385572763985643e-07,-0.012056009840966497
2025-11-24,0.009941503567371682,-0.009453406622041256,0.0027182167687032008,0.009120853252607773
2025-11-25,0.0002648679899798488,-0.020554434845646303,0.006442731545960291,-0.008042479875375692
2025-11-26,0.010753246347220427,0.0005333362160748182,-0.0004166612931817742,-0.0004737137358396189
2025-11-27,1.4839791918857753e-06,-0.012525352720221518,7.853320319773953e-07,0.023754636101767607
2025-11-28,0.0035908082092822725,0.0013911911147254346,0.0011747240987410213,-0.015668564224780943
2025-11-29,1.4707387123780253e-06,0.007039381775081323,5.690010488467334e-07,-0.012037600440341988
2025-11-30,1.4707387123780253e-06,0.0056518875246053335,5.690010488467334e-07,-0.0013734336099461204
2025-12-01,0.0008409332240596326,0.0062499038119224505,-0.008282208095709342,-0.0013351149495788826
2025-12-02,-0.0002623121983442649,0.03455290870649268,-0.0033617542227633505,-0.011562402892887786
2025-12-03,-0.001009959340260233,-0.04457864309241299,0.0026147219939881925,0.012275170346008515
2025-12-04,0.008490620933459566,-0.022561279083333257,-0.001052112624387967,0.006246987412982247
2025-12-05,-0.0013744281331854525,0.009910555226582877,-0.0016421630849275959,-0.004243777652593913
2025-12-06,7.752044510199555e-07,0.014694040723784762,8.125435497396682e-07,-0.005279279665937483
2025-12-07,7.752044510199555e-07,-0.0013258259161453814,8.125435497396682e-07,0.004824776136650501
2025-12-08,0.0005886064350439938,-0.00035391938810949415,-0.005746628837641197,0.0010017073728724871
2025-12-09,-0.005489890807376515,-0.0047177199721541475,-0.003595155391041855,-0.001395517417553282
2025-12-10,-0.0033499574772727723,-0.013299167686018826,0.0008510781925552745,0.008424139727775976
2025-12-11,0.0070136055243827395,0.006624258289706736,0.007900394083575455,-0.0032375280435661853
2025-12-12,0.008042655710676926,0.0063694638819012835,0.025889096696495265,-0.0014926046737180662
2025-12-13,8.344268994202005e-07,0.008315400636161447,1.0387347130298246e-06,-0.005964959153434891
2025-12-14,8.344268994202005e-07,-0.002877419258583637,1.0387347130298246e-06,0.0023443353307846244
2025-12-15,0.002077995237067833,0.009816724085806899,-0.0034858628916741166,-0.008952969800817114
2025-12-16,-0.0019190781066974801,0.009123056926796314,-2.5470995255274294e-05,-0.010526798550503737
2025-12-17,-0.004462319184714394,-0.0032080155965301923,0.0008271583924580035,0.0037670411935391635
2025-12-18,0.0007417620473474858,0.013584868611522619,0.0005012216952474623,-0.010794350125540916
2025-12-19,-0.0025610463636422842,0.008398108280140862,-0.0009002898733746858,-0.0009993059415803313
2025-12-20,3.234287170294672e-07,-0.018019101820162628,5.18031094137907e-07,0.027332784591631867
2025-12-21,3.234287170294672e-07,0.0003893414152631448,5.18031094137907e-07,-0.005683640068649158
2025-12-22,0.003004856907807281,0.0012517849749515227,0.000529325388273869,0.0016700958674306034
2025-12-23,0.0007953482214994972,-0.0008673765378996099,-0.00028810548126685274,-0.0034803234930328828
2025-12-24,0.0017769292893490313,0.005479480948996315,3.8980382470583175e-05,-0.008980213640192835
2025-12-25,2.6384320937925414e-07,0.0027933463419716024,4.919632691071839e-07,0.006141456227927742
2025-12-26,0.004501586735630315,0.008520672787398004,0.009812925058431145,-0.0007814995516350592
2025-12-27,2.231245542705789e-07,-0.004526754121339509,5.015083863986554e-07,0.005430737678347768
2025-12-28,2.231245542705789e-07,-0.01482000200368343,5.015083863986554e-07,0.027948955367757728
2025-12-29,-0.0009402081959031864,0.0013974481503944692,-0.03068055116010881,0.003468305921233218
2025-12-30,-0.0004766363659040412,0.006363449094146322,-0.00014840631087894717,-0.002853145720157447
2025-12-31,0.0009891213697493326,-0.00414960452157496,-0.0008108862833669608,-0.000666400860352596
2026-01-01,4.4147319472746754e-08,0.00886713639175063,7.076706211097402e-05,-0.004816088371572046
2026-01-02,-0.0032034796798006008,-0.0222987412991276,0.0011094427993247737,0.004534408924924976
2026-01-03,6.647451870026281e-08,-0.02725395155800052,6.376962900413414e-05,-0.002641270757412887
2026-01-04,6.647451870026281e-08,,6.376962900413414e-05,0.012222249255197819
2026-01-05,0.0041703104151021905,,0.006879093833814198,-0.0006174863952340087
2026-01-06,0.0040759392579563835,,0.0073398118874309515,0.001832109271476109
2026-01-07,0.007505714481108623,,-0.004237963219468115,0.002315755878366232
2026-01-08,-0.011085748063645002,,-0.0036495382359727196,-0.014269057215973548
2026-01-09,0.010498807509451626,,0.01452860518757649,-0.02401127675261337
2026-01-10,4.688048800133887e-20,,7.496921662561518e-06,-0.0007373526742720541
2026-01-11,4.688048800133887e-20,,7.496921662561518e-06,
2026-01-12,0.001533149894804085,,0.0013938828481053485,
2026-01-13,0.003036420849150301,,0.0018807525016086922,
2026-01-14,-0.003750465981381978,,0.0017984353237909343,
2026-01-15,0.005296765286671372,,0.0017117040015499781,
2026-01-16,-0.00110335675200708,,-0.000990155947865794,
2026-01-17,2.83508456310732e-05,,1.3693161184376744e-07,
2026-01-18,2.83508456310732e-05,,1.3693161184376744e-07,-0.07663853656754892
2026-01-19,2.83508456310732e-05,,1.3693161184376744e-07,0.04721120854862082
2026-01-20,-0.009423758559574806,,-0.0002427923425316268,-0.009966067054749922
2026-01-21,-0.0009862132641758686,,0.00457909060142164,-0.012549804305632956
2026-01-22,0.009277281594449708,-0.013120011267042564,-0.007235414702232667,-0.0066888485287744165
2026-01-23,-0.0017792545920337767,0.005446799253341105,0.0231386169186757,-0.011816824434879036
2026-01-24,6.352150492590426e-07,0.0004674010951533241,0.0,0.014620602911364241
2026-01-25,6.352150492590426e-07,0.0023379347607006442,0.0,-0.005443952248582439
2026-01-26,0.0034355188563489113,0.03431732044601263,0.027879545069184063,-0.006290828474047237
2026-01-27,0.0010523402279062847,-0.025505543252872784,-0.003663677072168535,0.002771123718301083
2026-01-28,0.0025343921728308858,-0.015293385239771149,0.039391934624257934,0.004316755263149176
2026-01-29,-0.002785303773691049,0.004271473692813263,0.054012893018083104,-0.004471984555647019
2026-01-30,0.001461421543503675,0.048176334079606115,-0.08490540737920799,-0.008509934471197628
2026-01-31,0.0,0.01586840838993971,0.0,-0.006018672050415236
2026-02-01,0.0,0.04974445112666141,0.0,-0.019960893600860338
2026-02-02,0.004539988746784349,0.020008806801945025,-0.055053114839367,-0.004078862522340789
2026-02-03,0.0029751906144460803,-0.013147742980880874,0.009909234110771784,0.0026940229419759464
2026-02-04,0.005413118571803706,0.013697828193468773,0.005780000105973829,-0.006765162171870652
2026-02-05,-0.00020859399940801563,0.015476712389252162,-0.010532167385451313,-0.009937517974064817
2026-02-06,4.1589578923997165e-05,0.059330710292940424,0.00425389215524036,-0.027442205792593214
2026-02-07,0.0,-0.04635506380342429,0.00010027838677958855,0.01980309038511648
2026-02-08,0.0,0.001793668691798437,0.00010027838677958855,0.0031104468207494252
2026-02-09,0.008374442951415473,0.001677720682399788,0.0070363373042256466,-0.0003256511891091271
2026-02-10,0.0038614293643739676,0.0006145874937040893,0.0031634087382250886,0.0012259192644896244
2026-02-11,0.0028409277793990588,0.008120011360214292,-0.001639286989039168,-0.0006642908951773995
2026-02-12,0.00128086022587621,0.007171321684429312,0.001964985293989192,0.0002789076158648899
2026-02-13,-0.0107179022945946,-0.0021394901243929573,0.0074170458839493475,0.0013959296905125766
2026-02-14,0.0,-0.010322159935827777,3.8380155999915705e-05,0.0020731654358792243
2026-02-15,0.0,-0.01201876752077384,3.8380155999915705e-05,0.0005359411688864546
2026-02-16,0.0,0.00904425879995302,3.8380155999915705e-05,-0.001952359103048967
2026-02-17,0.0050221815384776675,-0.0019863919523705168,-0.0005416829907364203,0.003907316688334501
2026-02-18,-0.0016377587213099328,0.004084011412446581,-2.2508064261503842e-05,-0.0020557758769720663
2026-02-19,-0.0004965108848774628,0.006630408338458734,-0.0016215421552325797,-0.003091069027968162
2026-02-20,-0.0037518682963503707,0.00020381608296864644,0.0017937855504619737,0.005737741500904015
2026-02-21,3.463733345547071e-07,-0.007806714966092024,9.820924724117822e-07,0.0005570206172124313
2026-02-22,3.463733345547071e-07,0.0007352506904541753,9.820924724117822e-07,0.0035287002622915306
2026-02-23,0.0029266731491953218,0.00577208123584725,0.0008839662074208242,0.0015453421369941572
2026-02-24,-0.002767843521680931,0.011727169317925593,-0.005539802061929178,-0.008754495019255983
2026-02-25,0.005893304814633282,0.0024812978068704033,0.0015603072337588206,0.0021361666427331862
2026-02-26,0.0017656640822275753,-0.03265749774302353,-0.0018037713073231216,0.0019029262790809388
2026-02-27,-0.005946867948189738,0.00538413728169785,0.0019150969391603008,-0.0044935079191210925
2026-02-28,2.6363355779584815e-07,0.008449308880551589,1.0112529329142544e-06,-0.011054652550380009
2026-03-01,2.6363355779584815e-07,-0.005004409935116722,1.0112529329142544e-06,0.002228952767264196
2026-03-02,0.0023389320013145008,0.00601130230149777,0.003723852917735102,-0.012135760029383373
2026-03-03,-0.00853754209447326,-0.009091605437496299,-0.0030919647533550164,0.008802126180150648
2026-03-04,0.007587844120788905,0.0035265390633670967,-0.0033211904217393027,-0.023718982930921895
2026-03-05,-0.002140778098402783,-0.016012682594933072,0.0009216258300131317,0.028171540061237527
2026-03-06,-0.01177979025316907,,0.0020776153687976175,-0.012954133651274206
2026-03-07,3.9823218421463955e-07,,1.0670442267010687e-06,-0.013461531638117592
2026-03-08,3.9823218421463955e-07,0.0032115428687333318,1.0670442267010687e-06,-0.005281544997117033
2026-03-09,-0.005242535664764445,0.0049746415569876775,-0.002138493069957528,-0.004180213771159053
2026-03-10,0.008732167661904412,-0.00971795642794047,-0.0012284987042591445,0.01181586455551218
2026-03-11,-0.0019101684747866903,-0.005835995934910771,-0.0025686871853369034,0.0043349678407226845
2026-03-12,-0.009558987681065475,,0.0029009839246299605,0.007534407738269587
2026-03-13,-0.0008488297978208628,,0.0026784170605850077,-0.0006929519449858835
2026-03-14,1.1976501095906568e-06,,1.1879203743830119e-06,0.0065960759126158204
2026-03-15,1.1976501095906568e-06,,1.1879203743830119e-06,-7.21991498141427e-05
2026-03-16,-0.00020527622555882358,,-0.003286154208466718,0.015615732757847584
2026-03-17,0.003580898339936165,,-0.0023823902934321842,0.02631623018549805
2026-03-18,-0.0019549694765259593,,-0.0021558521467768487,-0.010682182593620748
2026-03-19,-0.007996550731452732,,-0.006910010433956184,-0.02011867442036292
2026-03-20,0.004501744141097128,,-0.0013245890417732831,-0.010991792078340301
2026-03-21,7.455072637867753e-05,-0.0026695020222514557,1.2509864781901399e-06,0.0026032188570737688
2026-03-22,7.455072637867753e-05,0.018000481008482463,1.2509864781901399e-06,-0.008260399789131942
2026-03-23,0.0007129513468694165,0.012080362851439383,-0.009675056726865547,-0.00537075606681072
2026-03-24,-0.003392466309887521,-0.02697148404420139,0.002041258081532457,0.015597807421211295
2026-03-25,0.009007780999924822,,-0.0005678611884280234,-0.0016689609471659632
2026-03-26,-0.003434162099712283,,0.002609145866623592,0.005830404088002305
2026-03-27,-0.007703551902781983,,0.0015407006484163043,-0.016964035670151673
2026-03-28,5.889723467275122e-05,0.021755335646574944,5.737156940907262e-05,-0.012215782572002447
2026-03-29,5.889723467275122e-05,0.0024041446950029944,5.737156940907262e-05,0.000585726355582662
2026-03-30,-0.0014910353359454905,0.005539265930755459,0.001885955028600558,0.004963274686853501
2026-03-31,-0.004535600368113955,-0.00652676886156951,-0.0014535084968839453,0.009209309840048589
2026-04-01,0.020428813771878513,-0.01117559940345619,-0.005438069500793361,0.016979664080887833
2026-04-02,-0.01388812584146499,-0.0027624631231968114,0.005790965894321614,0.004081710223341921
2026-04-03,1.1524661682306477e-05,0.023677073382714513,1.580534502801938e-05,-0.008488510454310594
2026-04-04,1.1524661682306477e-05,-0.007345114542700313,1.580534502801938e-05,-0.005335839084257341
2026-04-05,1.1524661682306477e-05,-0.004456054885455325,1.580534502801938e-05,0.015488427602569807
2026-04-06,0.017122489770280892,-0.00853480928612549,-0.001348785293628668,-0.003772586131996151
2026-04-07,0.0011335620157175152,,0.0007019264162771071,0.003595407193208687
2026-04-08,0.030567818978021515,,-0.00720840526578476,0.056037793537181864
2026-04-09,-0.004039159344040673,,0.002031151217420378,0.003465337683036711
2026-04-10,0.008322037846302461,,-0.0032260521592423824,0.019168765423223443
2026-04-11,1.3724399330112741e-06,,1.9183705426983196e-06,0.0029593428432269026
2026-04-12,1.3724399330112741e-06,,1.9183705426983196e-06,0.00040512163156049735
2026-04-13,-0.009132039809374938,,0.004320479503757362,-0.008571823548440473
2026-04-14,0.00200482203445453,,-0.00859477097376061,0.013486878784439809
2026-04-15,0.005603352183187945,,0.0003632741834240767,-0.007608062585991075
2026-04-16,0.0006908079970431814,,0.0010849134680268866,-0.0008709636326124859
2026-04-17,0.0041287606974547515,,-0.0036045767262160694,-0.0026542644093931105
2026-04-18,1.0902925650506242e-06,,1.9956336783137863e-06,-0.0003078169382057721
2026-04-19,1.0902925650506242e-06,,1.9956336783137863e-06,-0.006104003660588362
2026-04-20,0.005832133406400623,,0.003984213101167666,-0.013890872038512522
2026-04-21,-0.001736059776394888,,1.941935178160463e-06,0.007652093255212135
2026-04-22,-0.005601033084530726,,0.0032471023778726446,0.0025892735355549433
2026-04-23,-0.0007353531818785099,,0.0032365586528726306,0.002496021795854113
2026-04-24,0.006891064217275019,,-0.0010732343809644585,0.008053752892427565
2026-04-25,9.484442967285407e-07,,1.9231444593400527e-06,0.005376206916348862
2026-04-26,9.484442967285407e-07,,1.9231444593400527e-06,-0.001540988115427989
2026-04-27,-0.004306074469559192,,-0.0032280290766772413,0.0006882077134868929
2026-04-28,0.003840018954770278,,0.0043219449946394805,-0.003060987955884419
2026-04-29,-0.004961972096424188,,0.0010767457044280648,-0.007319707374771308
2026-04-30,0.0016561962979844448,,-0.00286292265943311,-0.005348879494297044
2026-05-01,0.01611750189577516,,-0.0053857378258759196,0.012369165775004784
2026-05-02,9.23450554388833e-07,,1.856411499804782e-06,0.025657504954642675
2026-05-03,9.23450554388833e-07,,1.856411499804782e-06,0.0005291363473266509
2026-05-04,-0.009365388951335549,,0.003612152074954134,-0.0006108015845244598
2026-05-05,-0.0023707650588929118,,0.0017993457029269592,0.006335299876218482
2026-05-06,0.005569671927680247,,-0.00502398097999922,0.011455691915113005
2026-05-07,0.0027702195984891467,,-0.0007199534093581576,-0.0029243385311769903
2026-05-08,-0.0010378479444343495,,,-0.012088174730401986
2026-05-09,4.1542059299947434e-07,,,0.003824294140134102
2026-05-10,4.1542059299947434e-07,,,-0.012144766367584894
2026-05-11,-0.00391651948333198,,,-0.006377986303046272
2026-05-12,0.001580853437602476,,,-0.017422107477456688
2026-05-13,-0.0006955918670902703,,,0.0038955338053619946
2026-05-14,0.007082784652599003,,,-0.028201774227851466
2026-05-15,-0.0008910098440259478,,,0.026160346712875624
2026-05-16,4.7392613877077354e-07,,,-0.025935732819053675
2026-05-17,4.7392613877077354e-07,,,-0.007392670410859325
2026-05-18,-0.005976280747822646,0.006205313262128839,,0.00244994180593231
2026-05-19,0.006883892844533376,0.002238637015970427,,0.004653469298155173
2026-05-20,0.0017685396142783525,0.005373959827649914,,-0.0007173971428317538
2026-05-21,0.0004640028271494245,-0.005699397337898334,0.00035676068684287833,0.02817841751746659
2026-05-22,0.00851915583867742,-0.006238517710608107,,-0.0008035107055822531
2026-05-23,7.768610537045757e-08,0.017602603057597907,,-0.0181965658616474
2026-05-24,7.768610537045757e-08,-0.011654134271941188,,0.014152684220092445
2026-05-25,7.768610537045757e-08,0.006950694466796352,,0.004653619855472838
2026-05-26,0.00405040777883738,-0.003664047471855208,-0.000353252672076054,-0.00182486185394842
2026-05-27,-0.0037615192395664162,0.011791850117948687,-0.0010641095652472149,-0.011962635161190125
2026-05-28,0.00018703506288021086,0.01223238490107891,0.0017806579508898625,-0.00848781740230923
2026-05-29,-0.00041444052224312187,0.008214650193419016,-0.0010874734893398634,-0.0037995131313678303
2026-05-30,1.6975154088970064e-07,5.4410057464220085e-05,7.243140646028975e-05,-0.0068162396074323865
2026-05-31,1.6975154088970064e-07,-0.02080046608178868,7.243140646028975e-05,-0.0005989773272055956
2026-06-01,-0.008642651755913049,0.003415480309684572,,0.014772832584937489
2026-06-02,-0.004787850327114369,0.014071580768626165,,-0.010702380053491474
2026-06-03,0.0008923428660441871,0.06562050186836399,,-0.017823469150719164
2026-06-04,0.009350717411876819,0.017524160625822634,,-0.012995548622334553
2026-06-05,-0.00010583238388401657,0.020044498587113834,0.0034962649844428014,-0.007152732231532516
2026-06-06,7.475230923780737e-07,0.045493796760231436,3.72226243797543e-05,-0.005251630634175732
2026-06-07,7.475230923780737e-07,0.004521942092777331,3.72226243797543e-05,0.004577210919808352
2026-06-08,-0.005336424197046554,-0.02306195367772809,,0.0024331978077004428
2026-06-09,-0.0003266672999771008,-0.001716955453151162,-0.0008756107227738763,-0.0014788837743819243
2026-06-10,0.004179807322018558,0.008149542440515387,0.0006796795338761943,-0.005953006111346133
2026-06-11,-0.004397859448787144,0.009783332121083222,0.003526986498448864,-0.005107909897966976
2026-06-12,0.009825564393594463,-0.015528349538974362,-0.004213406451352689,0.00645972829560578
2026-06-13,3.908086161440292e-07,0.0007494571987095014,1.945435135092561e-06,-0.0025661209466906042
2026-06-14,3.908086161440292e-07,-0.006943998916719419,1.945435135092561e-06,0.0010606654064829076
2026-06-15,0.004258369996285308,-0.009595228813698896,-0.0024686096944079934,0.004975178304432811
2026-06-16,0.001805209225525809,-0.005409592030225754,0.002477347535770341,0.011928142880170106
2026-06-17,-0.004065584089877761,0.002993477241509562,-0.000703329309555893,-0.0009453464169423154
2026-06-18,-0.010478458783535254,0.006891115259044058,0.01023912635331,0.005264854371637436
2026-06-19,1.5860328503061292e-20,0.010709080085555192,1.956099043291923e-06,-0.0001811848426196162
2026-06-20,1.5860328503061292e-20,0.002812385619675072,1.956099043291923e-06,-0.0055655647078834474
2026-06-21,1.5860328503061292e-20,-0.006425285924263469,1.956099043291923e-06,0.0029477553653187286
2026-06-22,-0.005720182637430741,0.006972793445937953,0.003844884542701352,-0.00048707677430364526
2026-06-23,-0.001698762199818856,-0.0025293866623593503,0.003137086395375089,0.005278389426406893
2026-06-24,0.003689611144158974,0.009484507510463373,0.003823449829654709,-0.006452865095203451
2026-06-25,0.0015512868965729025,0.010772901361548438,-0.0017294777718810247,-0.006521212990939887
2026-06-26,-0.0015677322371408305,0.009798839646928754,-0.0034681260781375877,-0.004888683853957891
2026-06-27,8.500244955168348e-07,-0.009492257184836015,1.6417608232214942e-06,0.0006824022966705468
2026-06-28,8.500244955168348e-07,0.007141056156556054,1.6417608232214942e-06,-0.02386783085256936
2026-06-29,0.01074885287502619,0.00167974272382813,0.0017422806116574796,-0.01104265411674795
2026-06-30,-0.0037811408788105847,-0.012207905755249776,0.0003490277773573838,0.03668783372307529
2026-07-01,-0.0017735954326556158,0.013120845668970128,0.0010436419418475241,-0.010444737223810282
2026-07-02,0.00889340939766128,-0.013649202454614881,-0.006590632766269733,0.020189310657147057
2026-07-03,5.507149942220634e-07,-0.019870903111865332,1.7520143626787441e-06,0.017762213395063706
2026-07-04,5.507149942220634e-07,-0.024079015012615224,1.7520143626787441e-06,0.016137450324201892
2026-07-05,5.507149942220634e-07,-0.006167114353822176,1.7520143626787441e-06,0.0011490221454539189
2026-07-06,0.009072336430837573,-0.0029371442858519008,0.003495056700787545,-0.0024996043814775244
2026-07-07,0.0050829186462360175,,-0.0017375755486084131,-0.003962456528250209
2026-07-08,-0.007879544759551431,,0.0024419310718357084,-0.0006292431892050364
2026-07-09,-0.008171549884554274,,-0.0020842824360838984,-0.013748751815294093
2026-07-10,0.006479102486140153,-0.0038073811988341808,0.0003502368967390027,0.008202478549726043
2026-07-11,3.8177877369275407e-07,,1.7739825054895842e-06,0.00732893124104095
2026-07-12,3.8177877369275407e-07,,1.7739825054895842e-06,-0.006699021029760875
2026-07-13,0.0031386237763424197,,0.0006983238744925319,-0.0010526648670163724
2026-07-14,-0.0017718682219959024,,-0.002086628504340574,-0.003929683022221168
2026-07-15,-0.0023507740261856677,-0.025727352026948192,0.0017460044596393184,0.016901059030663718
2026-07-16,0.003309216066734476,,-0.0031315128539522986,0.0006086811999727182
2026-07-17,0.00759572590458891,,0.003494884220605538,-0.00908282515907617
2026-07-18,5.121149942737438e-07,,1.796260795202428e-06,-0.0029900772748098275
2026-07-19,5.121149942737438e-07,,1.796260795202428e-06,0.002809451257986455
2026-07-20,-0.00588927111875795,,1.779854025405004e-06,-0.0009948591387311564
2026-07-21,-0.0071031687377381665,,0.0017422588768159228,0.004970292856153311
2026-07-22,0.006932036225803378,,1.7905540556766728e-06,0.0024979207514491783
2026-07-23,-0.004601998674751759,,0.0038248502374109814,-0.0029562743011321848
2026-07-24,0.003388246381314147,,0.0013865889217093135,-0.01167832170733182
2026-07-25,2.9588661527443983e-07,,1.7626144167881837e-06,-0.010293922733871086
2026-07-26,2.9588661527443983e-07,-0.01215468280917485,1.7626144167881837e-06,0.0010062361787453488
2026-07-27,0.012421124203414782,,-0.0006901427271138194,0.01981640774790508
2026-07-28,0.009892228697679518,,0.0010401866515995966,-0.02245745053763845
2026-07-29,0.0004509542008775973,-0.008268877012716034,-0.0006899014672617572,9.835403437839609e-05
2026-07-30,-0.0088005130897155,0.004109721360971326,-0.007265630225434787,-0.0033932247586689356
2026-07-31,-0.0009725955529812186,-0.014202595356915329,-0.004181542542428422,0.003027254337759422
2026-08-01,0.0,,1.6845047278525995e-06,-0.013392875266100822
2026-08-02,0.0,0.0037720459557543584,1.6845047278525995e-06,-0.0013932298170599231
2026-08-03,0.009559342344323946,-0.025847114979497952,-0.0022996319308075117,0.019657559025843478
2026-08-04,-0.0008916354844951949,0.001024532378412315,0.00102358996300342,-0.0014602070945377433
2026-08-05,0.014808652144820357,-0.0066087255572576855,-0.001456122507239598,0.0003567944458931156
2026-08-06,0.001403939218618807,,0.0005554796805799038,0.0017695772647729762
2026-08-07,-0.007702120972196436,,-0.001663256281706084,0.00622324213199073
2026-08-08,3.2883749625701935e-20,,3.117655170264187e-05,0.0004501680661982558
2026-08-09,3.2883749625701935e-20,,3.117655170264187e-05,0.0011186659875297876
2026-08-10,0.005167736712659974,,0.001807748310997444,-0.004339823289933536
2026-08-11,0.004158788710464803,,0.0009540457872145987,-0.0069734270390818896
2026-08-12,-0.0019056072388676432,-0.011788520840264853,-0.0014199287924583307,0.0024455618665074723
2026-08-13,0.00481388651595263,0.010823433896501028,0.0021086949632998656,-0.005838243644870943
2026-08-14,0.001547773351397152,-0.003766130797971236,-0.002450419798324131,0.0005260322086417604
2026-08-15,9.411361499762083e-08,0.006483737309443429,1.9411871958919943e-06,-0.003127754040572958
2026-08-16,9.411361499762083e-08,-0.002604225599510442,1.9411871958919943e-06,0.00556467434975148
2026-08-17,-0.00309990203386308,0.004090290685143138,-0.0014033230352091697,-0.0042697611730358066
2026-08-18,0.000716935329090251,-0.01173746740769059,0.0021121088999981026,0.00342693371221661
2026-08-19,0.003814266384515473,,-0.005963193697499933,-0.0005702787623662629
2026-08-20,-0.0022027349953162717,,-0.0024699064321304287,0.05211137567195301
2026-08-21,-0.0011852198786726502,,,0.029044438253005376
2026-08-22,0.0,,,0.05090605712962929
2026-08-23,0.0,,,0.01421146491549333
2026-08-24,0.0015041211853558572,,,0.009220725205197986
2026-08-25,0.0032683692982423854,,,-0.003344273253560996
2026-08-26,-5.9451812313146026e-05,,,-0.01816422384538561
2026-08-27,-0.0054795779128669715,,,0.015978368033238398
2026-08-28,0.0014832111933666156,,,0.002765546190239342
2026-08-29,4.89663274468159e-10,,,-0.007784204784881567
2026-08-30,4.89663274468159e-10,,,0.006511705781334309
2026-08-31,-0.0016253346503050622,,,-0.006905710236603252
2026-09-01,0.00016920194535774029,,,0.004504368896212261
2026-09-02,-0.003742273486137024,,,-0.005626722763567446
2026-09-03,2.804404542440061e-07,,,-0.0015719706713167648
2026-09-04,2.810416050161995e-07,,,0.016250776804281795
2026-09-05,2.810416050161995e-07,,,0.011561462807295737
